set_idx,option,opt_type,barrier,S0,K,r,kappa,long_var,xi,corr,v0,T,mc_1k_delta,mc_10k_delta,mc_100k_delta,cvae_1k_delta,cvae_10k_delta,cvae_100k_delta,mc_1k_n_paths,mc_10k_n_paths,mc_reference_n_paths,mc_dt,mc_seed,cvae_1k_n_samples,cvae_10k_n_samples,cvae_100k_n_samples,cvae_seed,delta_h,rho_h,v0_h,theta_h,mc_1k_abs_error,mc_10k_abs_error,cvae_1k_abs_error,cvae_10k_abs_error,cvae_100k_abs_error
0,van_call,call,,1.0,1.0,0.01915194503788923,2.292825616732376,0.031863598363651886,0.22418470839692672,-0.5778913460552227,0.10040759068816078,2.433,0.6457991597193402,0.6533785261701203,0.6530659631532848,0.6694319058086928,0.6611414676123084,0.657883036679402,1000,10000,100000,0.001,1234,1000,10000,100000,1234,0.01,0.0001915194503788923,0.001004075906881608,0.024329999999999997,0.007266803433944591,0.0003125630168354654,0.016365942655408028,0.008075504459023608,0.004817073526117155
0,van_put,put,,1.0,1.0,0.01915194503788923,2.292825616732376,0.031863598363651886,0.22418470839692672,-0.5778913460552227,0.10040759068816078,2.433,-0.3560457705607839,-0.3456827553309616,-0.3468712607963831,-0.3358018595028933,-0.341199391318861,-0.34345227416378715,1000,10000,100000,0.001,1234,1000,10000,100000,1234,0.01,0.0001915194503788923,0.001004075906881608,0.024329999999999997,0.009174509764400818,0.0011885054654214855,0.011069401293489767,0.0056718694775220735,0.003418986632595933
0,barr_call,call,0.8,1.0,1.0,0.01915194503788923,2.292825616732376,0.031863598363651886,0.22418470839692672,-0.5778913460552227,0.10040759068816078,2.433,0.7395018788688285,0.7242229418645163,0.7266283764023773,0.6495058397370967,0.6940500555326884,0.720160171231643,1000,10000,100000,0.001,1234,1000,10000,100000,1234,0.01,0.0001915194503788923,0.001004075906881608,0.024329999999999997,0.012873502466451137,0.0024054345378610176,0.07712253666528057,0.032578320869688926,0.00646820517073432
0,barr_put,put,0.8,1.0,1.0,0.01915194503788923,2.292825616732376,0.031863598363651886,0.22418470839692672,-0.5778913460552227,0.10040759068816078,2.433,0.010739936506996926,0.01459729201794234,0.004701618939326278,-0.016530830107976558,0.011153476811808904,0.017386194895511933,1000,10000,100000,0.001,1234,1000,10000,100000,1234,0.01,0.0001915194503788923,0.001004075906881608,0.024329999999999997,0.006038317567670648,0.009895673078616062,0.021232449047302836,0.006451857872482626,0.012684575956185655
1,van_call,call,,1.0,1.0,0.06221087710398319,1.9897399602520602,0.09951352062593716,0.46252850284369484,-0.1366850522396228,0.16343306103526367,0.779,0.6289468906444523,0.6354883520960836,0.6393098625137122,0.6537565491179953,0.6412269510981367,0.641787702425789,1000,10000,100000,0.001,1334,1000,10000,100000,1334,0.01,0.0006221087710398319,0.0016343306103526367,0.00779,0.01036297186925994,0.003821510417628682,0.014446686604283054,0.001917088584424409,0.002477839912076729
1,van_put,put,,1.0,1.0,0.06221087710398319,1.9897399602520602,0.09951352062593716,0.46252850284369484,-0.1366850522396228,0.16343306103526367,0.779,-0.3655838571249584,-0.3631606458309483,-0.35996716458056993,-0.35002310815481635,-0.3576429379045981,-0.3579297018746874,1000,10000,100000,0.001,1334,1000,10000,100000,1334,0.01,0.0006221087710398319,0.0016343306103526367,0.00779,0.0056166925443884574,0.0031934812503783827,0.009944056425753578,0.002324226675971819,0.002037462705882509
1,barr_call,call,0.8,1.0,1.0,0.06221087710398319,1.9897399602520602,0.09951352062593716,0.46252850284369484,-0.1366850522396228,0.16343306103526367,0.779,0.7021354433081828,0.6953707500212292,0.7156170709939819,0.7603858984120471,0.6467109571201973,0.698223419588867,1000,10000,100000,0.001,1334,1000,10000,100000,1334,0.01,0.0006221087710398319,0.0016343306103526367,0.00779,0.01348162768579908,0.020246320972752696,0.044768827418065205,0.06890611387378454,0.01739365140511484
1,barr_put,put,0.8,1.0,1.0,0.06221087710398319,1.9897399602520602,0.09951352062593716,0.46252850284369484,-0.1366850522396228,0.16343306103526367,0.779,-0.009026067365979374,0.017998959788286754,0.008561118376498693,0.01352351200282001,0.014898062567370637,0.024835117324839128,1000,10000,100000,0.001,1334,1000,10000,100000,1334,0.01,0.0006221087710398319,0.0016343306103526367,0.00779,0.017587185742478067,0.009437841411788061,0.004962393626321317,0.006336944190871944,0.016273998948340435
2,van_call,call,,1.0,1.0,0.04377277390071145,0.8268381202559041,0.13300874868920784,0.9381673831261723,-0.7649567738574891,0.009437777435456885,1.26,0.7824738763979197,0.792231771400649,0.7868392807551888,0.8072156133765204,0.7832894961007669,0.7831012402714332,1000,10000,100000,0.001,1434,1000,10000,100000,1434,0.01,0.0004377277390071145,9.437777435456885e-05,0.0126,0.004365404357269176,0.005392490645460213,0.02037633262133154,0.003549784654421906,0.003738040483755589
2,van_put,put,,1.0,1.0,0.04377277390071145,0.8268381202559041,0.13300874868920784,0.9381673831261723,-0.7649567738574891,0.009437777435456885,1.26,-0.21469016871582952,-0.21115771229006305,-0.21335455103519696,-0.19105710427779476,-0.2133911554013504,-0.21304214178516911,1000,10000,100000,0.001,1434,1000,10000,100000,1434,0.01,0.0004377277390071145,9.437777435456885e-05,0.0126,0.0013356176806325615,0.0021968387451339055,0.022297446757402195,3.660436615343654e-05,0.00031240925002784525
2,barr_call,call,0.8,1.0,1.0,0.04377277390071145,0.8268381202559041,0.13300874868920784,0.9381673831261723,-0.7649567738574891,0.009437777435456885,1.26,0.8155609143022963,0.8167844502490237,0.7980254545958617,0.7741587358390519,0.8000076008548601,0.7949641778315364,1000,10000,100000,0.001,1434,1000,10000,100000,1434,0.01,0.0004377277390071145,9.437777435456885e-05,0.0126,0.017535459706434553,0.01875899565316197,0.02386671875680979,0.0019821462589983962,0.003061276764325327
2,barr_put,put,0.8,1.0,1.0,0.04377277390071145,0.8268381202559041,0.13300874868920784,0.9381673831261723,-0.7649567738574891,0.009437777435456885,1.26,-0.03866187755013108,-0.021320052771098448,-0.016908402814299478,-0.009639011340278154,-0.016364199659199812,-0.01507945938569585,1000,10000,100000,0.001,1434,1000,10000,100000,1434,0.01,0.0004377277390071145,9.437777435456885e-05,0.0126,0.0217534747358316,0.00441164995679897,0.007269391474021324,0.0005442031550996658,0.0018289434286036278
3,van_call,call,,1.0,1.0,0.07853585837137693,1.186376668088441,0.0022139310373719408,0.705846506786411,-0.43624933657016196,0.04268797260030527,1.5310000000000001,0.8490892465882638,0.8606306822373344,0.8591388832151103,0.8427049411050269,0.8328916504230788,0.832081693887729,1000,10000,100000,0.001,1534,1000,10000,100000,1534,0.01,0.0007853585837137693,0.00042687972600305267,0.015310000000000002,0.010049636626846548,0.0014917990222240718,0.01643394211008342,0.02624723279203156,0.027057189327381326
3,van_put,put,,1.0,1.0,0.07853585837137693,1.186376668088441,0.0022139310373719408,0.705846506786411,-0.43624933657016196,0.04268797260030527,1.5310000000000001,-0.14647105923807843,-0.13993519954871683,-0.14062424730575082,-0.14883843214131137,-0.15788305689432292,-0.15788569949313283,1000,10000,100000,0.001,1534,1000,10000,100000,1534,0.01,0.0007853585837137693,0.00042687972600305267,0.015310000000000002,0.005846811932327611,0.0006890477570339892,0.00821418483556055,0.017258809588572094,0.01726145218738201
3,barr_call,call,0.8,1.0,1.0,0.07853585837137693,1.186376668088441,0.0022139310373719408,0.705846506786411,-0.43624933657016196,0.04268797260030527,1.5310000000000001,0.8948732577102325,0.8684401489133936,0.8832148391365591,0.8130430907591163,0.9049566412786314,0.8732533833517853,1000,10000,100000,0.001,1534,1000,10000,100000,1534,0.01,0.0007853585837137693,0.00042687972600305267,0.015310000000000002,0.011658418573673446,0.014774690223165465,0.07017174837744278,0.02174180214207233,0.00996145578477381
3,barr_put,put,0.8,1.0,1.0,0.07853585837137693,1.186376668088441,0.0022139310373719408,0.705846506786411,-0.43624933657016196,0.04268797260030527,1.5310000000000001,-0.009411402526428563,-0.022195130382519305,-0.017488927242839247,-0.028244426409050657,-0.01130334479548566,-0.021863520611491636,1000,10000,100000,0.001,1534,1000,10000,100000,1534,0.01,0.0007853585837137693,0.00042687972600305267,0.015310000000000002,0.008077524716410683,0.004706203139680058,0.010755499166211411,0.006185582447353587,0.004374593368652389
4,van_call,call,,1.0,1.0,0.07799758081188035,1.8639363603367518,0.11467989166835264,0.4773068338349076,-0.9734397490630055,0.020522383468282862,1.555,0.7580975621462177,0.7720853867225486,0.7666258805635845,0.7711752207652967,0.7713560492054045,0.768923444715508,1000,10000,100000,0.001,1634,1000,10000,100000,1634,0.01,0.0007799758081188036,0.00020522383468282862,0.01555,0.008528318417366787,0.005459506158964067,0.00454934020171216,0.004730168641819965,0.0022975641519235035
4,van_put,put,,1.0,1.0,0.07799758081188035,1.8639363603367518,0.11467989166835264,0.4773068338349076,-0.9734397490630055,0.020522383468282862,1.555,-0.2419142472708788,-0.22963132080506543,-0.23317261687540308,-0.22566597375871938,-0.22845033576166796,-0.23037873248425988,1000,10000,100000,0.001,1634,1000,10000,100000,1634,0.01,0.0007799758081188036,0.00020522383468282862,0.01555,0.008741630395475708,0.0035412960703376517,0.007506643116683698,0.004722281113735127,0.0027938843911431976
4,barr_call,call,0.8,1.0,1.0,0.07799758081188035,1.8639363603367518,0.11467989166835264,0.4773068338349076,-0.9734397490630055,0.020522383468282862,1.555,0.8493722496579814,0.8249541759429047,0.86172036850162,0.887333075094493,0.8813670564866094,0.865493751225907,1000,10000,100000,0.001,1634,1000,10000,100000,1634,0.01,0.0007799758081188036,0.00020522383468282862,0.01555,0.012348118843638622,0.03676619255871538,0.025612706592872958,0.019646687984989364,0.0037733827242869555
4,barr_put,put,0.8,1.0,1.0,0.07799758081188035,1.8639363603367518,0.11467989166835264,0.4773068338349076,-0.9734397490630055,0.020522383468282862,1.555,-0.008232452956691803,-0.0019047756689729873,0.0008461921125451494,0.028769437719352663,0.02312073507628378,0.004188030395062834,1000,10000,100000,0.001,1634,1000,10000,100000,1634,0.01,0.0007799758081188036,0.00020522383468282862,0.01555,0.009078645069236953,0.0027509677815181367,0.027923245606807513,0.022274542963738632,0.0033418382825176843
5,van_call,call,,1.0,1.0,0.027259260528264162,1.7970848823420655,0.06041869923889445,0.611799950856493,-0.6199485458633417,0.0017125253846547242,1.067,0.6979611600206048,0.7021815449687635,0.7030428617088025,0.7029903020011066,0.6997293111871569,0.706466231623698,1000,10000,100000,0.001,1734,1000,10000,100000,1734,0.01,0.0002725926052826416,1.7125253846547243e-05,0.010669999999999999,0.0050817016881976595,0.0008613167400389754,5.255970769590945e-05,0.003313550521645614,0.0034233699148955576
5,van_put,put,,1.0,1.0,0.027259260528264162,1.7970848823420655,0.06041869923889445,0.611799950856493,-0.6199485458633417,0.0017125253846547242,1.067,-0.30274286928475763,-0.29787238132215205,-0.2969867490146792,-0.29565665383413997,-0.29856049884989033,-0.2931414355532083,1000,10000,100000,0.001,1734,1000,10000,100000,1734,0.01,0.0002725926052826416,1.7125253846547243e-05,0.010669999999999999,0.005756120270078435,0.00088563230747285,0.0013300951805392258,0.0015737498352111357,0.0038453134614708784
5,barr_call,call,0.8,1.0,1.0,0.027259260528264162,1.7970848823420655,0.06041869923889445,0.611799950856493,-0.6199485458633417,0.0017125253846547242,1.067,0.7223119557814878,0.7149353524231169,0.7127613269314672,0.6960369953565387,0.7106123071614512,0.7092351066468161,1000,10000,100000,0.001,1734,1000,10000,100000,1734,0.01,0.0002725926052826416,1.7125253846547243e-05,0.010669999999999999,0.00955062885002056,0.0021740254916496893,0.016724331574928475,0.002149019770016025,0.003526220284651105
5,barr_put,put,0.8,1.0,1.0,0.027259260528264162,1.7970848823420655,0.06041869923889445,0.611799950856493,-0.6199485458633417,0.0017125253846547242,1.067,-0.0850612239302613,-0.06688952795452958,-0.054938983147944515,-0.020818216738928245,-0.04624902392982178,-0.057160877429349166,1000,10000,100000,0.001,1734,1000,10000,100000,1734,0.01,0.0002725926052826416,1.7125253846547243e-05,0.010669999999999999,0.03012224078231679,0.01195054480658507,0.03412076640901627,0.008689959218122732,0.0022218942814046516
6,van_call,call,,1.0,1.0,0.02764642551430967,4.5755391648783315,0.025158997598733822,0.1375396159075644,-0.6381649029232556,0.036234683050996065,0.406,0.6087768082383531,0.5999053170037738,0.5993314357819912,0.5957553290407577,0.6004096963278714,0.6026766513167824,1000,10000,100000,0.001,1834,1000,10000,100000,1834,0.01,0.00027646425514309673,0.00036234683050996065,0.00406,0.0094453724563619,0.0005738812217825906,0.0035761067412335423,0.0010782605458802275,0.0033452155347911683
6,van_put,put,,1.0,1.0,0.02764642551430967,4.5755391648783315,0.025158997598733822,0.1375396159075644,-0.6381649029232556,0.036234683050996065,0.406,-0.3909587934160727,-0.40001667065224716,-0.40075294527742095,-0.40471998252230856,-0.3997366599532488,-0.3974638110287143,1000,10000,100000,0.001,1834,1000,10000,100000,1834,0.01,0.00027646425514309673,0.00036234683050996065,0.00406,0.009794151861348244,0.0007362746251737828,0.003967037244887617,0.0010162853241721392,0.0032891342487066377
6,barr_call,call,0.8,1.0,1.0,0.02764642551430967,4.5755391648783315,0.025158997598733822,0.1375396159075644,-0.6381649029232556,0.036234683050996065,0.406,0.6087768082383531,0.5999053170607803,0.5995493674146125,0.5957553290407577,0.6002093025166959,0.6028766767569804,1000,10000,100000,0.001,1834,1000,10000,100000,1834,0.01,0.00027646425514309673,0.00036234683050996065,0.00406,0.009227440823740607,0.000355949646167808,0.0037940383738548356,0.0006599351020833977,0.0033273093423679123
6,barr_put,put,0.8,1.0,1.0,0.02764642551430967,4.5755391648783315,0.025158997598733822,0.1375396159075644,-0.6381649029232556,0.036234683050996065,0.406,-0.20814098221487615,-0.23294171329547933,-0.22805306163028102,-0.2801855432647014,-0.2271128632074331,-0.22856406066905435,1000,10000,100000,0.001,1834,1000,10000,100000,1834,0.01,0.00027646425514309673,0.00036234683050996065,0.00406,0.019912079415404876,0.004888651665198307,0.052132481634420386,0.0009401984228479265,0.0005109990387733299
7,van_call,call,,1.0,1.0,0.08018721775350193,4.242806331752232,0.08442698759873137,0.9960707147944412,-0.9087564750701501,0.16840377142426002,1.958,0.7976291324256479,0.7814215100382854,0.7887921832880673,0.7856837935852984,0.7884831662199193,0.7921333036042866,1000,10000,100000,0.001,1934,1000,10000,100000,1934,0.01,0.0008018721775350194,0.0016840377142426002,0.01958,0.008836949137580596,0.007370673249781912,0.0031083897027689433,0.0003090170681480098,0.003341120316219248
7,van_put,put,,1.0,1.0,0.08018721775350193,4.242806331752232,0.08442698759873137,0.9960707147944412,-0.9087564750701501,0.16840377142426002,1.958,-0.20387465593730142,-0.21658621315955306,-0.21238405536073146,-0.21928206704579095,-0.21499321929915743,-0.2105298883628301,1000,10000,100000,0.001,1934,1000,10000,100000,1934,0.01,0.0008018721775350194,0.0016840377142426002,0.01958,0.008509399423430042,0.004202157798821604,0.006898011685059491,0.0026091639384259735,0.001854166997901363
7,barr_call,call,0.8,1.0,1.0,0.08018721775350193,4.242806331752232,0.08442698759873137,0.9960707147944412,-0.9087564750701501,0.16840377142426002,1.958,0.8359194161195821,0.941887192402377,0.9295893569097297,0.980520383675218,0.9025607850807249,0.9329043032881623,1000,10000,100000,0.001,1934,1000,10000,100000,1934,0.01,0.0008018721775350194,0.0016840377142426002,0.01958,0.09366994079014757,0.012297835492647291,0.05093102676548833,0.027028571829004755,0.0033149463784326594
7,barr_put,put,0.8,1.0,1.0,0.08018721775350193,4.242806331752232,0.08442698759873137,0.9960707147944412,-0.9087564750701501,0.16840377142426002,1.958,-0.004066499582162106,0.004974959621268423,0.0019599393721749674,-0.013192689295634588,-0.006142920687103571,0.0010731969866002982,1000,10000,100000,0.001,1934,1000,10000,100000,1934,0.01,0.0008018721775350194,0.0016840377142426002,0.01958,0.006026438954337073,0.0030150202490934557,0.015152628667809556,0.008102860059278539,0.0008867423855746692
8,van_call,call,,1.0,1.0,0.09581393536837052,1.5461970093427224,0.10693284744798107,0.6571037972046864,-0.9547464662623187,0.0005325770826653819,0.539,0.7975570124467951,0.7827850483371742,0.7909536284288129,0.7914593029748063,0.795623276940019,0.7943100508262663,1000,10000,100000,0.001,2034,1000,10000,100000,2034,0.01,0.0009581393536837051,5.325770826653819e-06,0.005390000000000001,0.006603384017982217,0.008168580091638677,0.0005056745459933731,0.004669648511206104,0.0033564223974533736
8,van_put,put,,1.0,1.0,0.09581393536837052,1.5461970093427224,0.10693284744798107,0.6571037972046864,-0.9547464662623187,0.0005325770826653819,0.539,-0.20231477977803133,-0.21622909607908192,-0.2092563104087168,-0.20835259194580089,-0.20558533584079766,-0.2056829787307212,1000,10000,100000,0.001,2034,1000,10000,100000,2034,0.01,0.0009581393536837051,5.325770826653819e-06,0.005390000000000001,0.006941530630685477,0.006972785670365106,0.0009037184629159256,0.0036709745679191497,0.003573331677995617
8,barr_call,call,0.8,1.0,1.0,0.09581393536837052,1.5461970093427224,0.10693284744798107,0.6571037972046864,-0.9547464662623187,0.0005325770826653819,0.539,0.8071187698526452,0.7819685327583981,0.7918189028177077,0.7835657951488245,0.7966018285107734,0.7939300926241732,1000,10000,100000,0.001,2034,1000,10000,100000,2034,0.01,0.0009581393536837051,5.325770826653819e-06,0.005390000000000001,0.015299867034937464,0.009850370059309665,0.008253107668883208,0.004782925693065709,0.002111189806465519
8,barr_put,put,0.8,1.0,1.0,0.09581393536837052,1.5461970093427224,0.10693284744798107,0.6571037972046864,-0.9547464662623187,0.0005325770826653819,0.539,-0.06263874491571966,-0.045242067260070976,-0.054794671260320615,-0.044144138267219676,-0.03697684943504316,-0.045976180678337135,1000,10000,100000,0.001,2034,1000,10000,100000,2034,0.01,0.0009581393536837051,5.325770826653819e-06,0.005390000000000001,0.007844073655399048,0.00955260400024964,0.010650532993100939,0.017817821825277455,0.00881849058198348
9,van_call,call,,1.0,1.0,0.08759326347420948,3.9311963133831176,0.09906009723280663,0.8015195113986148,-0.6575484867052267,0.06380434855938608,0.666,0.6918504577338432,0.70713973293514,0.712273433801841,0.7064046238233007,0.7141161516406869,0.7163722584848209,1000,10000,100000,0.001,2134,1000,10000,100000,2134,0.01,0.0008759326347420949,0.0006380434855938607,0.00666,0.02042297606799781,0.005133700866701063,0.005868809978540335,0.0018427178388458199,0.00409882468297984
9,van_put,put,,1.0,1.0,0.08759326347420948,3.9311963133831176,0.09906009723280663,0.8015195113986148,-0.6575484867052267,0.06380434855938608,0.666,-0.304861415994348,-0.2929361286114804,-0.28754412706283106,-0.297132082720275,-0.28692126644876415,-0.28449015318588106,1000,10000,100000,0.001,2134,1000,10000,100000,2134,0.01,0.0008759326347420949,0.0006380434855938607,0.00666,0.01731728893151696,0.005392001548649328,0.00958795565744397,0.0006228606140669113,0.0030539738769500002
9,barr_call,call,0.8,1.0,1.0,0.08759326347420948,3.9311963133831176,0.09906009723280663,0.8015195113986148,-0.6575484867052267,0.06380434855938608,0.666,0.7369569147961371,0.7331259814066889,0.7421552768608605,0.7633526964565207,0.7220132284321723,0.7327624178633751,1000,10000,100000,0.001,2134,1000,10000,100000,2134,0.01,0.0008759326347420949,0.0006380434855938607,0.00666,0.00519836206472335,0.009029295454171526,0.02119741959566024,0.020142048428688164,0.00939285899748532
9,barr_put,put,0.8,1.0,1.0,0.08759326347420948,3.9311963133831176,0.09906009723280663,0.8015195113986148,-0.6575484867052267,0.06380434855938608,0.666,-0.05241047122402382,-0.024485706755431914,-0.019793658394522476,0.018866078501658494,-0.009666996124891702,-0.009330468972771483,1000,10000,100000,0.001,2134,1000,10000,100000,2134,0.01,0.0008759326347420949,0.0006380434855938607,0.00666,0.032616812829501345,0.0046920483609094385,0.03865973689618097,0.010126662269630774,0.010463189421750993
10,van_call,call,,1.0,1.0,0.03578172699578667,1.637543321288439,0.02115010201032699,0.9382047718135103,-0.6445860246837184,0.0024288597843527136,0.266,0.7974382657988662,0.7815632382731138,0.7792580216186423,0.7699935180501185,0.7658217869488639,0.7654258497968895,1000,10000,100000,0.001,2234,1000,10000,100000,2234,0.01,0.0003578172699578667,2.4288597843527137e-05,0.00266,0.018180244180223903,0.002305216654471476,0.009264503568523819,0.01343623466977839,0.013832171821752781
10,van_put,put,,1.0,1.0,0.03578172699578667,1.637543321288439,0.02115010201032699,0.9382047718135103,-0.6445860246837184,0.0024288597843527136,0.266,-0.20316636622073128,-0.21890735489804772,-0.22052305279500803,-0.22646230567405795,-0.23101881167300245,-0.2314483278378656,1000,10000,100000,0.001,2234,1000,10000,100000,2234,0.01,0.0003578172699578667,2.4288597843527137e-05,0.00266,0.017356686574276747,0.0016156978969603109,0.005939252879049922,0.010495758877994421,0.010925275042857563
10,barr_call,call,0.8,1.0,1.0,0.03578172699578667,1.637543321288439,0.02115010201032699,0.9382047718135103,-0.6445860246837184,0.0024288597843527136,0.266,0.7987474054641657,0.7816056998952603,0.7792807892375652,0.7699935180501185,0.7657173599087813,0.7654852588196925,1000,10000,100000,0.001,2234,1000,10000,100000,2234,0.01,0.0003578172699578667,2.4288597843527137e-05,0.00266,0.01946661622660051,0.002324910657695134,0.009287271187446655,0.01356342932878385,0.013795530417872626
10,barr_put,put,0.8,1.0,1.0,0.03578172699578667,1.637543321288439,0.02115010201032699,0.9382047718135103,-0.6445860246837184,0.0024288597843527136,0.266,-0.17281659219804124,-0.1795606047465116,-0.185554617464956,-0.20011477306096456,-0.1929697310684507,-0.1991118768010184,1000,10000,100000,0.001,2234,1000,10000,100000,2234,0.01,0.0003578172699578667,2.4288597843527137e-05,0.00266,0.012738025266914754,0.005994012718444408,0.014560155596008567,0.0074151136034947,0.013557259336062416
11,van_call,call,,1.0,1.0,0.050099512552345876,0.9088410175594575,0.0027722747139764825,0.4074567044170472,-0.004161761951331111,0.013130930147272965,2.753,0.9080189831352031,0.8880414614932497,0.8900425989177785,0.9154578330427765,0.9029580727243885,0.9029152342063196,1000,10000,100000,0.001,2334,1000,10000,100000,2334,0.01,0.0005009951255234588,0.00013130930147272965,0.027530000000000002,0.017976384217424646,0.002001137424528787,0.02541523412499802,0.012915473806610067,0.012872635288541101
11,van_put,put,,1.0,1.0,0.050099512552345876,0.9088410175594575,0.0027722747139764825,0.4074567044170472,-0.004161761951331111,0.013130930147272965,2.753,-0.09778848343472389,-0.11099512861249307,-0.1100857984626797,-0.1016036345056306,-0.11814051948443455,-0.11899777664719866,1000,10000,100000,0.001,2334,1000,10000,100000,2334,0.01,0.0005009951255234588,0.00013130930147272965,0.027530000000000002,0.012297315027955807,0.0009093301498133699,0.008482163957049094,0.008054721021754849,0.008911978184518957
11,barr_call,call,0.8,1.0,1.0,0.050099512552345876,0.9088410175594575,0.0027722747139764825,0.4074567044170472,-0.004161761951331111,0.013130930147272965,2.753,0.9155870874073185,0.920131871696131,0.9060936201612357,0.9454058515852182,0.93583209186478,0.9495754673441409,1000,10000,100000,0.001,2334,1000,10000,100000,2334,0.01,0.0005009951255234588,0.00013130930147272965,0.027530000000000002,0.009493467246082798,0.01403825153489524,0.039312231423982436,0.029738471703544267,0.04348184718290515
11,barr_put,put,0.8,1.0,1.0,0.050099512552345876,0.9088410175594575,0.0027722747139764825,0.4074567044170472,-0.004161761951331111,0.013130930147272965,2.753,-0.05601035693177333,-0.03213807106166502,-0.03596777406692925,-0.06379223275687412,-0.045856483555867286,-0.043601822574925675,1000,10000,100000,0.001,2334,1000,10000,100000,2334,0.01,0.0005009951255234588,0.00013130930147272965,0.027530000000000002,0.02004258286484408,0.0038297030052642303,0.027824458689944875,0.009888709488938038,0.007634048507996427
12,van_call,call,,1.0,1.0,0.06834629351721364,1.2770405106875868,0.05113514122579749,0.8301692795266384,-0.055795428146512616,0.254163140643501,2.509,0.7592267741628966,0.7583307629570324,0.7516980541420359,0.7623652265632164,0.7565481744424285,0.762247228527102,1000,10000,100000,0.001,2434,1000,10000,100000,2434,0.01,0.0006834629351721364,0.0025416314064350097,0.02509,0.007528720020860691,0.006632708814996446,0.010667172421180426,0.0048501203003925575,0.010549174385066085
12,van_put,put,,1.0,1.0,0.06834629351721364,1.2770405106875868,0.05113514122579749,0.8301692795266384,-0.055795428146512616,0.254163140643501,2.509,-0.24118025715305497,-0.24135827818256572,-0.24655994762378952,-0.24486726500780043,-0.24608239372012758,-0.2426730036553748,1000,10000,100000,0.001,2434,1000,10000,100000,2434,0.01,0.0006834629351721364,0.0025416314064350097,0.02509,0.005379690470734555,0.0052016694412238,0.001692682615989094,0.0004775539036619425,0.0038869439684147133
12,barr_call,call,0.8,1.0,1.0,0.06834629351721364,1.2770405106875868,0.05113514122579749,0.8301692795266384,-0.055795428146512616,0.254163140643501,2.509,0.8693862048043288,0.9231071183643635,0.928374507915769,0.8861150392890954,0.9970168743593244,0.9125290252031376,1000,10000,100000,0.001,2434,1000,10000,100000,2434,0.01,0.0006834629351721364,0.0025416314064350097,0.02509,0.05898830311144021,0.005267389551405488,0.042259468626673624,0.06864236644355537,0.01584548271263142
12,barr_put,put,0.8,1.0,1.0,0.06834629351721364,1.2770405106875868,0.05113514122579749,0.8301692795266384,-0.055795428146512616,0.254163140643501,2.509,-0.011080747158272349,0.0024033748520775654,0.0016047330611744948,0.006667850128192886,0.0019651301925373245,0.005609721961091275,1000,10000,100000,0.001,2434,1000,10000,100000,2434,0.01,0.0006834629351721364,0.0025416314064350097,0.02509,0.012685480219446843,0.0007986417909030706,0.0050631170670183915,0.0003603971313628296,0.00400498889991678
13,van_call,call,,1.0,1.0,0.07127020269829003,1.965442493972017,0.040491737976482756,0.8854388219849796,-0.8688558881616036,0.03192898343521296,0.561,0.7900404579568365,0.8057138668193908,0.8078542437196828,0.8021779246738553,0.791725705629194,0.7926713519108175,1000,10000,100000,0.001,2534,1000,10000,100000,2534,0.01,0.0007127020269829002,0.0003192898343521296,0.00561,0.017813785762846313,0.002140376900292007,0.005676319045827549,0.016128538090488864,0.01518289180886534
13,van_put,put,,1.0,1.0,0.07127020269829003,1.965442493972017,0.040491737976482756,0.8854388219849796,-0.8688558881616036,0.03192898343521296,0.561,-0.20401189499528252,-0.19437006584408015,-0.1925915182326328,-0.19250416124141217,-0.20431185434682878,-0.20270762019306554,1000,10000,100000,0.001,2534,1000,10000,100000,2534,0.01,0.0007127020269829002,0.0003192898343521296,0.00561,0.011420376762649731,0.0017785476114473564,8.735699122061624e-05,0.011720336114195984,0.01011610196043275
13,barr_call,call,0.8,1.0,1.0,0.07127020269829003,1.965442493972017,0.040491737976482756,0.8854388219849796,-0.8688558881616036,0.03192898343521296,0.561,0.7990755515671618,0.8063986309032656,0.8086405382020836,0.7967281100319135,0.7929097320862762,0.7899281902520857,1000,10000,100000,0.001,2534,1000,10000,100000,2534,0.01,0.0007127020269829002,0.0003192898343521296,0.00561,0.00956498663492178,0.0022419072988180133,0.01191242817017013,0.01573080611580735,0.018712347949997876
13,barr_put,put,0.8,1.0,1.0,0.07127020269829003,1.965442493972017,0.040491737976482756,0.8854388219849796,-0.8688558881616036,0.03192898343521296,0.561,-0.045893102818761376,-0.04607469764853688,-0.04451036232227309,-0.04387595622488962,-0.05413028572074305,-0.055488712689075875,1000,10000,100000,0.001,2534,1000,10000,100000,2534,0.01,0.0007127020269829002,0.0003192898343521296,0.00561,0.0013827404964882883,0.0015643353262637938,0.0006344060973834664,0.00961992339846996,0.010978350366802787
14,van_call,call,,1.0,1.0,0.03702507547903949,3.183941731516333,0.04646741421588204,0.6993894025602161,-0.4816449445252132,0.008354130858703849,2.616,0.7200120247132902,0.7340541962628705,0.7284871317686126,0.7345639280162741,0.7309296088949063,0.7342393144736115,1000,10000,100000,0.001,2634,1000,10000,100000,2634,0.01,0.0003702507547903949,8.35413085870385e-05,0.026160000000000003,0.008475107055322395,0.005567064494257923,0.006076796247661553,0.0024424771262937517,0.005752182704998887
14,van_put,put,,1.0,1.0,0.03702507547903949,3.183941731516333,0.04646741421588204,0.6993894025602161,-0.4816449445252132,0.008354130858703849,2.616,-0.2859411539151896,-0.2672814061207257,-0.2704574696862791,-0.2659917182467622,-0.26923988250800446,-0.2653641320642844,1000,10000,100000,0.001,2634,1000,10000,100000,2634,0.01,0.0003702507547903949,8.35413085870385e-05,0.026160000000000003,0.0154836842289105,0.0031760635655533886,0.004465751439516885,0.0012175871782746372,0.005093337621994709
14,barr_call,call,0.8,1.0,1.0,0.03702507547903949,3.183941731516333,0.04646741421588204,0.6993894025602161,-0.4816449445252132,0.008354130858703849,2.616,0.7272717295324915,0.7852406457327571,0.8099859970688406,0.753881138917406,0.7961174184867692,0.8086272128870337,1000,10000,100000,0.001,2634,1000,10000,100000,2634,0.01,0.0003702507547903949,8.35413085870385e-05,0.026160000000000003,0.08271426753634903,0.024745351336083465,0.05610485815143451,0.013868578582071356,0.0013587841818069046
14,barr_put,put,0.8,1.0,1.0,0.03702507547903949,3.183941731516333,0.04646741421588204,0.6993894025602161,-0.4816449445252132,0.008354130858703849,2.616,-0.018050785665609664,-0.01143302725188553,0.002341162154242786,-0.01714107441104654,0.014494628690599285,0.004501688198048793,1000,10000,100000,0.001,2634,1000,10000,100000,2634,0.01,0.0003702507547903949,8.35413085870385e-05,0.026160000000000003,0.02039194781985245,0.013774189406128316,0.019482236565289326,0.012153466536356499,0.002160526043806007
15,van_call,call,,1.0,1.0,0.0561196186065625,0.23810406110590582,0.010422600249664196,0.6299078933593472,-0.5227546246500383,0.09179254995686877,1.571,0.7683208676777603,0.7898844705867908,0.7856822314538853,0.7859023207708871,0.7802797669291872,0.7771130725669984,1000,10000,100000,0.001,2734,1000,10000,100000,2734,0.01,0.000561196186065625,0.0009179254995686876,0.01571,0.01736136377612496,0.004202239132905516,0.00022008931700179257,0.0054024645246980585,0.008569158886886918
15,van_put,put,,1.0,1.0,0.0561196186065625,0.23810406110590582,0.010422600249664196,0.6299078933593472,-0.5227546246500383,0.09179254995686877,1.571,-0.21772780509994455,-0.21101672663288717,-0.21274712609176682,-0.19707317266606794,-0.20351843943340747,-0.2067192429550363,1000,10000,100000,0.001,2734,1000,10000,100000,2734,0.01,0.000561196186065625,0.0009179254995686876,0.01571,0.004980679008177724,0.00173039945887965,0.015673953425698883,0.009228686658359353,0.0060278831367305274
15,barr_call,call,0.8,1.0,1.0,0.0561196186065625,0.23810406110590582,0.010422600249664196,0.6299078933593472,-0.5227546246500383,0.09179254995686877,1.571,0.7189929465695105,0.8485095050230984,0.8437472894886888,0.8490970426442007,0.8748098913946761,0.8442576351031877,1000,10000,100000,0.001,2734,1000,10000,100000,2734,0.01,0.000561196186065625,0.0009179254995686876,0.01571,0.12475434291917831,0.004762215534409586,0.005349753155511894,0.031062601905987308,0.0005103456144989194
15,barr_put,put,0.8,1.0,1.0,0.0561196186065625,0.23810406110590582,0.010422600249664196,0.6299078933593472,-0.5227546246500383,0.09179254995686877,1.571,-0.011777495525868483,-0.007537123014248566,-0.008667547090501293,-0.0009374156333574052,-0.009737461518034233,-0.01060647762760685,1000,10000,100000,0.001,2734,1000,10000,100000,2734,0.01,0.000561196186065625,0.0009179254995686876,0.01571,0.0031099484353671897,0.0011304240762527278,0.007730131457143888,0.0010699144275329395,0.0019389305371055564
16,van_call,call,,1.0,1.0,0.050308316530780973,3.2186766539351472,0.001375268732471485,0.9040170342694063,-0.5988935913394751,0.003189424398428033,0.47200000000000003,0.8159151558058887,0.8235598361759543,0.8238769616272852,0.7637138414900414,0.768433254537252,0.7709171944344503,1000,10000,100000,0.001,2834,1000,10000,100000,2834,0.01,0.0005030831653078097,3.189424398428033e-05,0.00472,0.007961805821396495,0.00031712545133089076,0.060163120137243786,0.05544370709003321,0.052959767192834906
16,van_put,put,,1.0,1.0,0.050308316530780973,3.2186766539351472,0.001375268732471485,0.9040170342694063,-0.5988935913394751,0.003189424398428033,0.47200000000000003,-0.1857049440203878,-0.17623043039468356,-0.17603715503013376,-0.21644363978554937,-0.21340001307935275,-0.21106850007391303,1000,10000,100000,0.001,2834,1000,10000,100000,2834,0.01,0.0005030831653078097,3.189424398428033e-05,0.00472,0.009667788990254056,0.00019327536454979977,0.04040648475541561,0.03736285804921899,0.03503134504377928
16,barr_call,call,0.8,1.0,1.0,0.050308316530780973,3.2186766539351472,0.001375268732471485,0.9040170342694063,-0.5988935913394751,0.003189424398428033,0.47200000000000003,0.8165287739606744,0.8240825960128907,0.8235860039684614,0.7637138414900414,0.7708739037420417,0.77135246597619,1000,10000,100000,0.001,2834,1000,10000,100000,2834,0.01,0.0005030831653078097,3.189424398428033e-05,0.00472,0.007057230007787019,0.0004965920444293115,0.05987216247841998,0.0527121002264197,0.05223353799227137
16,barr_put,put,0.8,1.0,1.0,0.050308316530780973,3.2186766539351472,0.001375268732471485,0.9040170342694063,-0.5988935913394751,0.003189424398428033,0.47200000000000003,-0.139960144731465,-0.1189673032185372,-0.1315895549802865,-0.15779798433593434,-0.1634304126375374,-0.1586682091054988,1000,10000,100000,0.001,2834,1000,10000,100000,2834,0.01,0.0005030831653078097,3.189424398428033e-05,0.00472,0.00837058975117852,0.01262225176174929,0.02620842935564785,0.03184085765725092,0.02707865412521232
17,van_call,call,,1.0,1.0,0.0013768449590682243,2.2067440995201597,0.019960722379076385,0.503725616878973,-0.06938559833491553,0.09051874417610915,0.428,0.5375226944927085,0.5540135265387519,0.5534825194648513,0.5553764149771323,0.557644524859402,0.5560689107717856,1000,10000,100000,0.001,2934,1000,10000,100000,2934,0.01,1.3768449590682243e-05,0.0009051874417610916,0.00428,0.015959824972142767,0.0005310070739006356,0.0018938955122810297,0.004162005394550694,0.002586391306934277
17,van_put,put,,1.0,1.0,0.0013768449590682243,2.2067440995201597,0.019960722379076385,0.503725616878973,-0.06938559833491553,0.09051874417610915,0.428,-0.46256738432300937,-0.4466862863850375,-0.44638173613355675,-0.4437554006183723,-0.4426366103694852,-0.4439705955481078,1000,10000,100000,0.001,2934,1000,10000,100000,2934,0.01,1.3768449590682243e-05,0.0009051874417610916,0.00428,0.016185648189452617,0.00030455025148073966,0.0026263355151844303,0.003745125764071544,0.0024111405854489454
17,barr_call,call,0.8,1.0,1.0,0.0013768449590682243,2.2067440995201597,0.019960722379076385,0.503725616878973,-0.06938559833491553,0.09051874417610915,0.428,0.5339184215385442,0.5555658820927983,0.5623262760816441,0.5988204737332498,0.5666283547115305,0.5613333680494089,1000,10000,100000,0.001,2934,1000,10000,100000,2934,0.01,1.3768449590682243e-05,0.0009051874417610916,0.00428,0.02840785454309991,0.006760393988845759,0.036494197651605664,0.004302078629886408,0.0009929080322351735
17,barr_put,put,0.8,1.0,1.0,0.0013768449590682243,2.2067440995201597,0.019960722379076385,0.503725616878973,-0.06938559833491553,0.09051874417610915,0.428,-0.1331897862052473,-0.10017893078888666,-0.10435252920571667,-0.059242270613362596,-0.09221233047536428,-0.09460181327648164,1000,10000,100000,0.001,2934,1000,10000,100000,2934,0.01,1.3768449590682243e-05,0.0009051874417610916,0.00428,0.02883725699953063,0.004173598416830002,0.04511025859235407,0.01214019873035238,0.00975071592923503
18,van_call,call,,1.0,1.0,0.07728266216123741,2.0257199143475164,0.02617564515753809,0.31994522143845006,-0.4846638530502331,0.004329503926033603,0.746,0.7862852364961689,0.7882401480789016,0.7886757967089777,0.8004505519551882,0.7959830753703891,0.7927597685082777,1000,10000,100000,0.001,3034,1000,10000,100000,3034,0.01,0.0007728266216123742,4.3295039260336035e-05,0.0074600000000000005,0.002390560212808812,0.0004356486300760576,0.011774755246210522,0.007307278661411454,0.004083971799299979
18,van_put,put,,1.0,1.0,0.07728266216123741,2.0257199143475164,0.02617564515753809,0.31994522143845006,-0.4846638530502331,0.004329503926033603,0.746,-0.2136839707848486,-0.21186912730809282,-0.21116733071628277,-0.19949406971796374,-0.20365191050829567,-0.20700849615076336,1000,10000,100000,0.001,3034,1000,10000,100000,3034,0.01,0.0007728266216123742,4.3295039260336035e-05,0.0074600000000000005,0.002516640068565834,0.0007017965918100499,0.01167326099831903,0.007515420207987095,0.004158834565519409
18,barr_call,call,0.8,1.0,1.0,0.07728266216123741,2.0257199143475164,0.02617564515753809,0.31994522143845006,-0.4846638530502331,0.004329503926033603,0.746,0.7852446465805393,0.7903327261372106,0.7900437764353174,0.7985333068087519,0.7955920305055986,0.7933899415277959,1000,10000,100000,0.001,3034,1000,10000,100000,3034,0.01,0.0007728266216123742,4.3295039260336035e-05,0.0074600000000000005,0.00479912985477815,0.000288949701893193,0.008489530373434473,0.0055482540702811445,0.003346165092478426
18,barr_put,put,0.8,1.0,1.0,0.07728266216123741,2.0257199143475164,0.02617564515753809,0.31994522143845006,-0.4846638530502331,0.004329503926033603,0.746,-0.10990579511123369,-0.12245820963412579,-0.12348950593872708,-0.12069844154794611,-0.12408280825544817,-0.1192174294543628,1000,10000,100000,0.001,3034,1000,10000,100000,3034,0.01,0.0007728266216123742,4.3295039260336035e-05,0.0074600000000000005,0.013583710827493392,0.0010312963046012896,0.002791064390780973,0.0005933023167210838,0.0042720764843642844
19,van_call,call,,1.0,1.0,0.08826411906361166,4.414724114032579,0.03403903644563645,0.8327556678974061,-0.19041798140295252,0.04434233880652784,2.681,0.8438254854953309,0.8437292800084512,0.8450682993778547,0.8535171845523465,0.8498453487035318,0.8504451681407205,1000,10000,100000,0.001,3134,1000,10000,100000,3134,0.01,0.0008826411906361166,0.0004434233880652784,0.02681,0.0012428138825237856,0.0013390193694035046,0.008448885174491827,0.00477704932567713,0.005376868762865805
19,van_put,put,,1.0,1.0,0.08826411906361166,4.414724114032579,0.03403903644563645,0.8327556678974061,-0.19041798140295252,0.04434233880652784,2.681,-0.1595611124171427,-0.15470815758048817,-0.15290709364137386,-0.14834622589423446,-0.153022465271202,-0.15188163222400394,1000,10000,100000,0.001,3134,1000,10000,100000,3134,0.01,0.0008826411906361166,0.0004434233880652784,0.02681,0.006654018775768822,0.0018010639391143057,0.004560867747139402,0.00011537162982813709,0.0010254614173699217
19,barr_call,call,0.8,1.0,1.0,0.08826411906361166,4.414724114032579,0.03403903644563645,0.8327556678974061,-0.19041798140295252,0.04434233880652784,2.681,0.967066300942046,0.931294090295115,0.9569511893255916,0.9339212159323762,0.9619621865625733,0.933429599217192,1000,10000,100000,0.001,3134,1000,10000,100000,3134,0.01,0.0008826411906361166,0.0004434233880652784,0.02681,0.010115111616454397,0.025657099030476638,0.02302997339321544,0.005010997236981618,0.023521590108399604
19,barr_put,put,0.8,1.0,1.0,0.08826411906361166,4.414724114032579,0.03403903644563645,0.8327556678974061,-0.19041798140295252,0.04434233880652784,2.681,-0.027684949803679974,-0.0035011440964641694,-0.004886978395606933,-0.00760267461269613,0.0016031571097203066,0.0002687610070114133,1000,10000,100000,0.001,3134,1000,10000,100000,3134,0.01,0.0008826411906361166,0.0004434233880652784,0.02681,0.02279797140807304,0.0013858342991427634,0.0027156962170891974,0.006490135505327239,0.005155739402618346
20,van_call,call,,1.0,1.0,0.03648859839013723,0.7688908912023068,0.03733854708863921,0.727434458725657,-0.11822777222487968,0.006172213488393935,1.408,0.7317516845523411,0.738136668547279,0.7420910001525157,0.7413044652762087,0.7528747076331888,0.7588799380221639,1000,10000,100000,0.001,3234,1000,10000,100000,3234,0.01,0.00036488598390137234,6.172213488393935e-05,0.014079999999999999,0.010339315600174648,0.003954331605236727,0.0007865348763069768,0.010783707480673033,0.01678893786964819
20,van_put,put,,1.0,1.0,0.03648859839013723,0.7688908912023068,0.03733854708863921,0.727434458725657,-0.11822777222487968,0.006172213488393935,1.408,-0.26097996895583925,-0.2622721847651083,-0.2591034095812565,-0.2610654479358588,-0.2512992518088727,-0.24454717175955987,1000,10000,100000,0.001,3234,1000,10000,100000,3234,0.01,0.00036488598390137234,6.172213488393935e-05,0.014079999999999999,0.0018765593745827536,0.0031687751838517797,0.0019620383546022913,0.007804157772383802,0.014556237821696627
20,barr_call,call,0.8,1.0,1.0,0.03648859839013723,0.7688908912023068,0.03733854708863921,0.727434458725657,-0.11822777222487968,0.006172213488393935,1.408,0.7481184436171614,0.7505439903415317,0.7605221224679409,0.7384487075131548,0.7655115242030344,0.7764476255548852,1000,10000,100000,0.001,3234,1000,10000,100000,3234,0.01,0.00036488598390137234,6.172213488393935e-05,0.014079999999999999,0.012403678850779531,0.00997813212640919,0.022073414954786097,0.004989401735093435,0.015925503086944293
20,barr_put,put,0.8,1.0,1.0,0.03648859839013723,0.7688908912023068,0.03733854708863921,0.727434458725657,-0.11822777222487968,0.006172213488393935,1.408,-0.10427788176808842,-0.12154253913316068,-0.10847054408636685,-0.15032901725681916,-0.11205416648699135,-0.11643706460028862,1000,10000,100000,0.001,3234,1000,10000,100000,3234,0.01,0.00036488598390137234,6.172213488393935e-05,0.014079999999999999,0.004192662318278431,0.013071995046793836,0.04185847317045231,0.0035836224006245004,0.007966520513921771
21,van_call,call,,1.0,1.0,0.061539617843349374,1.6734923792726075,0.019558533695955872,0.46864408693934767,-0.23733221792938286,0.10815507047562344,2.122,0.7735558498825179,0.7692951892432492,0.7693105027669983,0.7804187209791341,0.7733990076563058,0.7737115470535044,1000,10000,100000,0.001,3334,1000,10000,100000,3334,0.01,0.0006153961784334937,0.0010815507047562344,0.02122,0.004245347115519604,1.531352374906092e-05,0.011108218212135812,0.004088504889307454,0.004401044286506117
21,van_put,put,,1.0,1.0,0.061539617843349374,1.6734923792726075,0.019558533695955872,0.46864408693934767,-0.23733221792938286,0.10815507047562344,2.122,-0.23233531153669384,-0.22915376799592102,-0.23092100835439347,-0.22680617899669755,-0.23042718983703053,-0.22970207228160816,1000,10000,100000,0.001,3334,1000,10000,100000,3334,0.01,0.0006153961784334937,0.0010815507047562344,0.02122,0.0014143031823003749,0.0017672403584724494,0.004114829357695915,0.0004938185173629372,0.0012189360727853094
21,barr_call,call,0.8,1.0,1.0,0.061539617843349374,1.6734923792726075,0.019558533695955872,0.46864408693934767,-0.23733221792938286,0.10815507047562344,2.122,0.9002597453787564,0.8642329301319585,0.8513453150561123,0.7363245120498546,0.8321001833918373,0.8455145312430967,1000,10000,100000,0.001,3334,1000,10000,100000,3334,0.01,0.0006153961784334937,0.0010815507047562344,0.02122,0.04891443032264409,0.012887615075846126,0.11502080300625772,0.019245131664274995,0.005830783813015605
21,barr_put,put,0.8,1.0,1.0,0.061539617843349374,1.6734923792726075,0.019558533695955872,0.46864408693934767,-0.23733221792938286,0.10815507047562344,2.122,-0.020421712253705863,-0.004078984671667752,-0.008037510056350472,-0.02060667707546415,-0.00045430184082676135,-0.003372385096013942,1000,10000,100000,0.001,3334,1000,10000,100000,3334,0.01,0.0006153961784334937,0.0010815507047562344,0.02122,0.012384202197355391,0.003958525384682721,0.012569167019113677,0.007583208215523711,0.0046651249603365304
22,van_call,call,,1.0,1.0,0.0075381241642976556,2.483293157812817,0.1688228226652205,0.10514357583864149,-0.535579297818135,0.01870701104672203,1.232,0.6092153172165382,0.601899896479019,0.5976098285660314,0.6131999259965354,0.5975049393147441,0.5991510601077277,1000,10000,100000,0.001,3434,1000,10000,100000,3434,0.01,7.538124164297656e-05,0.00018707011046722031,0.01232,0.011605488650506812,0.004290067912987583,0.01559009743050399,0.00010488925128726567,0.0015412315416962752
22,van_put,put,,1.0,1.0,0.0075381241642976556,2.483293157812817,0.1688228226652205,0.10514357583864149,-0.535579297818135,0.01870701104672203,1.232,-0.39450163083285805,-0.39898191569820163,-0.40304459550931093,-0.3942245229673291,-0.4030958591512146,-0.4011367539563382,1000,10000,100000,0.001,3434,1000,10000,100000,3434,0.01,7.538124164297656e-05,0.00018707011046722031,0.01232,0.00854296467645288,0.004062679811109304,0.008820072541981805,5.126364190366495e-05,0.0019078415529727444
22,barr_call,call,0.8,1.0,1.0,0.0075381241642976556,2.483293157812817,0.1688228226652205,0.10514357583864149,-0.535579297818135,0.01870701104672203,1.232,0.646261025949374,0.7549282867633761,0.6998324478225099,0.7175595552470826,0.6826027407751151,0.685300016729179,1000,10000,100000,0.001,3434,1000,10000,100000,3434,0.01,7.538124164297656e-05,0.00018707011046722031,0.01232,0.053571421873135905,0.055095838940866226,0.01772710742457273,0.017229707047394793,0.014532431093330911
22,barr_put,put,0.8,1.0,1.0,0.0075381241642976556,2.483293157812817,0.1688228226652205,0.10514357583864149,-0.535579297818135,0.01870701104672203,1.232,-0.005043243335586638,0.016115437109366203,0.010099630055455597,0.018989627322725175,0.020260665098696933,0.023820816534573987,1000,10000,100000,0.001,3434,1000,10000,100000,3434,0.01,7.538124164297656e-05,0.00018707011046722031,0.01232,0.015142873391042234,0.006015807053910607,0.008889997267269578,0.010161035043241336,0.01372118647911839
23,van_call,call,,1.0,1.0,0.03688240060019745,1.8496608197197382,0.0411155867308901,0.9586129276533991,-0.926080395339564,0.0021521622668528684,1.9060000000000001,0.8327321686905503,0.8201706062243519,0.8131702121637163,0.8205379098534568,0.8263875203229964,0.8258624929556715,1000,10000,100000,0.001,3534,1000,10000,100000,3534,0.01,0.0003688240060019745,2.1521622668528683e-05,0.01906,0.019561956526834012,0.007000394060635573,0.007367697689740438,0.013217308159280128,0.012692280791955168
23,van_put,put,,1.0,1.0,0.03688240060019745,1.8496608197197382,0.0411155867308901,0.9586129276533991,-0.926080395339564,0.0021521622668528684,1.9060000000000001,-0.1705827749833154,-0.18229571933491215,-0.18632178212328876,-0.17435075479028186,-0.1691348579089487,-0.16858205131584023,1000,10000,100000,0.001,3534,1000,10000,100000,3534,0.01,0.0003688240060019745,2.1521622668528683e-05,0.01906,0.015739007139973366,0.004026062788376611,0.011971027333006895,0.017186924214340066,0.017739730807448534
23,barr_call,call,0.8,1.0,1.0,0.03688240060019745,1.8496608197197382,0.0411155867308901,0.9586129276533991,-0.926080395339564,0.0021521622668528684,1.9060000000000001,0.8228637837523713,0.8315852520530825,0.8209378922643812,0.8199052379862195,0.8105790574097701,0.8208802888112501,1000,10000,100000,0.001,3534,1000,10000,100000,3534,0.01,0.0003688240060019745,2.1521622668528683e-05,0.01906,0.0019258914879901612,0.01064735978870135,0.001032654278161682,0.010358834854611088,5.7603453131105375e-05
23,barr_put,put,0.8,1.0,1.0,0.03688240060019745,1.8496608197197382,0.0411155867308901,0.9586129276533991,-0.926080395339564,0.0021521622668528684,1.9060000000000001,-0.0007430747716136946,-0.006832508114386435,-0.00917788169088221,0.004073649841112963,-0.006937362481676751,-0.012303353992325784,1000,10000,100000,0.001,3534,1000,10000,100000,3534,0.01,0.0003688240060019745,2.1521622668528683e-05,0.01906,0.008434806919268515,0.0023453735764957743,0.013251531531995172,0.0022405192092054584,0.003125472301443574
24,van_call,call,,1.0,1.0,0.09331401019825217,1.993166457091452,0.04343887739261897,0.6447273396586617,-0.5295006421260109,0.020554555581647475,2.178,0.8582358672581475,0.8532059932941982,0.8608081247627047,0.874556311721511,0.8587815812319322,0.8626851338738972,1000,10000,100000,0.001,3634,1000,10000,100000,3634,0.01,0.0009331401019825217,0.00020554555581647475,0.02178,0.0025722575045572516,0.007602131468506523,0.013748186958806308,0.0020265435307725843,0.0018770091111924847
24,van_put,put,,1.0,1.0,0.09331401019825217,1.993166457091452,0.04343887739261897,0.6447273396586617,-0.5295006421260109,0.020554555581647475,2.178,-0.13779340870375412,-0.14299325793498546,-0.1392749113398893,-0.1303026544907583,-0.14257178797765224,-0.13852534828415267,1000,10000,100000,0.001,3634,1000,10000,100000,3634,0.01,0.0009331401019825217,0.00020554555581647475,0.02178,0.0014815026361351957,0.0037183465950961503,0.008972256849131,0.00329687663776293,0.0007495630557366462
24,barr_call,call,0.8,1.0,1.0,0.09331401019825217,1.993166457091452,0.04343887739261897,0.6447273396586617,-0.5295006421260109,0.020554555581647475,2.178,0.8081490295253069,0.9392735848161221,0.9320122373936923,1.006615564901156,0.9048799842074934,0.9294881746320316,1000,10000,100000,0.001,3634,1000,10000,100000,3634,0.01,0.0009331401019825217,0.00020554555581647475,0.02178,0.12386320786838545,0.007261347422429787,0.07460332750746357,0.02713225318619894,0.002524062761660728
24,barr_put,put,0.8,1.0,1.0,0.09331401019825217,1.993166457091452,0.04343887739261897,0.6447273396586617,-0.5295006421260109,0.020554555581647475,2.178,-0.0027126172822259254,0.0015451374877561378,-0.006710827214521822,-0.002014213402277889,0.0018181427261076272,-0.0025370242032105982,1000,10000,100000,0.001,3634,1000,10000,100000,3634,0.01,0.0009331401019825217,0.00020554555581647475,0.02178,0.003998209932295897,0.008255964702277959,0.004696613812243933,0.00852896994062945,0.004173803011311224
25,van_call,call,,1.0,1.0,0.06513781432265774,0.346240477603282,0.08636902369968506,0.10589164893892372,-0.7994280225423257,0.03398758202994562,1.552,0.7531354441242921,0.7322171346070355,0.7340240686026206,0.7285912642730513,0.7342156627905216,0.7346479980213899,1000,10000,100000,0.001,3734,1000,10000,100000,3734,0.01,0.0006513781432265774,0.0003398758202994562,0.01552,0.019111375521671525,0.0018069339955850694,0.005432804329569274,0.0001915941879010452,0.0006239294187693201
25,van_put,put,,1.0,1.0,0.06513781432265774,0.346240477603282,0.08636902369968506,0.10589164893892372,-0.7994280225423257,0.03398758202994562,1.552,-0.2474926064895043,-0.2676139827184072,-0.2660986963910886,-0.2720698402824552,-0.26652793563691973,-0.26578313382174673,1000,10000,100000,0.001,3734,1000,10000,100000,3734,0.01,0.0006513781432265774,0.0003398758202994562,0.01552,0.018606089901584272,0.0015152863273186212,0.005971143891366604,0.0004292392458311589,0.0003155625693418429
25,barr_call,call,0.8,1.0,1.0,0.06513781432265774,0.346240477603282,0.08636902369968506,0.10589164893892372,-0.7994280225423257,0.03398758202994562,1.552,0.8041994039485995,0.8001599172207441,0.7948195706980715,0.7159282865763922,0.7882077336162641,0.7734733179598691,1000,10000,100000,0.001,3734,1000,10000,100000,3734,0.01,0.0006513781432265774,0.0003398758202994562,0.01552,0.009379833250527936,0.005340346522672568,0.07889128412167934,0.006611837081807459,0.021346252738202454
25,barr_put,put,0.8,1.0,1.0,0.06513781432265774,0.346240477603282,0.08636902369968506,0.10589164893892372,-0.7994280225423257,0.03398758202994562,1.552,0.03402632965997174,-0.015338125876452214,-0.007291933332244805,0.07515183315415057,0.019457442356860585,0.0023955210280492654,1000,10000,100000,0.001,3734,1000,10000,100000,3734,0.01,0.0006513781432265774,0.0003398758202994562,0.01552,0.04131826299221654,0.008046192544207409,0.08244376648639537,0.02674937568910539,0.00968745436029407
26,van_call,call,,1.0,1.0,0.039720257772615425,2.205036901775998,0.014030143551249572,0.5486441383440652,-0.7914327764042958,0.10116549047829117,2.3040000000000003,0.7999081672469155,0.778269165339246,0.7815623645695963,0.7777152286325445,0.7797916451955378,0.7839240813022397,1000,10000,100000,0.001,3834,1000,10000,100000,3834,0.01,0.0003972025777261543,0.0010116549047829116,0.02304,0.018345802677319223,0.003293199230350319,0.003847135937051771,0.0017707193740584826,0.002361716732643404
26,van_put,put,,1.0,1.0,0.039720257772615425,2.205036901775998,0.014030143551249572,0.5486441383440652,-0.7914327764042958,0.10116549047829117,2.3040000000000003,-0.20796465777457307,-0.22036694579013819,-0.21848344202418588,-0.21660138696953865,-0.21614177413503272,-0.212847655520855,1000,10000,100000,0.001,3834,1000,10000,100000,3834,0.01,0.0003972025777261543,0.0010116549047829116,0.02304,0.010518784249612806,0.0018835037659523102,0.0018820550546472248,0.0023416678891531595,0.005635786503330881
26,barr_call,call,0.8,1.0,1.0,0.039720257772615425,2.205036901775998,0.014030143551249572,0.5486441383440652,-0.7914327764042958,0.10116549047829117,2.3040000000000003,0.8859648410598275,0.8111810841444994,0.8216751649132659,0.8232155394474,0.7994203767520469,0.8161867266025358,1000,10000,100000,0.001,3834,1000,10000,100000,3834,0.01,0.0003972025777261543,0.0010116549047829116,0.02304,0.06428967614656167,0.010494080768766456,0.0015403745341341368,0.022254788161218952,0.005488438310730093
26,barr_put,put,0.8,1.0,1.0,0.039720257772615425,2.205036901775998,0.014030143551249572,0.5486441383440652,-0.7914327764042958,0.10116549047829117,2.3040000000000003,-0.012265685734890851,-0.003452385858316383,-0.0024828509566347193,0.001560860653723674,0.007422974619057231,-0.001755344107895961,1000,10000,100000,0.001,3834,1000,10000,100000,3834,0.01,0.0003972025777261543,0.0010116549047829116,0.02304,0.009782834778256132,0.0009695349016816636,0.004043711610358393,0.00990582557569195,0.0007275068487387583
27,van_call,call,,1.0,1.0,0.07887301429407456,4.838070576847271,0.09313041421235242,0.6387718114168971,-0.8224603998008831,0.035495492226267036,2.515,0.7909197005680491,0.7804301403930736,0.7793939074196288,0.7869920919092166,0.7805668187511494,0.7824364779241866,1000,10000,100000,0.001,3934,1000,10000,100000,3934,0.01,0.0007887301429407457,0.00035495492226267036,0.025150000000000002,0.011525793148420282,0.001036232973444795,0.0075981844895878226,0.001172911331520643,0.0030425705045578066
27,van_put,put,,1.0,1.0,0.07887301429407456,4.838070576847271,0.09313041421235242,0.6387718114168971,-0.8224603998008831,0.035495492226267036,2.515,-0.21589269183646398,-0.21907563291065774,-0.22082228579957952,-0.214669867050378,-0.22024829458301004,-0.21892731316728725,1000,10000,100000,0.001,3934,1000,10000,100000,3934,0.01,0.0007887301429407457,0.00035495492226267036,0.025150000000000002,0.004929593963115542,0.0017466528889217847,0.006152418749201527,0.0005739912165694805,0.0018949726322922689
27,barr_call,call,0.8,1.0,1.0,0.07887301429407456,4.838070576847271,0.09313041421235242,0.6387718114168971,-0.8224603998008831,0.035495492226267036,2.515,1.1017373784750206,0.9766970379214868,0.9932265477279878,0.9342088107944818,0.8927390371367833,0.9492051881615032,1000,10000,100000,0.001,3934,1000,10000,100000,3934,0.01,0.0007887301429407457,0.00035495492226267036,0.025150000000000002,0.10851083074703283,0.01652950980650103,0.05901773693350598,0.10048751059120453,0.044021359566484564
27,barr_put,put,0.8,1.0,1.0,0.07887301429407456,4.838070576847271,0.09313041421235242,0.6387718114168971,-0.8224603998008831,0.035495492226267036,2.515,0.0012545439832928199,0.0011784863268181041,0.0035210885469818274,0.017914559810670035,0.01483287765808943,0.004796309691066747,1000,10000,100000,0.001,3934,1000,10000,100000,3934,0.01,0.0007887301429407457,0.00035495492226267036,0.025150000000000002,0.0022665445636890075,0.0023426022201637232,0.014393471263688208,0.011311789111107601,0.0012752211440849193
28,van_call,call,,1.0,1.0,0.031683612216887126,1.75653204766517,0.010904291109551788,0.37013270511389007,-0.6457585513787114,0.10770827050902983,1.724,0.7211087340158434,0.712077437973041,0.7112385939246124,0.7003662991581394,0.7138573749194799,0.7164604950595843,1000,10000,100000,0.001,4034,1000,10000,100000,4034,0.01,0.0003168361221688713,0.0010770827050902983,0.017240000000000002,0.009870140091230994,0.0008388440484285997,0.010872294766473,0.0026187809948674534,0.005221901134971896
28,van_put,put,,1.0,1.0,0.031683612216887126,1.75653204766517,0.010904291109551788,0.37013270511389007,-0.6457585513787114,0.10770827050902983,1.724,-0.27492323992140133,-0.287949763874841,-0.2883503213399072,-0.29946675036163634,-0.28771955345838207,-0.28472208530789384,1000,10000,100000,0.001,4034,1000,10000,100000,4034,0.01,0.0003168361221688713,0.0010770827050902983,0.017240000000000002,0.013427081418505848,0.00040055746506617584,0.011116429021729157,0.0006307678815251072,0.0036282360320133433
28,barr_call,call,0.8,1.0,1.0,0.031683612216887126,1.75653204766517,0.010904291109551788,0.37013270511389007,-0.6457585513787114,0.10770827050902983,1.724,0.7722814530103524,0.73099725609444,0.7489942711896665,0.7390815385318245,0.7385369291149774,0.7538974542994292,1000,10000,100000,0.001,4034,1000,10000,100000,4034,0.01,0.0003168361221688713,0.0010770827050902983,0.017240000000000002,0.023287181820685898,0.017997015095226554,0.009912732657842094,0.01045734207468918,0.004903183109762677
28,barr_put,put,0.8,1.0,1.0,0.031683612216887126,1.75653204766517,0.010904291109551788,0.37013270511389007,-0.6457585513787114,0.10770827050902983,1.724,-0.006089953390214222,-0.003303832172417377,-0.005732649788660078,-0.014129774920376443,0.0035233389823141614,0.0024995508784318374,1000,10000,100000,0.001,4034,1000,10000,100000,4034,0.01,0.0003168361221688713,0.0010770827050902983,0.017240000000000002,0.0003573036015541448,0.0024288176162427007,0.008397125131716365,0.009255988770974239,0.008232200667091915
29,van_call,call,,1.0,1.0,0.05680986526260692,0.5448186797875667,0.035066775569805066,0.5155817465518663,-0.08824687378327956,0.011711460007518859,1.677,0.8156460312751856,0.8136166615440545,0.8186151353114901,0.8163331932248746,0.8178870401502863,0.8186538033235907,1000,10000,100000,0.001,4134,1000,10000,100000,4134,0.01,0.0005680986526260692,0.00011711460007518859,0.01677,0.0029691040363044596,0.004998473767435563,0.002281942086615474,0.0007280951612037567,3.8668012100617766e-05
29,van_put,put,,1.0,1.0,0.05680986526260692,0.5448186797875667,0.035066775569805066,0.5155817465518663,-0.08824687378327956,0.011711460007518859,1.677,-0.18635301694130482,-0.18494713959296658,-0.18095537793617542,-0.1947602167537671,-0.18914174605431897,-0.18755707958440052,1000,10000,100000,0.001,4134,1000,10000,100000,4134,0.01,0.0005680986526260692,0.00011711460007518859,0.01677,0.0053976390051294065,0.00399176165679116,0.013804838817591675,0.00818636811814355,0.0066017016482251
29,barr_call,call,0.8,1.0,1.0,0.05680986526260692,0.5448186797875667,0.035066775569805066,0.5155817465518663,-0.08824687378327956,0.011711460007518859,1.677,0.8143170849888928,0.8345404295260386,0.842433324929015,0.8014382089660543,0.8433527894997447,0.8465200903817027,1000,10000,100000,0.001,4134,1000,10000,100000,4134,0.01,0.0005680986526260692,0.00011711460007518859,0.01677,0.028116239940122245,0.007892895402976441,0.04099511596296068,0.0009194645707296667,0.004086765452687713
29,barr_put,put,0.8,1.0,1.0,0.05680986526260692,0.5448186797875667,0.035066775569805066,0.5155817465518663,-0.08824687378327956,0.011711460007518859,1.677,-0.026849524843332827,-0.07022613673648322,-0.0619342278439081,-0.046893588019094636,-0.061956132383920046,-0.07090628898089235,1000,10000,100000,0.001,4134,1000,10000,100000,4134,0.01,0.0005680986526260692,0.00011711460007518859,0.01677,0.03508470300057527,0.008291908892575119,0.015040639824813462,2.1904540011948026e-05,0.008972061136984254
30,van_call,call,,1.0,1.0,0.08691273895612259,1.2680386830704578,0.10671953714948171,0.5460398030406104,-0.5664790809567197,0.06508437689405819,1.805,0.8012371603884516,0.7807448949186224,0.7844010412303232,0.7958861661874594,0.79115795299525,0.7898077628056666,1000,10000,100000,0.001,4234,1000,10000,100000,4234,0.01,0.0008691273895612259,0.0006508437689405819,0.01805,0.016836119158128438,0.0036561463117007476,0.011485124957136272,0.006756911764926876,0.005406721575343387
30,van_put,put,,1.0,1.0,0.08691273895612259,1.2680386830704578,0.10671953714948171,0.5460398030406104,-0.5664790809567197,0.06508437689405819,1.805,-0.20577651890195392,-0.2156460106349095,-0.21529602584604013,-0.2046913802698211,-0.21131304413827545,-0.21150601943423913,1000,10000,100000,0.001,4234,1000,10000,100000,4234,0.01,0.0008691273895612259,0.0006508437689405819,0.01805,0.009519506944086209,0.0003499847888693841,0.01060464557621904,0.003982981707764677,0.0037900064118009946
30,barr_call,call,0.8,1.0,1.0,0.08691273895612259,1.2680386830704578,0.10671953714948171,0.5460398030406104,-0.5664790809567197,0.06508437689405819,1.805,0.8383536050411144,0.9113538024099394,0.9161753920720855,0.7445228933527004,0.8976917802465373,0.9083671990945702,1000,10000,100000,0.001,4234,1000,10000,100000,4234,0.01,0.0008691273895612259,0.0006508437689405819,0.01805,0.07782178703097109,0.004821589662146186,0.17165249871938515,0.018483611825548252,0.007808192977515338
30,barr_put,put,0.8,1.0,1.0,0.08691273895612259,1.2680386830704578,0.10671953714948171,0.5460398030406104,-0.5664790809567197,0.06508437689405819,1.805,0.003117757579650885,0.0011232289705444438,-0.0006537306595006363,-0.005960610035139562,-0.00018543222282383677,0.006928979415584367,1000,10000,100000,0.001,4234,1000,10000,100000,4234,0.01,0.0008691273895612259,0.0006508437689405819,0.01805,0.0037714882391515214,0.0017769596300450802,0.005306879375638926,0.00046829843667679956,0.007582710075085004
31,van_call,call,,1.0,1.0,0.04361734238956794,2.6381996397194003,0.044970473518394186,0.6270932268367776,-0.821704113680364,0.03578534029322943,0.17300000000000001,0.6663154896164141,0.6705801672611644,0.6704784029241545,0.6778518735567569,0.6766509951311444,0.6747443048476228,1000,10000,100000,0.001,4334,1000,10000,100000,4334,0.01,0.0004361734238956794,0.00035785340293229435,0.0017300000000000002,0.0041629133077404346,0.00010176433700992416,0.007373470632602408,0.0061725922069898465,0.004265901923468318
31,van_put,put,,1.0,1.0,0.04361734238956794,2.6381996397194003,0.044970473518394186,0.6270932268367776,-0.821704113680364,0.03578534029322943,0.17300000000000001,-0.3335092544755225,-0.3297438436480483,-0.32960140647983815,-0.3221027318267275,-0.32362508925205224,-0.3254722532343043,1000,10000,100000,0.001,4334,1000,10000,100000,4334,0.01,0.0004361734238956794,0.00035785340293229435,0.0017300000000000002,0.003907847995684333,0.00014243716821016328,0.00749867465311066,0.00597631722778591,0.0041291532455338675
31,barr_call,call,0.8,1.0,1.0,0.04361734238956794,2.6381996397194003,0.044970473518394186,0.6270932268367776,-0.821704113680364,0.03578534029322943,0.17300000000000001,0.6663154924669228,0.6705465447829891,0.6705305083708084,0.6768303134921119,0.676436552555143,0.6747509599620505,1000,10000,100000,0.001,4334,1000,10000,100000,4334,0.01,0.0004361734238956794,0.00035785340293229435,0.0017300000000000002,0.004215015903885622,1.603641218073104e-05,0.006299805121303459,0.005906044184334602,0.004220451591242069
31,barr_put,put,0.8,1.0,1.0,0.04361734238956794,2.6381996397194003,0.044970473518394186,0.6270932268367776,-0.821704113680364,0.03578534029322943,0.17300000000000001,-0.20985231210965613,-0.2344488805810334,-0.22384656895034666,-0.15699636771973854,-0.21823321826146996,-0.2189395847122494,1000,10000,100000,0.001,4334,1000,10000,100000,4334,0.01,0.0004361734238956794,0.00035785340293229435,0.0017300000000000002,0.013994256840690528,0.010602311630686728,0.06685020123060811,0.005613350688876695,0.004906984238097267
32,van_call,call,,1.0,1.0,0.08021476420801592,2.1770647875344014,0.08267952423716908,0.8826741896111834,-0.2478377509243772,0.06121914251327373,2.968,0.8124750485794197,0.8038077134163824,0.8082946086414966,0.8212925204132415,0.8097033181192315,0.8116058827439043,1000,10000,100000,0.001,4434,1000,10000,100000,4434,0.01,0.0008021476420801592,0.0006121914251327374,0.02968,0.004180439937923053,0.004486895225114251,0.012997911771744919,0.0014087094777348597,0.003311274102407724
32,van_put,put,,1.0,1.0,0.08021476420801592,2.1770647875344014,0.08267952423716908,0.8826741896111834,-0.2478377509243772,0.06121914251327373,2.968,-0.19438130223054934,-0.19116001904807417,-0.1913729324889521,-0.18857762534964795,-0.1937116137797526,-0.1914455653579547,1000,10000,100000,0.001,4434,1000,10000,100000,4434,0.01,0.0008021476420801592,0.0006121914251327374,0.02968,0.003008369741597239,0.00021291344087792652,0.0027953071393041484,0.002338681290800504,7.263286900260901e-05
32,barr_call,call,0.8,1.0,1.0,0.08021476420801592,2.1770647875344014,0.08267952423716908,0.8826741896111834,-0.2478377509243772,0.06121914251327373,2.968,1.4042034133103953,0.9337365032740075,1.0130965170445565,0.9074035348641374,0.9411118125539047,0.9874075517543407,1000,10000,100000,0.001,4434,1000,10000,100000,4434,0.01,0.0008021476420801592,0.0006121914251327374,0.02968,0.39110689626583883,0.07936001377054902,0.10569298218041911,0.07198470449065175,0.025688965290215804
32,barr_put,put,0.8,1.0,1.0,0.08021476420801592,2.1770647875344014,0.08267952423716908,0.8826741896111834,-0.2478377509243772,0.06121914251327373,2.968,-0.02443766634380852,0.003069406289640678,1.6973919298411688e-05,-0.005935495159237409,0.009917026354353918,0.0028366159553138218,1000,10000,100000,0.001,4434,1000,10000,100000,4434,0.01,0.0008021476420801592,0.0006121914251327374,0.02968,0.024454640263106932,0.0030524323703422663,0.00595246907853582,0.009900052435055507,0.00281964203601541
33,van_call,call,,1.0,1.0,0.014376682451456457,3.824530228922032,0.03098967101811159,0.8490042632620255,-0.9495294342972248,0.07830733220383687,0.305,0.6772977583676766,0.6939787128880597,0.6930528910397471,0.6938943705133517,0.6899502294005502,0.688917275385207,1000,10000,100000,0.001,4534,1000,10000,100000,4534,0.01,0.00014376682451456457,0.0007830733220383688,0.00305,0.015755132672070515,0.0009258218483125802,0.0008414794736045783,0.003102661639196924,0.004135615654540126
33,van_put,put,,1.0,1.0,0.014376682451456457,3.824530228922032,0.03098967101811159,0.8490042632620255,-0.9495294342972248,0.07830733220383687,0.305,-0.32142453463947157,-0.305751217866114,-0.3071532983396366,-0.30629070865136193,-0.3092449200453318,-0.3097378449596545,1000,10000,100000,0.001,4534,1000,10000,100000,4534,0.01,0.00014376682451456457,0.0007830733220383688,0.00305,0.014271236299834955,0.0014020804735226378,0.0008625896882746842,0.002091621705695157,0.0025845466200178913
33,barr_call,call,0.8,1.0,1.0,0.014376682451456457,3.824530228922032,0.03098967101811159,0.8490042632620255,-0.9495294342972248,0.07830733220383687,0.305,0.6679869021182796,0.6919932539899504,0.6921445602713676,0.6882589294687859,0.6885504561675505,0.6885356202032366,1000,10000,100000,0.001,4534,1000,10000,100000,4534,0.01,0.00014376682451456457,0.0007830733220383688,0.00305,0.024157658153088013,0.00015130628141724056,0.003885630802581752,0.0035941041038171084,0.0036089400681310613
33,barr_put,put,0.8,1.0,1.0,0.014376682451456457,3.824530228922032,0.03098967101811159,0.8490042632620255,-0.9495294342972248,0.07830733220383687,0.305,-0.05457972023295496,-0.07862957018046467,-0.0761419965122287,-0.05056912616152459,-0.08585915630023554,-0.07149460475258558,1000,10000,100000,0.001,4534,1000,10000,100000,4534,0.01,0.00014376682451456457,0.0007830733220383688,0.00305,0.021562276279273734,0.0024875736682359734,0.025572870350704102,0.009717159788006843,0.004647391759643113
34,van_call,call,,1.0,1.0,0.07042609711183355,4.151448004955371,0.003124577984303559,0.8007067432041474,-0.9173314826145351,0.045386512177951394,2.471,0.8978259671902383,0.9022326967768612,0.9032443922847716,0.9024704857152621,0.9087322943073989,0.9090040024586715,1000,10000,100000,0.001,4634,1000,10000,100000,4634,0.01,0.0007042609711183356,0.00045386512177951396,0.024710000000000003,0.005418425094533275,0.0010116955079103596,0.000773906569509486,0.005487902022627278,0.005759610173899921
34,van_put,put,,1.0,1.0,0.07042609711183355,4.151448004955371,0.003124577984303559,0.8007067432041474,-0.9173314826145351,0.045386512177951394,2.471,-0.09852155853305213,-0.09731179849651606,-0.09692952605727702,-0.080652088406203,-0.075789827215356,-0.07573833413830072,1000,10000,100000,0.001,4634,1000,10000,100000,4634,0.01,0.0007042609711183356,0.00045386512177951396,0.024710000000000003,0.001592032475775107,0.000382272439239037,0.01627743765107402,0.021139698841921017,0.021191191918976296
34,barr_call,call,0.8,1.0,1.0,0.07042609711183355,4.151448004955371,0.003124577984303559,0.8007067432041474,-0.9173314826145351,0.045386512177951394,2.471,0.9276752773056285,0.9283750306917304,0.9328872111485947,0.8924072672279543,0.9090503305766301,0.9182533486034677,1000,10000,100000,0.001,4634,1000,10000,100000,4634,0.01,0.0007042609711183356,0.00045386512177951396,0.024710000000000003,0.005211933842966254,0.004512180456864301,0.04047994392064047,0.023836880571964647,0.014633862545126997
34,barr_put,put,0.8,1.0,1.0,0.07042609711183355,4.151448004955371,0.003124577984303559,0.8007067432041474,-0.9173314826145351,0.045386512177951394,2.471,-0.0020060417069075586,-0.007383403502838356,-0.002833823912805247,-0.0017760440621891749,-0.0025381934478356178,-0.0007932394069515021,1000,10000,100000,0.001,4634,1000,10000,100000,4634,0.01,0.0007042609711183356,0.00045386512177951396,0.024710000000000003,0.0008277822058976882,0.004549579590033109,0.001057779850616072,0.00029563046496962906,0.002040584505853745
35,van_call,call,,1.0,1.0,0.07045813081895726,2.1652880357977304,0.05533972221951178,0.5935897969183825,-0.9614165584551189,0.0406681094620624,0.497,0.7382462823098929,0.7458232436527407,0.7483897231750497,0.7520191398469017,0.7398400893238372,0.7460220599744771,1000,10000,100000,0.001,4734,1000,10000,100000,4734,0.01,0.0007045813081895726,0.00040668109462062404,0.0049700000000000005,0.010143440865156839,0.0025664795223090398,0.003629416671852015,0.008549633851212546,0.0023676632005725784
35,van_put,put,,1.0,1.0,0.07045813081895726,2.1652880357977304,0.05533972221951178,0.5935897969183825,-0.9614165584551189,0.0406681094620624,0.497,-0.26199187583156314,-0.25339559872431594,-0.2519065599527824,-0.2516363491527229,-0.2600819728526188,-0.25429388430732236,1000,10000,100000,0.001,4734,1000,10000,100000,4734,0.01,0.0007045813081895726,0.00040668109462062404,0.0049700000000000005,0.010085315878780754,0.0014890387715335573,0.0002702108000594561,0.00817541289983642,0.002387324354539977
35,barr_call,call,0.8,1.0,1.0,0.07045813081895726,2.1652880357977304,0.05533972221951178,0.5935897969183825,-0.9614165584551189,0.0406681094620624,0.497,0.7343344340855498,0.7480177954294106,0.7486584774994892,0.753116973806274,0.7398753408729905,0.7466472354074355,1000,10000,100000,0.001,4734,1000,10000,100000,4734,0.01,0.0007045813081895726,0.00040668109462062404,0.0049700000000000005,0.014324043413939447,0.0006406820700786131,0.004458496306784743,0.008783136626498766,0.002011242092053722
35,barr_put,put,0.8,1.0,1.0,0.07045813081895726,2.1652880357977304,0.05533972221951178,0.5935897969183825,-0.9614165584551189,0.0406681094620624,0.497,0.02349531022526382,-0.047406422927231615,-0.04612227489336606,-0.06354109720515845,-0.06137042910954026,-0.044680079568958954,1000,10000,100000,0.001,4734,1000,10000,100000,4734,0.01,0.0007045813081895726,0.00040668109462062404,0.0049700000000000005,0.06961758511862988,0.001284148033865555,0.01741882231179239,0.015248154216174203,0.0014421953244071056
36,van_call,call,,1.0,1.0,0.02187921056740886,3.181422793134137,0.117957690635204,0.6521067608553411,-0.5347213935170926,0.011268891976054369,0.544,0.6293937067014879,0.6196251227363447,0.6232444341719212,0.6232125353140799,0.6217694995680214,0.622076512785423,1000,10000,100000,0.001,4834,1000,10000,100000,4834,0.01,0.0002187921056740886,0.00011268891976054369,0.00544,0.006149272529566652,0.0036193114355764777,3.1898857841272665e-05,0.0014749346038998024,0.0011679213864982385
36,van_put,put,,1.0,1.0,0.02187921056740886,3.181422793134137,0.117957690635204,0.6521067608553411,-0.5347213935170926,0.011268891976054369,0.544,-0.3724600257634991,-0.38002705046786267,-0.3770279788817679,-0.3771171455571438,-0.3790656119356847,-0.3786135589009518,1000,10000,100000,0.001,4834,1000,10000,100000,4834,0.01,0.0002187921056740886,0.00011268891976054369,0.00544,0.004567953118268797,0.002999071586094748,8.916667537589573e-05,0.0020376330539167986,0.001585580019183852
36,barr_call,call,0.8,1.0,1.0,0.02187921056740886,3.181422793134137,0.117957690635204,0.6521067608553411,-0.5347213935170926,0.011268891976054369,0.544,0.6206375121649912,0.6305501502996025,0.6324957024162414,0.6228944784557641,0.6221759055536458,0.6282962913480225,1000,10000,100000,0.001,4834,1000,10000,100000,4834,0.01,0.0002187921056740886,0.00011268891976054369,0.00544,0.011858190251250234,0.0019455521166389378,0.009601223960477356,0.010319796862595654,0.004199411068218972
36,barr_put,put,0.8,1.0,1.0,0.02187921056740886,3.181422793134137,0.117957690635204,0.6521067608553411,-0.5347213935170926,0.011268891976054369,0.544,0.013112151173517994,-0.05411876605994938,-0.04880457960808344,-0.05301923160192963,-0.057296801849171866,-0.04531343912405027,1000,10000,100000,0.001,4834,1000,10000,100000,4834,0.01,0.0002187921056740886,0.00011268891976054369,0.00544,0.06191673078160143,0.005314186451865939,0.004214651993846193,0.008492222241088428,0.0034911404840331714
37,van_call,call,,1.0,1.0,0.0924867628615565,0.9401421957337043,0.0037208331228212174,0.7608427544181817,-0.39617133650421366,0.006750544512376734,1.1420000000000001,0.8889055395349343,0.9029387805277234,0.8991888528604427,0.8666624581497209,0.8665967610707564,0.8640815014760661,1000,10000,100000,0.001,4934,1000,10000,100000,4934,0.01,0.0009248676286155651,6.750544512376734e-05,0.011420000000000001,0.010283313325508359,0.0037499276672806614,0.03252639471072183,0.03259209178968625,0.035107351384376595
37,van_put,put,,1.0,1.0,0.0924867628615565,0.9401421957337043,0.0037208331228212174,0.7608427544181817,-0.39617133650421366,0.006750544512376734,1.1420000000000001,-0.10649029562243666,-0.09690991694515146,-0.1009302160860575,-0.12572795246539245,-0.1262620764211679,-0.12851119580821155,1000,10000,100000,0.001,4934,1000,10000,100000,4934,0.01,0.0009248676286155651,6.750544512376734e-05,0.011420000000000001,0.005560079536379159,0.004020299140906042,0.024797736379334953,0.02533186033511041,0.02758097972215405
37,barr_call,call,0.8,1.0,1.0,0.0924867628615565,0.9401421957337043,0.0037208331228212174,0.7608427544181817,-0.39617133650421366,0.006750544512376734,1.1420000000000001,0.9106457676883963,0.9179193951125875,0.9051895553502095,0.8881601512953876,0.8991221781856823,0.9034206442094447,1000,10000,100000,0.001,4934,1000,10000,100000,4934,0.01,0.0009248676286155651,6.750544512376734e-05,0.011420000000000001,0.005456212338186828,0.012729839762377959,0.017029404054821895,0.00606737716452721,0.0017689111407648284
37,barr_put,put,0.8,1.0,1.0,0.0924867628615565,0.9401421957337043,0.0037208331228212174,0.7608427544181817,-0.39617133650421366,0.006750544512376734,1.1420000000000001,-0.03080568839317569,-0.034413693309544434,-0.0336930337357281,0.003542195440004326,-0.03615231067044676,-0.041498200978052395,1000,10000,100000,0.001,4934,1000,10000,100000,4934,0.01,0.0009248676286155651,6.750544512376734e-05,0.011420000000000001,0.0028873453425524095,0.0007206595738163332,0.03723522917573242,0.00245927693471866,0.007805167242324294
38,van_call,call,,1.0,1.0,0.04421407554041767,3.2220917599115397,0.042407552620997546,0.6097321822636015,-0.8182106567945437,0.011458056607746552,0.835,0.7309773940771743,0.7229926247695084,0.7306473764475713,0.7457662646779425,0.7295971470257109,0.7315732289059379,1000,10000,100000,0.001,5034,1000,10000,100000,5034,0.01,0.0004421407554041767,0.00011458056607746552,0.00835,0.00033001762960305214,0.007654751678062843,0.015118888230371219,0.0010502294218603936,0.0009258524583666272
38,van_put,put,,1.0,1.0,0.04421407554041767,3.2220917599115397,0.042407552620997546,0.6097321822636015,-0.8182106567945437,0.011458056607746552,0.835,-0.2668532116404838,-0.27661721543699724,-0.2693045738821696,-0.2561707962881014,-0.26962962285860465,-0.2682656811683823,1000,10000,100000,0.001,5034,1000,10000,100000,5034,0.01,0.0004421407554041767,0.00011458056607746552,0.00835,0.002451362241685795,0.007312641554827637,0.013133777594068197,0.0003250489764350384,0.0010388927137873205
38,barr_call,call,0.8,1.0,1.0,0.04421407554041767,3.2220917599115397,0.042407552620997546,0.6097321822636015,-0.8182106567945437,0.011458056607746552,0.835,0.7216231100040701,0.7256325001028476,0.7318760357885479,0.7386869800641501,0.7333942113362635,0.7314253099861251,1000,10000,100000,0.001,5034,1000,10000,100000,5034,0.01,0.0004421407554041767,0.00011458056607746552,0.00835,0.010252925784477784,0.006243535685700241,0.006810944275602249,0.0015181755477156056,0.00045072580242278004
38,barr_put,put,0.8,1.0,1.0,0.04421407554041767,3.2220917599115397,0.042407552620997546,0.6097321822636015,-0.8182106567945437,0.011458056607746552,0.835,-0.04165451921294416,-0.059678644126123434,-0.05494756594175178,-0.09540563887727865,-0.064466888886976,-0.04820702728575831,1000,10000,100000,0.001,5034,1000,10000,100000,5034,0.01,0.0004421407554041767,0.00011458056607746552,0.00835,0.013293046728807614,0.0047310781843716565,0.040458072935526876,0.009519322945224229,0.006740538655993465
39,van_call,call,,1.0,1.0,0.09093159589724725,3.2134923837277984,0.003725599027137401,0.7976891212446711,-0.48097029937885016,0.08255388088455176,0.734,0.7914969491585322,0.789287938872385,0.7870928624413687,0.771985859267453,0.7739638126326622,0.7756392882809937,1000,10000,100000,0.001,5134,1000,10000,100000,5134,0.01,0.0009093159589724726,0.0008255388088455176,0.00734,0.0044040867171635245,0.0021950764310163517,0.015107003173915667,0.013129049808706439,0.011453574160374957
39,van_put,put,,1.0,1.0,0.09093159589724725,3.2134923837277984,0.003725599027137401,0.7976891212446711,-0.48097029937885016,0.08255388088455176,0.734,-0.21203392744243085,-0.21261796378223527,-0.21293819466849107,-0.22310833061808533,-0.2213272665501531,-0.21988910348845134,1000,10000,100000,0.001,5134,1000,10000,100000,5134,0.01,0.0009093159589724726,0.0008255388088455176,0.00734,0.0009042672260602125,0.00032023088625579565,0.010170135949594261,0.008389071881662047,0.006950908819960272
39,barr_call,call,0.8,1.0,1.0,0.09093159589724725,3.2134923837277984,0.003725599027137401,0.7976891212446711,-0.48097029937885016,0.08255388088455176,0.734,0.8408741848024426,0.8024095020914307,0.7997275921647964,0.7529653077206155,0.7845017459948769,0.7839260625982377,1000,10000,100000,0.001,5134,1000,10000,100000,5134,0.01,0.0009093159589724726,0.0008255388088455176,0.00734,0.041146592637646195,0.002681909926634307,0.046762284444180846,0.01522584616991951,0.01580152956655867
39,barr_put,put,0.8,1.0,1.0,0.09093159589724725,3.2134923837277984,0.003725599027137401,0.7976891212446711,-0.48097029937885016,0.08255388088455176,0.734,-0.01782923965774714,-0.04986749202710583,-0.04405212916494209,-0.04447912175715501,-0.04218902044851964,-0.039948794857889124,1000,10000,100000,0.001,5134,1000,10000,100000,5134,0.01,0.0009093159589724726,0.0008255388088455176,0.00734,0.02622288950719495,0.005815362862163741,0.00042699259221291863,0.0018631087164224513,0.0041033343070529665
40,van_call,call,,1.0,1.0,0.00598092227798519,1.8166274725328178,0.028763107351755916,0.9878910451871774,-0.2898467241364344,0.011609339002625053,1.734,0.6495423145376017,0.6298015485168548,0.6320340369067229,0.6718372000255032,0.6780163694437652,0.6758853671026229,1000,10000,100000,0.001,5234,1000,10000,100000,5234,0.01,5.98092227798519e-05,0.00011609339002625053,0.01734,0.01750827763087881,0.0022324883898681147,0.039803163118780294,0.045982332537042314,0.04385133019590004
40,van_put,put,,1.0,1.0,0.00598092227798519,1.8166274725328178,0.028763107351755916,0.9878910451871774,-0.2898467241364344,0.011609339002625053,1.734,-0.35675652649330564,-0.3697453409855708,-0.36828207037013366,-0.32972837002870553,-0.32589145975807016,-0.3279741642952874,1000,10000,100000,0.001,5234,1000,10000,100000,5234,0.01,5.98092227798519e-05,0.00011609339002625053,0.01734,0.011525543876828026,0.0014632706154371622,0.03855370034142813,0.042390610612063506,0.040307906074846245
40,barr_call,call,0.8,1.0,1.0,0.00598092227798519,1.8166274725328178,0.028763107351755916,0.9878910451871774,-0.2898467241364344,0.011609339002625053,1.734,0.649340827059118,0.6298754259606298,0.6518638313414662,0.650689398245581,0.685744755442906,0.687889767834042,1000,10000,100000,0.001,5234,1000,10000,100000,5234,0.01,5.98092227798519e-05,0.00011609339002625053,0.01734,0.0025230042823481957,0.02198840538083635,0.0011744330958851634,0.033880924101439835,0.036025936492575794
40,barr_put,put,0.8,1.0,1.0,0.00598092227798519,1.8166274725328178,0.028763107351755916,0.9878910451871774,-0.2898467241364344,0.011609339002625053,1.734,-0.1297954462490085,-0.08771252038834425,-0.08355882402849238,-0.10966652363829671,-0.08572334819911091,-0.09719232537518073,1000,10000,100000,0.001,5234,1000,10000,100000,5234,0.01,5.98092227798519e-05,0.00011609339002625053,0.01734,0.04623662222051611,0.004153696359851869,0.02610769960980433,0.002164524170618534,0.013633501346688351
41,van_call,call,,1.0,1.0,0.018428708381381366,0.5391958359832381,0.03248448407529748,0.8102851207261534,-0.0750196215591512,0.07395543075612476,1.492,0.6575209772252705,0.642423843708112,0.6352003468459502,0.6465057372452634,0.6532294578001224,0.6591659898553495,1000,10000,100000,0.001,5334,1000,10000,100000,5334,0.01,0.00018428708381381366,0.0007395543075612476,0.014920000000000001,0.022320630379320305,0.007223496862161838,0.01130539039931322,0.018029110954172256,0.023965643009399296
41,van_put,put,,1.0,1.0,0.018428708381381366,0.5391958359832381,0.03248448407529748,0.8102851207261534,-0.0750196215591512,0.07395543075612476,1.492,-0.36162983819172656,-0.3623941338276329,-0.3645416874327345,-0.3463390197450955,-0.3441782380531999,-0.3390042495537829,1000,10000,100000,0.001,5334,1000,10000,100000,5334,0.01,0.00018428708381381366,0.0007395543075612476,0.014920000000000001,0.0029118492410079577,0.002147553605101604,0.018202667687639007,0.020363449379534604,0.02553743787895163
41,barr_call,call,0.8,1.0,1.0,0.018428708381381366,0.5391958359832381,0.03248448407529748,0.8102851207261534,-0.0750196215591512,0.07395543075612476,1.492,0.7693373490302191,0.6967180267981834,0.6725532340051188,0.6083756600495094,0.6925171225040799,0.7029071408776622,1000,10000,100000,0.001,5334,1000,10000,100000,5334,0.01,0.00018428708381381366,0.0007395543075612476,0.014920000000000001,0.09678411502510031,0.024164792793064604,0.06417757395560941,0.019963888498961135,0.030353906872543357
41,barr_put,put,0.8,1.0,1.0,0.018428708381381366,0.5391958359832381,0.03248448407529748,0.8102851207261534,-0.0750196215591512,0.07395543075612476,1.492,-0.04835215737086906,-0.08341220435252195,-0.060376508155034724,-0.04974790304614202,-0.05178464456124399,-0.05707696503355567,1000,10000,100000,0.001,5334,1000,10000,100000,5334,0.01,0.00018428708381381366,0.0007395543075612476,0.014920000000000001,0.012024350784165666,0.023035696197487222,0.010628605108892707,0.00859186359379073,0.003299543121479051
42,van_call,call,,1.0,1.0,0.004735527880151514,1.956837163756583,0.014231307619089695,0.6529023834997104,-0.4708683551117736,0.04398338395493922,0.37,0.6463055811693368,0.6317687948571404,0.6283778104999804,0.6148407741326745,0.6191898742016144,0.620237079485423,1000,10000,100000,0.001,5434,1000,10000,100000,5434,0.01,4.735527880151514e-05,0.0004398338395493922,0.0037,0.017927770669356358,0.0033909843571600096,0.013537036367305966,0.009187936298366006,0.008140731014557478
42,van_put,put,,1.0,1.0,0.004735527880151514,1.956837163756583,0.014231307619089695,0.6529023834997104,-0.4708683551117736,0.04398338395493922,0.37,-0.3558353238716089,-0.3672433321347146,-0.37153916599622083,-0.3822213754217804,-0.3770649306542792,-0.3757838148152462,1000,10000,100000,0.001,5434,1000,10000,100000,5434,0.01,4.735527880151514e-05,0.0004398338395493922,0.0037,0.015703842124611955,0.004295833861506226,0.010682209425559586,0.005525764658058374,0.004244648819025365
42,barr_call,call,0.8,1.0,1.0,0.004735527880151514,1.956837163756583,0.014231307619089695,0.6529023834997104,-0.4708683551117736,0.04398338395493922,0.37,0.6524305568927621,0.6324887925046353,0.6297536447945069,0.6189678637064322,0.6201798104464646,0.6222511646477469,1000,10000,100000,0.001,5434,1000,10000,100000,5434,0.01,4.735527880151514e-05,0.0004398338395493922,0.0037,0.022676912098255175,0.002735147710128394,0.010785781088074708,0.009573834348042265,0.007502480146760027
42,barr_put,put,0.8,1.0,1.0,0.004735527880151514,1.956837163756583,0.014231307619089695,0.6529023834997104,-0.4708683551117736,0.04398338395493922,0.37,-0.186385971747725,-0.18537794691305431,-0.18785659373968983,-0.24352636155586874,-0.17303728558173068,-0.19504644663176465,1000,10000,100000,0.001,5434,1000,10000,100000,5434,0.01,4.735527880151514e-05,0.0004398338395493922,0.0037,0.0014706219919648211,0.002478646826635511,0.05566976781617891,0.014819308157959149,0.007189852892074827
43,van_call,call,,1.0,1.0,0.06748809435823303,3.6602499854299526,0.012253821005705684,0.24245608532781354,-0.028814267675351002,0.00858502778008589,1.59,0.8353858397664601,0.8250733683978009,0.8234290613670716,0.8362787345942979,0.8286359118580888,0.8264514833632552,1000,10000,100000,0.001,5534,1000,10000,100000,5534,0.01,0.0006748809435823303,8.585027780085891e-05,0.0159,0.011956778399388468,0.001644307030729264,0.0128496732272263,0.005206850491017212,0.003022421996183633
43,van_put,put,,1.0,1.0,0.06748809435823303,3.6602499854299526,0.012253821005705684,0.24245608532781354,-0.028814267675351002,0.00858502778008589,1.59,-0.16818942536719114,-0.17434522516564174,-0.17683977056771935,-0.16299473939363746,-0.17143547416200478,-0.17356778489671637,1000,10000,100000,0.001,5534,1000,10000,100000,5534,0.01,0.0006748809435823303,8.585027780085891e-05,0.0159,0.008650345200528209,0.002494545402077608,0.013845031174081895,0.005404296405714576,0.0032719856710029804
43,barr_call,call,0.8,1.0,1.0,0.06748809435823303,3.6602499854299526,0.012253821005705684,0.24245608532781354,-0.028814267675351002,0.00858502778008589,1.59,0.8353858423060023,0.8258891781920699,0.8243292938149155,0.8342174479018694,0.8318148442571227,0.8283467963220061,1000,10000,100000,0.001,5534,1000,10000,100000,5534,0.01,0.0006748809435823303,8.585027780085891e-05,0.0159,0.011056548491086837,0.0015598843771543747,0.009888154086953871,0.007485550442207223,0.004017502507090653
43,barr_put,put,0.8,1.0,1.0,0.06748809435823303,3.6602499854299526,0.012253821005705684,0.24245608532781354,-0.028814267675351002,0.00858502778008589,1.59,-0.14186567837086542,-0.09051214538830267,-0.09650304734708202,-0.1257749623045636,-0.08579043424560145,-0.09763781336011491,1000,10000,100000,0.001,5534,1000,10000,100000,5534,0.01,0.0006748809435823303,8.585027780085891e-05,0.0159,0.04536263102378339,0.005990901958779354,0.029271914957481562,0.01071261310148057,0.0011347660130328896
44,van_call,call,,1.0,1.0,0.05946247799344489,0.37423251303267857,0.04110453741598716,0.5287476827921634,-0.45274723898379265,0.06001477389376113,0.673,0.725084868023891,0.7210100297406526,0.7150267781690256,0.7163347978498436,0.7098450753371857,0.7131328864446909,1000,10000,100000,0.001,5634,1000,10000,100000,5634,0.01,0.0005946247799344489,0.0006001477389376113,0.006730000000000001,0.010058089854865448,0.005983251571627046,0.0013080196808179512,0.0051817028318399405,0.0018938917243347397
44,van_put,put,,1.0,1.0,0.05946247799344489,0.37423251303267857,0.04110453741598716,0.5287476827921634,-0.45274723898379265,0.06001477389376113,0.673,-0.27613281434724146,-0.27837843866655926,-0.28440810431190483,-0.28309070115426216,-0.28875793401690397,-0.28540319272465087,1000,10000,100000,0.001,5634,1000,10000,100000,5634,0.01,0.0005946247799344489,0.0006001477389376113,0.006730000000000001,0.008275289964663368,0.006029665645345572,0.0013174031576426715,0.004349829704999142,0.0009950884127460369
44,barr_call,call,0.8,1.0,1.0,0.05946247799344489,0.37423251303267857,0.04110453741598716,0.5287476827921634,-0.45274723898379265,0.06001477389376113,0.673,0.7365560072946156,0.7442626373132324,0.7310443037369857,0.7465464389977291,0.7204830376425692,0.7277580266008915,1000,10000,100000,0.001,5634,1000,10000,100000,5634,0.01,0.0005946247799344489,0.0006001477389376113,0.006730000000000001,0.005511703557629866,0.013218333576246688,0.0155021352607434,0.010561266094416544,0.0032862771360941956
44,barr_put,put,0.8,1.0,1.0,0.05946247799344489,0.37423251303267857,0.04110453741598716,0.5287476827921634,-0.45274723898379265,0.06001477389376113,0.673,-0.08132107886204709,-0.024090561860756927,-0.04452919754620588,-0.01945896694831896,-0.05711319095296711,-0.05447785966790752,1000,10000,100000,0.001,5634,1000,10000,100000,5634,0.01,0.0005946247799344489,0.0006001477389376113,0.006730000000000001,0.03679188131584121,0.02043863568544895,0.02507023059788692,0.01258399340676123,0.009948662121701639
45,van_call,call,,1.0,1.0,0.05333101629987506,0.7798879272343763,0.03664589243631167,0.35528425610145786,-0.9935620214831115,0.14515529224952695,1.493,0.7481665100160684,0.748765959015002,0.7515629685788283,0.7474132223679569,0.7539674387426615,0.7538504728825224,1000,10000,100000,0.001,5734,1000,10000,100000,5734,0.01,0.0005333101629987506,0.0014515529224952695,0.01493,0.003396458562759941,0.002797009563826336,0.004149746210871386,0.002404470163833161,0.0022875043036940657
45,van_put,put,,1.0,1.0,0.05333101629987506,0.7798879272343763,0.03664589243631167,0.35528425610145786,-0.9935620214831115,0.14515529224952695,1.493,-0.25080209064810566,-0.24984543660244163,-0.2477712306672486,-0.24774951657082628,-0.2436722242932149,-0.24401761759786644,1000,10000,100000,0.001,5734,1000,10000,100000,5734,0.01,0.0005333101629987506,0.0014515529224952695,0.01493,0.003030859980857059,0.0020742059351930298,2.1714096422320583e-05,0.004099006374033709,0.0037536130693821557
45,barr_call,call,0.8,1.0,1.0,0.05333101629987506,0.7798879272343763,0.03664589243631167,0.35528425610145786,-0.9935620214831115,0.14515529224952695,1.493,0.8029739297339772,0.7983140273336548,0.8227263972533094,0.7210615021127326,0.790740129101955,0.8289645721959338,1000,10000,100000,0.001,5734,1000,10000,100000,5734,0.01,0.0005333101629987506,0.0014515529224952695,0.01493,0.01975246751933224,0.024412369919654675,0.10166489514057686,0.03198626815135441,0.006238174942624353
45,barr_put,put,0.8,1.0,1.0,0.05333101629987506,0.7798879272343763,0.03664589243631167,0.35528425610145786,-0.9935620214831115,0.14515529224952695,1.493,0.026607385808965545,-0.006727059687405899,0.003216704105379084,0.0077486872192395004,0.008818398063134645,0.0043245761668524825,1000,10000,100000,0.001,5734,1000,10000,100000,5734,0.01,0.0005333101629987506,0.0014515529224952695,0.01493,0.02339068170358646,0.009943763792784983,0.004531983113860417,0.005601693957755561,0.0011078720614733986
46,van_call,call,,1.0,1.0,0.004332406269480349,6.440824871494035,0.005966078195737848,0.23843103872692759,-0.5272232514710525,0.03910609036703275,0.903,0.5844847040598774,0.5871024285553756,0.5877630262394475,0.5869645034777438,0.5872780614156081,0.5895794653571818,1000,10000,100000,0.001,5834,1000,10000,100000,5834,0.01,4.332406269480349e-05,0.00039106090367032746,0.00903,0.0032783221795701367,0.0006605976840718952,0.0007985227617037793,0.00048496482383941775,0.0018164391177342143
46,van_put,put,,1.0,1.0,0.004332406269480349,6.440824871494035,0.005966078195737848,0.23843103872692759,-0.5272232514710525,0.03910609036703275,0.903,-0.4157740608052074,-0.4130122519503787,-0.412175392046997,-0.4129276025055653,-0.4120021427457647,-0.4098929553862186,1000,10000,100000,0.001,5834,1000,10000,100000,5834,0.01,4.332406269480349e-05,0.00039106090367032746,0.00903,0.0035986687582104104,0.0008368599033817259,0.0007522104585683254,0.0001732493012323033,0.0022824366607783753
46,barr_call,call,0.8,1.0,1.0,0.004332406269480349,6.440824871494035,0.005966078195737848,0.23843103872692759,-0.5272232514710525,0.03910609036703275,0.903,0.5844847040598774,0.5871036989272022,0.5877452221377533,0.5869645034777438,0.5872780614156081,0.5895267727806408,1000,10000,100000,0.001,5834,1000,10000,100000,5834,0.01,4.332406269480349e-05,0.00039106090367032746,0.00903,0.0032605180778758625,0.0006415232105511093,0.0007807186600095051,0.0004671607221451435,0.0017815506428875416
46,barr_put,put,0.8,1.0,1.0,0.004332406269480349,6.440824871494035,0.005966078195737848,0.23843103872692759,-0.5272232514710525,0.03910609036703275,0.903,-0.20193446283435987,-0.2481283793925676,-0.24515870769648318,-0.08701603850195215,-0.20350077150859297,-0.22102272304344062,1000,10000,100000,0.001,5834,1000,10000,100000,5834,0.01,4.332406269480349e-05,0.00039106090367032746,0.00903,0.04322424486212331,0.0029696716960844194,0.15814266919453102,0.04165793618789021,0.024135984653042564
47,van_call,call,,1.0,1.0,0.05614330800633979,2.30187482668375,0.028866330268980514,0.7994983775762543,-0.4779119202793206,0.07468883008854674,0.13,0.613766037258831,0.6205206626895651,0.6228883513774915,0.6124422211709474,0.6275660091096251,0.6264524811604041,1000,10000,100000,0.001,5934,1000,10000,100000,5934,0.01,0.0005614330800633979,0.0007468883008854674,0.0013000000000000002,0.00912231411866049,0.0023676886879264725,0.010446130206544169,0.004677657732133578,0.0035641297829125396
47,van_put,put,,1.0,1.0,0.05614330800633979,2.30187482668375,0.028866330268980514,0.7994983775762543,-0.4779119202793206,0.07468883008854674,0.13,-0.3868913838198415,-0.37932179644080166,-0.3769512042408201,-0.3871253324729075,-0.37141815352131347,-0.37234658657229813,1000,10000,100000,0.001,5934,1000,10000,100000,5934,0.01,0.0005614330800633979,0.0007468883008854674,0.0013000000000000002,0.00994017957902138,0.002370592199981536,0.010174128232087354,0.00553305071950666,0.004604617668521993
47,barr_call,call,0.8,1.0,1.0,0.05614330800633979,2.30187482668375,0.028866330268980514,0.7994983775762543,-0.4779119202793206,0.07468883008854674,0.13,0.6137660401636907,0.6212049217986473,0.6231288572414825,0.6124422211709474,0.6272339107707344,0.626486134778266,1000,10000,100000,0.001,5934,1000,10000,100000,5934,0.01,0.0005614330800633979,0.0007468883008854674,0.0013000000000000002,0.00936281707779174,0.0019239354428352007,0.010686636070535105,0.004105053529251945,0.0033572775367834984
47,barr_put,put,0.8,1.0,1.0,0.05614330800633979,2.30187482668375,0.028866330268980514,0.7994983775762543,-0.4779119202793206,0.07468883008854674,0.13,-0.21905483315835597,-0.26123957156223254,-0.24349981287224223,-0.2755621099842714,-0.25552785239772136,-0.24237206146395135,1000,10000,100000,0.001,5934,1000,10000,100000,5934,0.01,0.0005614330800633979,0.0007468883008854674,0.0013000000000000002,0.02444497971388626,0.01773975868999031,0.03206229711202915,0.012028039525479123,0.0011277514082908835
48,van_call,call,,1.0,1.0,0.0329668445620915,0.7668357706518263,0.0420718697902962,0.15306682005462705,-0.8477910919116677,0.009810271593034329,2.6750000000000003,0.7332260014652203,0.7422964158122491,0.7350959784142214,0.7378178101999616,0.7365735359212616,0.7386050319749704,1000,10000,100000,0.001,6034,1000,10000,100000,6034,0.01,0.00032966844562091503,9.810271593034329e-05,0.026750000000000003,0.0018699769490010398,0.007200437398027781,0.0027218317857402585,0.0014775575070402613,0.0035090535607490425
48,van_put,put,,1.0,1.0,0.0329668445620915,0.7668357706518263,0.0420718697902962,0.15306682005462705,-0.8477910919116677,0.009810271593034329,2.6750000000000003,-0.26647448307868943,-0.2577987074198651,-0.2645331918793445,-0.2621346185592788,-0.263432784103336,-0.2612048236898368,1000,10000,100000,0.001,6034,1000,10000,100000,6034,0.01,0.00032966844562091503,9.810271593034329e-05,0.026750000000000003,0.001941291199344941,0.006734484459479384,0.002398573320065711,0.0011004077760085051,0.0033283681895077133
48,barr_call,call,0.8,1.0,1.0,0.0329668445620915,0.7668357706518263,0.0420718697902962,0.15306682005462705,-0.8477910919116677,0.009810271593034329,2.6750000000000003,0.7651425980395365,0.7683596831982886,0.7863584665064483,0.7447704655993481,0.7829841479151695,0.7872040386432494,1000,10000,100000,0.001,6034,1000,10000,100000,6034,0.01,0.00032966844562091503,9.810271593034329e-05,0.026750000000000003,0.021215868466911703,0.017998783308159627,0.04158800090710013,0.003374318591278791,0.0008455721368011426
48,barr_put,put,0.8,1.0,1.0,0.0329668445620915,0.7668357706518263,0.0420718697902962,0.15306682005462705,-0.8477910919116677,0.009810271593034329,2.6750000000000003,-0.0029035569204769428,0.001350671132925585,-0.005438272584225388,0.0412742286707418,0.027245061759727934,0.0054804091302772945,1000,10000,100000,0.001,6034,1000,10000,100000,6034,0.01,0.00032966844562091503,9.810271593034329e-05,0.026750000000000003,0.002534715663748445,0.006788943717150973,0.04671250125496719,0.03268333434395332,0.010918681714502682
49,van_call,call,,1.0,1.0,0.05029668331126184,1.4016390970839239,0.012241271059571065,0.17121025136356086,-0.3457659158861117,0.01383501023296759,1.184,0.7692165248462723,0.7575266839326078,0.7557701625875864,0.7509707470014378,0.7492923028159528,0.7570555459139344,1000,10000,100000,0.001,6134,1000,10000,100000,6134,0.01,0.0005029668331126184,0.0001383501023296759,0.01184,0.013446362258685896,0.0017565213450213557,0.004799415586148603,0.006477859771633621,0.0012853833263479775
49,van_put,put,,1.0,1.0,0.05029668331126184,1.4016390970839239,0.012241271059571065,0.17121025136356086,-0.3457659158861117,0.01383501023296759,1.184,-0.23170056113417345,-0.2425710197287656,-0.24458453536784946,-0.24975912855067645,-0.2505886983608797,-0.2428444088358829,1000,10000,100000,0.001,6134,1000,10000,100000,6134,0.01,0.0005029668331126184,0.0001383501023296759,0.01184,0.012883974233676015,0.0020135156390838627,0.005174593182826981,0.006004162993030249,0.0017401265319665626
49,barr_call,call,0.8,1.0,1.0,0.05029668331126184,1.4016390970839239,0.012241271059571065,0.17121025136356086,-0.3457659158861117,0.01383501023296759,1.184,0.7681069810692983,0.7573711218767889,0.7576744909517263,0.7574121538797343,0.7494039183013126,0.7573882864174569,1000,10000,100000,0.001,6134,1000,10000,100000,6134,0.01,0.0005029668331126184,0.0001383501023296759,0.01184,0.010432490117571969,0.0003033690749374429,0.00026233707199208034,0.008270572650413754,0.0002862045342694186
49,barr_put,put,0.8,1.0,1.0,0.05029668331126184,1.4016390970839239,0.012241271059571065,0.17121025136356086,-0.3457659158861117,0.01383501023296759,1.184,-0.14726085539491438,-0.10389727742595722,-0.11986057212723371,-0.11940654457975805,-0.13111335933102664,-0.11113094077500832,1000,10000,100000,0.001,6134,1000,10000,100000,6134,0.01,0.0005029668331126184,0.0001383501023296759,0.01184,0.027400283267680667,0.015963294701276484,0.00045402754747565777,0.011252787203792927,0.00872963135222539
50,van_call,call,,1.0,1.0,0.011189431757440383,1.778100077974269,0.014914633986711348,0.6978146164204757,-0.8695563698330949,0.010381422574676105,1.307,0.7452674390271773,0.7568335115000615,0.755150678393015,0.7527286407486219,0.7588268808859419,0.756685466478562,1000,10000,100000,0.001,6234,1000,10000,100000,6234,0.01,0.00011189431757440382,0.00010381422574676105,0.01307,0.009883239365837682,0.001682833107046533,0.0024220376443930824,0.0036762024929268833,0.0015347880855470786
50,van_put,put,,1.0,1.0,0.011189431757440383,1.778100077974269,0.014914633986711348,0.6978146164204757,-0.8695563698330949,0.010381422574676105,1.307,-0.25724939759184107,-0.2434222834352552,-0.24407518865031952,-0.23974296227288958,-0.23304337860748994,-0.23514697959399478,1000,10000,100000,0.001,6234,1000,10000,100000,6234,0.01,0.00011189431757440382,0.00010381422574676105,0.01307,0.013174208941521548,0.0006529052150643089,0.004332226377429943,0.011031810042829576,0.008928209056324743
50,barr_call,call,0.8,1.0,1.0,0.011189431757440383,1.778100077974269,0.014914633986711348,0.6978146164204757,-0.8695563698330949,0.010381422574676105,1.307,0.7352943668133868,0.7559945647950941,0.7524211704057225,0.7509881220266287,0.751731174102839,0.7513515714117313,1000,10000,100000,0.001,6234,1000,10000,100000,6234,0.01,0.00011189431757440382,0.00010381422574676105,0.01307,0.01712680359233576,0.0035733943893715425,0.0014330483790938597,0.0006899963028835776,0.0010695989939912831
50,barr_put,put,0.8,1.0,1.0,0.011189431757440383,1.778100077974269,0.014914633986711348,0.6978146164204757,-0.8695563698330949,0.010381422574676105,1.307,-0.049106842460820956,-0.07440470521202962,-0.0692188861168624,-0.11363401051498286,-0.07773255367862107,-0.07183168674904433,1000,10000,100000,0.001,6234,1000,10000,100000,6234,0.01,0.00011189431757440382,0.00010381422574676105,0.01307,0.020112043656041446,0.005185819095167216,0.044415124398120454,0.00851366756175867,0.0026128006321819303
51,van_call,call,,1.0,1.0,0.060719370621848456,1.5008282134326123,0.12905138323640106,0.5710104829459058,-0.5458511262902812,0.029417897281701036,2.645,0.7768433538645036,0.7635860184320054,0.7663170902403538,0.759330564281363,0.7659726572384784,0.7662442292470428,1000,10000,100000,0.001,6334,1000,10000,100000,6334,0.01,0.0006071937062184845,0.00029417897281701035,0.02645,0.010526263624149879,0.0027310718083484176,0.006986525958990741,0.0003444330018753661,7.286099331094142e-05
51,van_put,put,,1.0,1.0,0.060719370621848456,1.5008282134326123,0.12905138323640106,0.5710104829459058,-0.5458511262902812,0.029417897281701036,2.645,-0.2428763624959987,-0.23706799820375352,-0.23439327507853297,-0.23137681324021664,-0.23341487233252273,-0.2334542122029229,1000,10000,100000,0.001,6334,1000,10000,100000,6334,0.01,0.0006071937062184845,0.00029417897281701035,0.02645,0.008483087417465729,0.002674723125220546,0.003016461838316331,0.000978402746010243,0.000939062875610075
51,barr_call,call,0.8,1.0,1.0,0.060719370621848456,1.5008282134326123,0.12905138323640106,0.5710104829459058,-0.5458511262902812,0.029417897281701036,2.645,1.0250625634853017,0.9323823689678046,0.961286281279794,0.7397329636820549,0.9315605168900704,0.9192357162023518,1000,10000,100000,0.001,6334,1000,10000,100000,6334,0.01,0.0006071937062184845,0.00029417897281701035,0.02645,0.06377628220550768,0.02890391231198941,0.2215533175977391,0.02972576438972363,0.042050565077442204
51,barr_put,put,0.8,1.0,1.0,0.060719370621848456,1.5008282134326123,0.12905138323640106,0.5710104829459058,-0.5458511262902812,0.029417897281701036,2.645,-0.010526676816149721,0.003893657148917786,0.0010656111812609032,0.004914717715291455,0.0009621314825889122,0.003047104956631374,1000,10000,100000,0.001,6334,1000,10000,100000,6334,0.01,0.0006071937062184845,0.00029417897281701035,0.02645,0.011592287997410624,0.002828045967656883,0.003849106534030552,0.00010347969867199099,0.001981493775370471
52,van_call,call,,1.0,1.0,0.05659446430505314,1.0897707528684433,0.04109353607201145,0.501766200621773,-0.017638549075004284,0.020403886377882728,2.306,0.7554234558668355,0.7833064833231179,0.779420490820093,0.7755130033354096,0.772362510367508,0.7770483618843166,1000,10000,100000,0.001,6434,1000,10000,100000,6434,0.01,0.0005659446430505314,0.00020403886377882727,0.02306,0.023997034953257557,0.0038859925030249043,0.003907487484683392,0.007057980452584989,0.0023721289357764297
52,van_put,put,,1.0,1.0,0.05659446430505314,1.0897707528684433,0.04109353607201145,0.501766200621773,-0.017638549075004284,0.020403886377882728,2.306,-0.23305214041647593,-0.2181281293394753,-0.22082862637370776,-0.23368804475918104,-0.23288113145025907,-0.22740667584061625,1000,10000,100000,0.001,6434,1000,10000,100000,6434,0.01,0.0005659446430505314,0.00020403886377882727,0.02306,0.012223514042768169,0.0027004970342324464,0.012859418385473276,0.012052505076551312,0.006578049466908487
52,barr_call,call,0.8,1.0,1.0,0.05659446430505314,1.0897707528684433,0.04109353607201145,0.501766200621773,-0.017638549075004284,0.020403886377882728,2.306,0.7778408898429678,0.834835496839359,0.8375856746577398,0.8037353521304635,0.8757298053819751,0.82570118022878,1000,10000,100000,0.001,6434,1000,10000,100000,6434,0.01,0.0005659446430505314,0.00020403886377882727,0.02306,0.05974478481477197,0.002750177818380828,0.033850322527276266,0.03814413072423528,0.01188449442895978
52,barr_put,put,0.8,1.0,1.0,0.05659446430505314,1.0897707528684433,0.04109353607201145,0.501766200621773,-0.017638549075004284,0.020403886377882728,2.306,-0.040482845021310665,-0.020132553694509822,-0.026064798570145983,-0.012086044318326133,-0.028678526183332012,-0.025579446148101502,1000,10000,100000,0.001,6434,1000,10000,100000,6434,0.01,0.0005659446430505314,0.00020403886377882727,0.02306,0.014418046451164682,0.0059322448756361605,0.01397875425181985,0.0026137276131860294,0.0004853524220444806
53,van_call,call,,1.0,1.0,0.000676406199000279,2.0288089369214366,0.008717018741840941,0.37614740233170363,-0.8674859058473853,0.07163805867094011,1.69,0.6837749895267031,0.6651560775813844,0.6618342433144075,0.6537172513188346,0.6602513874680707,0.6576087089411972,1000,10000,100000,0.001,6534,1000,10000,100000,6534,0.01,6.76406199000279e-06,0.0007163805867094012,0.0169,0.02194074621229558,0.003321834266976853,0.00811699199557292,0.0015828558463368836,0.004225534373210382
53,van_put,put,,1.0,1.0,0.000676406199000279,2.0288089369214366,0.008717018741840941,0.37614740233170363,-0.8674859058473853,0.07163805867094011,1.69,-0.3240133752426544,-0.3353649700628847,-0.3378960758275998,-0.3459363682773789,-0.3384585778414398,-0.34125605139326,1000,10000,100000,0.001,6534,1000,10000,100000,6534,0.01,6.76406199000279e-06,0.0007163805867094012,0.0169,0.013882700584945395,0.0025311057647151025,0.008040292449779107,0.000562502013840005,0.0033599755656602004
53,barr_call,call,0.8,1.0,1.0,0.000676406199000279,2.0288089369214366,0.008717018741840941,0.37614740233170363,-0.8674859058473853,0.07163805867094011,1.69,0.6856699378933684,0.6679454978249552,0.6628993851321957,0.6402642240785419,0.6531724919041138,0.6563666277073638,1000,10000,100000,0.001,6534,1000,10000,100000,6534,0.01,6.76406199000279e-06,0.0007163805867094012,0.0169,0.02277055276117268,0.005046112692759452,0.02263516105365382,0.009726893228081956,0.0065327574248319475
53,barr_put,put,0.8,1.0,1.0,0.000676406199000279,2.0288089369214366,0.008717018741840941,0.37614740233170363,-0.8674859058473853,0.07163805867094011,1.69,-0.041560844290587304,-0.027057471853918994,-0.026783125265252873,-0.014526080493160176,-0.006857866129296453,-0.01401039165854611,1000,10000,100000,0.001,6534,1000,10000,100000,6534,0.01,6.76406199000279e-06,0.0007163805867094012,0.0169,0.01477771902533443,0.000274346588666121,0.012257044772092697,0.01992525913595642,0.012772733606706763
54,van_call,call,,1.0,1.0,0.06174417088042971,1.6013943155492658,0.08537893065714665,0.11555660924473356,-0.939721078753432,0.011193056783605437,2.717,0.7561779812284425,0.7544929318785587,0.7481979089126262,0.7462276645684413,0.7532432282224083,0.7532054288492712,1000,10000,100000,0.001,6634,1000,10000,100000,6634,0.01,0.0006174417088042971,0.00011193056783605438,0.02717,0.007980072315816322,0.00629502296593254,0.0019702443441849127,0.005045319309782137,0.005007519936645055
54,van_put,put,,1.0,1.0,0.06174417088042971,1.6013943155492658,0.08537893065714665,0.11555660924473356,-0.939721078753432,0.011193056783605437,2.717,-0.24522810569907183,-0.2477733692579337,-0.2518874283112482,-0.24975116812931547,-0.24875956457405674,-0.24790529874119394,1000,10000,100000,0.001,6634,1000,10000,100000,6634,0.01,0.0006174417088042971,0.00011193056783605438,0.02717,0.006659322612176388,0.004114059053314523,0.0021362601819327476,0.003127863737191483,0.0039821295700542825
54,barr_call,call,0.8,1.0,1.0,0.06174417088042971,1.6013943155492658,0.08537893065714665,0.11555660924473356,-0.939721078753432,0.011193056783605437,2.717,0.8245247941567918,0.9791631856942845,0.9242538954175095,0.7013938280923032,0.8938657161405822,0.9294601258432733,1000,10000,100000,0.001,6634,1000,10000,100000,6634,0.01,0.0006174417088042971,0.00011193056783605438,0.02717,0.09972910126071766,0.05490929027677505,0.22286006732520625,0.030388179276927274,0.005206230425763847
54,barr_put,put,0.8,1.0,1.0,0.06174417088042971,1.6013943155492658,0.08537893065714665,0.11555660924473356,-0.939721078753432,0.011193056783605437,2.717,-0.014529444150853787,0.012252695843954818,0.005090858132180244,0.001991062292744372,0.013813820286752996,0.008179134669818655,1000,10000,100000,0.001,6634,1000,10000,100000,6634,0.01,0.0006174417088042971,0.00011193056783605438,0.02717,0.019620302283034033,0.007161837711774574,0.003099795839435872,0.008722962154572751,0.0030882765376384104
55,van_call,call,,1.0,1.0,0.09121228864331543,1.586110604626192,0.011837793134399307,0.3641741572602841,-0.9321277217178614,0.021900247285856544,2.77,0.9379002177192619,0.9334661534585675,0.932685154738605,0.9280287317042224,0.9329084272077071,0.9321607319289493,1000,10000,100000,0.001,6734,1000,10000,100000,6734,0.01,0.0009121228864331543,0.00021900247285856544,0.027700000000000002,0.0052150629806568816,0.0007809987199625112,0.0046564230343826285,0.00022327246910203158,0.0005244228096557002
55,van_put,put,,1.0,1.0,0.09121228864331543,1.586110604626192,0.011837793134399307,0.3641741572602841,-0.9321277217178614,0.021900247285856544,2.77,-0.06808990864791853,-0.0669901538639276,-0.0673671834571437,-0.06751725983445596,-0.06427416049841292,-0.06472512144730866,1000,10000,100000,0.001,6734,1000,10000,100000,6734,0.01,0.0009121228864331543,0.00021900247285856544,0.027700000000000002,0.0007227251907748339,0.0003770295932160883,0.00015007637731226375,0.003093022958730776,0.002642062009835036
55,barr_call,call,0.8,1.0,1.0,0.09121228864331543,1.586110604626192,0.011837793134399307,0.3641741572602841,-0.9321277217178614,0.021900247285856544,2.77,0.9156900145635694,0.9758422137347844,0.9870443457140082,0.9066094610715308,0.9722746993766906,0.9656565544789414,1000,10000,100000,0.001,6734,1000,10000,100000,6734,0.01,0.0009121228864331543,0.00021900247285856544,0.027700000000000002,0.07135433115043888,0.011202131979223817,0.08043488464247739,0.014769646337317588,0.021387791235066844
55,barr_put,put,0.8,1.0,1.0,0.09121228864331543,1.586110604626192,0.011837793134399307,0.3641741572602841,-0.9321277217178614,0.021900247285856544,2.77,-0.006763503476194628,-0.001178356221355763,-0.0005524245502773841,-0.010735736109958727,-0.006591076570821956,-0.002088596988590347,1000,10000,100000,0.001,6734,1000,10000,100000,6734,0.01,0.0009121228864331543,0.00021900247285856544,0.027700000000000002,0.006211078925917244,0.0006259316710783788,0.010183311559681343,0.0060386520205445715,0.001536172438312963
56,van_call,call,,1.0,1.0,0.07905241330570334,1.5574028308657861,0.03459461966884258,0.34101456905099353,-0.9038539529570551,0.07979845658523997,1.45,0.7793755830203808,0.7853280849790756,0.7851142514748166,0.7851367645559021,0.785765256643492,0.7867923695054485,1000,10000,100000,0.001,6834,1000,10000,100000,6834,0.01,0.0007905241330570334,0.0007979845658523997,0.014499999999999999,0.005738668454435825,0.00021383350425896452,2.2513081085473452e-05,0.0006510051686753338,0.0016781180306318921
56,van_put,put,,1.0,1.0,0.07905241330570334,1.5574028308657861,0.03459461966884258,0.34101456905099353,-0.9038539529570551,0.07979845658523997,1.45,-0.2159124811129988,-0.21423031993423255,-0.21445678985451758,-0.21421282483416945,-0.21385007992949373,-0.21343617869210713,1000,10000,100000,0.001,6834,1000,10000,100000,6834,0.01,0.0007905241330570334,0.0007979845658523997,0.014499999999999999,0.0014556912584812176,0.00022646992028502178,0.00024396502034812473,0.0006067099250238461,0.0010206111624104508
56,barr_call,call,0.8,1.0,1.0,0.07905241330570334,1.5574028308657861,0.03459461966884258,0.34101456905099353,-0.9038539529570551,0.07979845658523997,1.45,0.7807189454030444,0.8387764640821915,0.8432933701367745,0.7925856580929425,0.8396242382043728,0.8319707193364917,1000,10000,100000,0.001,6834,1000,10000,100000,6834,0.01,0.0007905241330570334,0.0007979845658523997,0.014499999999999999,0.0625744247337301,0.004516906054582992,0.050707712043832065,0.0036691319324017035,0.01132265080028283
56,barr_put,put,0.8,1.0,1.0,0.07905241330570334,1.5574028308657861,0.03459461966884258,0.34101456905099353,-0.9038539529570551,0.07979845658523997,1.45,-0.02684595626070876,-5.29715686753765e-05,-0.0025666359762154672,0.006858602606993596,-0.004194466336796855,0.0027534107144563686,1000,10000,100000,0.001,6834,1000,10000,100000,6834,0.01,0.0007905241330570334,0.0007979845658523997,0.014499999999999999,0.024279320284493294,0.0025136644075400907,0.009425238583209063,0.001627830360581388,0.005320046690671836
57,van_call,call,,1.0,1.0,0.09920814661883615,1.287305865596558,0.09474839572959562,0.1330530415009443,-0.18065762508748073,0.010982985537384044,1.74,0.7717950566174719,0.7659931767599215,0.7650487785801491,0.754704676396431,0.767035198288174,0.7678401804983109,1000,10000,100000,0.001,6934,1000,10000,100000,6934,0.01,0.0009920814661883615,0.00010982985537384044,0.0174,0.0067462780373228615,0.0009443981797724321,0.010344102183718062,0.0019864197080249335,0.002791401918161851
57,van_put,put,,1.0,1.0,0.09920814661883615,1.287305865596558,0.09474839572959562,0.1330530415009443,-0.18065762508748073,0.010982985537384044,1.74,-0.22251217341435273,-0.23310054063954838,-0.23446299435527368,-0.24583931001669126,-0.231567176049563,-0.2323941009211919,1000,10000,100000,0.001,6934,1000,10000,100000,6934,0.01,0.0009920814661883615,0.00010982985537384044,0.0174,0.011950820940920953,0.001362453715725298,0.011376315661417585,0.0028958183057106734,0.0020688934340817866
57,barr_call,call,0.8,1.0,1.0,0.09920814661883615,1.287305865596558,0.09474839572959562,0.1330530415009443,-0.18065762508748073,0.010982985537384044,1.74,0.8229677233166199,0.8497511215635745,0.868550495197859,0.8093243493805802,0.8575179572137048,0.8592583237365586,1000,10000,100000,0.001,6934,1000,10000,100000,6934,0.01,0.0009920814661883615,0.00010982985537384044,0.0174,0.04558277188123905,0.018799373634284522,0.05922614581727881,0.011032537984154156,0.009292171461300347
57,barr_put,put,0.8,1.0,1.0,0.09920814661883615,1.287305865596558,0.09474839572959562,0.1330530415009443,-0.18065762508748073,0.010982985537384044,1.74,-0.012661604361834371,-0.004427529092454821,-0.0007093115318440243,0.01812279677558294,-0.003085882688834765,0.007393814889438723,1000,10000,100000,0.001,6934,1000,10000,100000,6934,0.01,0.0009920814661883615,0.00010982985537384044,0.0174,0.011952292829990347,0.0037182175606107967,0.018832108307426966,0.002376571156990741,0.008103126421282747
58,van_call,call,,1.0,1.0,0.09588017621528666,0.07354656392969239,0.09432031844352456,0.823635620132514,-0.37039349577733605,0.1096749618800786,0.183,0.6303559792416424,0.6419345812413608,0.6394712919011586,0.6367806491575,0.6240230878392005,0.6259697397125702,1000,10000,100000,0.001,7034,1000,10000,100000,7034,0.01,0.0009588017621528667,0.001096749618800786,0.00183,0.00911531265951615,0.002463289340202235,0.0026906427436586,0.015448204061958126,0.013501552188588395
58,van_put,put,,1.0,1.0,0.09588017621528666,0.07354656392969239,0.09432031844352456,0.823635620132514,-0.37039349577733605,0.1096749618800786,0.183,-0.37063225170368,-0.35780899804221733,-0.36051377083602326,-0.35367970413952216,-0.365430262956197,-0.363593792018118,1000,10000,100000,0.001,7034,1000,10000,100000,7034,0.01,0.0009588017621528667,0.001096749618800786,0.00183,0.010118480867656765,0.002704772793805932,0.0068340666965011065,0.004916492120173754,0.0030800211820947165
58,barr_call,call,0.8,1.0,1.0,0.09588017621528666,0.07354656392969239,0.09432031844352456,0.823635620132514,-0.37039349577733605,0.1096749618800786,0.183,0.6386192373174878,0.6451140039073155,0.6432586474647242,0.6368717955126085,0.6380706080145438,0.6282099633803085,1000,10000,100000,0.001,7034,1000,10000,100000,7034,0.01,0.0009588017621528667,0.001096749618800786,0.00183,0.004639410147236345,0.0018553564425913827,0.006386851952115635,0.005188039450180315,0.01504868408441562
58,barr_put,put,0.8,1.0,1.0,0.09588017621528666,0.07354656392969239,0.09432031844352456,0.823635620132514,-0.37039349577733605,0.1096749618800786,0.183,-0.12507451511303383,-0.12447323274356291,-0.1254160192405599,-0.13874030958460626,-0.13598834854963054,-0.11647497546470181,1000,10000,100000,0.001,7034,1000,10000,100000,7034,0.01,0.0009588017621528667,0.001096749618800786,0.00183,0.0003415041275260655,0.0009427864969969862,0.013324290344046363,0.01057232930907065,0.008941043775858082
59,van_call,call,,1.0,1.0,0.07919641352916398,0.37941802862768165,0.054132901046398604,0.4004196015651358,-0.21636899485892525,0.047148338969613894,0.507,0.6718967140611792,0.6803830470365396,0.6868155804062706,0.6769017971595084,0.6882569281589507,0.6890964849608633,1000,10000,100000,0.001,7134,1000,10000,100000,7134,0.01,0.0007919641352916399,0.00047148338969613894,0.00507,0.01491886634509132,0.006432533369730931,0.009913783246762176,0.0014413477526801222,0.002280904554592733
59,van_put,put,,1.0,1.0,0.07919641352916398,0.37941802862768165,0.054132901046398604,0.4004196015651358,-0.21636899485892525,0.047148338969613894,0.507,-0.32639296644144944,-0.3189542541375809,-0.3135063310981512,-0.3232551351855448,-0.3124289321286555,-0.31131632253907915,1000,10000,100000,0.001,7134,1000,10000,100000,7134,0.01,0.0007919641352916399,0.00047148338969613894,0.00507,0.012886635343298258,0.005447923039429703,0.009748804087393592,0.0010773989694956576,0.002190008559072032
59,barr_call,call,0.8,1.0,1.0,0.07919641352916398,0.37941802862768165,0.054132901046398604,0.4004196015651358,-0.21636899485892525,0.047148338969613894,0.507,0.7406251956122947,0.6888979166611464,0.6929043779354868,0.6724134248621574,0.6934402788490196,0.695807929233272,1000,10000,100000,0.001,7134,1000,10000,100000,7134,0.01,0.0007919641352916399,0.00047148338969613894,0.00507,0.047720817676807914,0.004006461274340345,0.020490953073329377,0.0005359009135328385,0.0029035512977851896
59,barr_put,put,0.8,1.0,1.0,0.07919641352916398,0.37941802862768165,0.054132901046398604,0.4004196015651358,-0.21636899485892525,0.047148338969613894,0.507,-0.14934057517834823,-0.09394735556091383,-0.10256232788162477,-0.08976816168174764,-0.11529519758849675,-0.10583783714342154,1000,10000,100000,0.001,7134,1000,10000,100000,7134,0.01,0.0007919641352916399,0.00047148338969613894,0.00507,0.04677824729672346,0.008614972320710942,0.012794166199877124,0.012732869706871985,0.0032755092617967746
60,van_call,call,,1.0,1.0,0.02852509600245098,1.8807766366742973,0.040054815702289366,0.9026980161107769,-0.9228645972378391,0.002731192546782271,1.26,0.7810621624143033,0.7958418289388619,0.7917170927726869,0.8159349707783453,0.8041136075505342,0.806006808179345,1000,10000,100000,0.001,7234,1000,10000,100000,7234,0.01,0.00028525096002450983,2.7311925467822707e-05,0.0126,0.010654930358383607,0.004124736166175036,0.024217878005658444,0.012396514777847312,0.014289715406658132
60,van_put,put,,1.0,1.0,0.02852509600245098,1.8807766366742973,0.040054815702289366,0.9026980161107769,-0.9228645972378391,0.002731192546782271,1.26,-0.21788323736350104,-0.20465875202960032,-0.2083797686818739,-0.18220546666839893,-0.19295444745954168,-0.1922543801047734,1000,10000,100000,0.001,7234,1000,10000,100000,7234,0.01,0.00028525096002450983,2.7311925467822707e-05,0.0126,0.00950346868162713,0.00372101665227359,0.02617430201347498,0.015425321222332228,0.016125388577100525
60,barr_call,call,0.8,1.0,1.0,0.02852509600245098,1.8807766366742973,0.040054815702289366,0.9026980161107769,-0.9228645972378391,0.002731192546782271,1.26,0.7758552312141037,0.7843423923402648,0.7864875404814022,0.8061915282103274,0.786873550495612,0.7947978241982109,1000,10000,100000,0.001,7234,1000,10000,100000,7234,0.01,0.00028525096002450983,2.7311925467822707e-05,0.0126,0.010632309267298523,0.0021451481411374207,0.01970398772892512,0.0003860100142097922,0.008310283716808642
60,barr_put,put,0.8,1.0,1.0,0.02852509600245098,1.8807766366742973,0.040054815702289366,0.9026980161107769,-0.9228645972378391,0.002731192546782271,1.26,-0.022246952492582274,-0.02378272840754549,-0.028965040060127286,0.0009594255986577777,-0.019857672863597207,-0.027389686033479216,1000,10000,100000,0.001,7234,1000,10000,100000,7234,0.01,0.00028525096002450983,2.7311925467822707e-05,0.0126,0.006718087567545012,0.005182311652581796,0.029924465658785065,0.009107367196530079,0.0015753540266480702
61,van_call,call,,1.0,1.0,0.062491670530591105,0.7945598039024946,0.05412992985480898,0.8293179101689894,-0.02800168923431845,0.00395165549089573,2.499,0.8108225969146593,0.8175397297952552,0.818202050194608,0.8598082908871374,0.8641255983634577,0.8639127284642723,1000,10000,100000,0.001,7334,1000,10000,100000,7334,0.01,0.0006249167053059111,3.9516554908957305e-05,0.024990000000000002,0.007379453279948711,0.0006623203993527671,0.041606240692529384,0.04592354816884969,0.04571067826966424
61,van_put,put,,1.0,1.0,0.062491670530591105,0.7945598039024946,0.05412992985480898,0.8293179101689894,-0.02800168923431845,0.00395165549089573,2.499,-0.18229630699134677,-0.18396690415532976,-0.18209172046003905,-0.1667676326372665,-0.16285598890594943,-0.16438017562422982,1000,10000,100000,0.001,7334,1000,10000,100000,7334,0.01,0.0006249167053059111,3.9516554908957305e-05,0.024990000000000002,0.00020458653130772664,0.0018751836952907164,0.015324087822772559,0.019235731554089613,0.017711544835809223
61,barr_call,call,0.8,1.0,1.0,0.062491670530591105,0.7945598039024946,0.05412992985480898,0.8293179101689894,-0.02800168923431845,0.00395165549089573,2.499,0.814754473860077,0.9053953788435098,0.8801035871338014,0.8196294160831175,0.9559757731874785,0.9446006176165561,1000,10000,100000,0.001,7334,1000,10000,100000,7334,0.01,0.0006249167053059111,3.9516554908957305e-05,0.024990000000000002,0.06534911327372439,0.02529179170970841,0.06047417105068398,0.07587218605367707,0.06449703048275468
61,barr_put,put,0.8,1.0,1.0,0.062491670530591105,0.7945598039024946,0.05412992985480898,0.8293179101689894,-0.02800168923431845,0.00395165549089573,2.499,-0.03478546430821126,-0.02974134028037945,-0.023793214041797472,-0.02835423870494666,-0.024035696392006936,-0.03259590248019355,1000,10000,100000,0.001,7334,1000,10000,100000,7334,0.01,0.0006249167053059111,3.9516554908957305e-05,0.024990000000000002,0.010992250266413785,0.005948126238581979,0.004561024663149189,0.00024248235020946432,0.008802688438396076
62,van_call,call,,1.0,1.0,0.04780937956706746,1.8020544617891696,0.03206762909881881,0.9676910867887331,-0.11716643700835838,0.0025785609053501474,1.421,0.7605095967895492,0.7615578392717856,0.7513427558871133,0.7980016125890693,0.7949059577853703,0.796788967959422,1000,10000,100000,0.001,7434,1000,10000,100000,7434,0.01,0.0004780937956706746,2.5785609053501475e-05,0.01421,0.009166840902435913,0.010215083384672252,0.04665885670195602,0.04356320189825702,0.0454462120723087
62,van_put,put,,1.0,1.0,0.04780937956706746,1.8020544617891696,0.03206762909881881,0.9676910867887331,-0.11716643700835838,0.0025785609053501474,1.421,-0.242456122763781,-0.24189436473139245,-0.24952643462587062,-0.21301857147348993,-0.21659576871264039,-0.21487652125335743,1000,10000,100000,0.001,7434,1000,10000,100000,7434,0.01,0.0004780937956706746,2.5785609053501475e-05,0.01421,0.007070311862089618,0.007632069894478177,0.03650786315238069,0.03293066591323024,0.03464991337251319
62,barr_call,call,0.8,1.0,1.0,0.04780937956706746,1.8020544617891696,0.03206762909881881,0.9676910867887331,-0.11716643700835838,0.0025785609053501474,1.421,0.7480399449721078,0.7885171359981055,0.7704849446605544,0.8987430049618064,0.8119282305343756,0.8195257067042799,1000,10000,100000,0.001,7434,1000,10000,100000,7434,0.01,0.0004780937956706746,2.5785609053501475e-05,0.01421,0.0224449996884466,0.018032191337551073,0.12825806030125197,0.04144328587382118,0.04904076204372554
62,barr_put,put,0.8,1.0,1.0,0.04780937956706746,1.8020544617891696,0.03206762909881881,0.9676910867887331,-0.11716643700835838,0.0025785609053501474,1.421,-0.0471863639608024,-0.07914839263835141,-0.08440757235059874,-0.13085241315180396,-0.1037468993695818,-0.0903969315362631,1000,10000,100000,0.001,7434,1000,10000,100000,7434,0.01,0.0004780937956706746,2.5785609053501475e-05,0.01421,0.03722120838979635,0.005259179712247333,0.046444840801205214,0.019339327018983055,0.0059893591856643585
63,van_call,call,,1.0,1.0,0.019567517866589824,2.1003417842381804,0.07706013369480799,0.9619426574519516,-0.36956687085041695,0.011237726670045477,2.111,0.6624897324017109,0.6748285582307834,0.6772104676368823,0.6814054063194963,0.683208406557384,0.6864626718559003,1000,10000,100000,0.001,7534,1000,10000,100000,7534,0.01,0.00019567517866589824,0.00011237726670045478,0.021110000000000004,0.014720735235171367,0.0023819094060989476,0.004194938682614002,0.005997938920501711,0.009252204219017957
63,van_put,put,,1.0,1.0,0.019567517866589824,2.1003417842381804,0.07706013369480799,0.9619426574519516,-0.36956687085041695,0.011237726670045477,2.111,-0.3315620883391629,-0.3265179377177588,-0.321278310518161,-0.3183489317726662,-0.3154907260030121,-0.3124251966532682,1000,10000,100000,0.001,7534,1000,10000,100000,7534,0.01,0.00019567517866589824,0.00011237726670045478,0.021110000000000004,0.010283777821001872,0.005239627199597752,0.002929378745494815,0.005787584515148936,0.008853113864892848
63,barr_call,call,0.8,1.0,1.0,0.019567517866589824,2.1003417842381804,0.07706013369480799,0.9619426574519516,-0.36956687085041695,0.011237726670045477,2.111,0.7694079006909965,0.715625808125267,0.7454883347925545,0.7279845805856472,0.7125168116931396,0.7243027997668072,1000,10000,100000,0.001,7534,1000,10000,100000,7534,0.01,0.00019567517866589824,0.00011237726670045478,0.021110000000000004,0.02391956589844202,0.029862526667287503,0.017503754206907307,0.03297152309941487,0.02118553502574727
63,barr_put,put,0.8,1.0,1.0,0.019567517866589824,2.1003417842381804,0.07706013369480799,0.9619426574519516,-0.36956687085041695,0.011237726670045477,2.111,0.0008953388963568731,-0.012881030303268492,-0.007947022721152119,0.008940918754992994,-0.008285347296570472,-0.0022518289796972894,1000,10000,100000,0.001,7534,1000,10000,100000,7534,0.01,0.00019567517866589824,0.00011237726670045478,0.021110000000000004,0.008842361617508992,0.004934007582116373,0.016887941476145113,0.0003383245754183528,0.005695193741454829
64,van_call,call,,1.0,1.0,0.03823174520315065,0.31631078215143543,0.05905576244940423,0.6320489544352162,-0.07092691145553198,0.011219682715315918,1.95,0.7339252497843243,0.7571583424834105,0.759384308703094,0.7606270422956265,0.7610924437125229,0.7650535422503824,1000,10000,100000,0.001,7634,1000,10000,100000,7634,0.01,0.0003823174520315065,0.00011219682715315918,0.0195,0.02545905891876976,0.0022259662196835173,0.0012427335925324634,0.0017081350094289016,0.0056692335472883215
64,van_put,put,,1.0,1.0,0.03823174520315065,0.31631078215143543,0.05905576244940423,0.6320489544352162,-0.07092691145553198,0.011219682715315918,1.95,-0.2560514729329187,-0.2403686792467663,-0.23961498000835343,-0.24429598074775793,-0.2441659726253563,-0.24075153058089396,1000,10000,100000,0.001,7634,1000,10000,100000,7634,0.01,0.0003823174520315065,0.00011219682715315918,0.0195,0.016436492924565255,0.0007536992384128693,0.0046810007394045006,0.004550992617002869,0.001136550572540529
64,barr_call,call,0.8,1.0,1.0,0.03823174520315065,0.31631078215143543,0.05905576244940423,0.6320489544352162,-0.07092691145553198,0.011219682715315918,1.95,0.7537445366414721,0.7513776289352209,0.7837060048704949,0.7416278765782477,0.7706639459580722,0.7953046343486092,1000,10000,100000,0.001,7634,1000,10000,100000,7634,0.01,0.0003823174520315065,0.00011219682715315918,0.0195,0.029961468229022792,0.032328375935274045,0.04207812829224722,0.013042058912422716,0.011598629478114297
64,barr_put,put,0.8,1.0,1.0,0.03823174520315065,0.31631078215143543,0.05905576244940423,0.6320489544352162,-0.07092691145553198,0.011219682715315918,1.95,-0.065873181135611,-0.06225556282945313,-0.07399226999463981,-0.039836079228813825,-0.06902203829231099,-0.07444667906446843,1000,10000,100000,0.001,7634,1000,10000,100000,7634,0.01,0.0003823174520315065,0.00011219682715315918,0.0195,0.008119088859028817,0.011736707165186683,0.03415619076582599,0.004970231702328826,0.00045440906982861795
65,van_call,call,,1.0,1.0,0.005387368514623659,2.8785159706979133,0.022323414758519462,0.38035298743306767,-0.6018733943497371,0.03760723183279425,2.0020000000000002,0.6277321850801487,0.624473678456415,0.6257840756204516,0.6342551017487305,0.6273038378941123,0.6281094503841025,1000,10000,100000,0.001,7734,1000,10000,100000,7734,0.01,5.387368514623659e-05,0.0003760723183279425,0.020020000000000003,0.0019481094596971449,0.0013103971640365808,0.00847102612827888,0.0015197622736606853,0.0023253747636509114
65,van_put,put,,1.0,1.0,0.005387368514623659,2.8785159706979133,0.022323414758519462,0.38035298743306767,-0.6018733943497371,0.03760723183279425,2.0020000000000002,-0.37339635340363636,-0.37497849733891114,-0.37414166147118344,-0.36514736214870863,-0.3723691290077408,-0.37196005770678553,1000,10000,100000,0.001,7734,1000,10000,100000,7734,0.01,5.387368514623659e-05,0.0003760723183279425,0.020020000000000003,0.0007453080675470791,0.0008368358677277032,0.008994299322474808,0.0017725324634426665,0.0021816037643979103
65,barr_call,call,0.8,1.0,1.0,0.005387368514623659,2.8785159706979133,0.022323414758519462,0.38035298743306767,-0.6018733943497371,0.03760723183279425,2.0020000000000002,0.6054073598311851,0.6334291163277356,0.6367493357874038,0.6228843937129774,0.6366314006213083,0.6352656184219027,1000,10000,100000,0.001,7734,1000,10000,100000,7734,0.01,5.387368514623659e-05,0.0003760723183279425,0.020020000000000003,0.03134197595621868,0.0033202194596682055,0.013864942074426345,0.00011793516609548416,0.0014837173655011249
65,barr_put,put,0.8,1.0,1.0,0.005387368514623659,2.8785159706979133,0.022323414758519462,0.38035298743306767,-0.6018733943497371,0.03760723183279425,2.0020000000000002,-0.05239409042724977,-0.015005491273478375,-0.01772345458528647,-0.05625320040465818,-0.01837513273285924,-0.0068864942319661615,1000,10000,100000,0.001,7734,1000,10000,100000,7734,0.01,5.387368514623659e-05,0.0003760723183279425,0.020020000000000003,0.034670635841963296,0.002717963311808097,0.03852974581937171,0.0006516781475727693,0.01083696035332031
66,van_call,call,,1.0,1.0,0.045164840826085906,1.5800841240054018,0.0359366998314343,0.9265786572520547,-0.5110739033656886,0.008512007096214412,2.331,0.8139835709561449,0.8037072186596744,0.7982646494097773,0.8412037459261779,0.8305223215667207,0.8336714908781212,1000,10000,100000,0.001,7834,1000,10000,100000,7834,0.01,0.00045164840826085906,8.512007096214412e-05,0.02331,0.01571892154636767,0.005442569249897167,0.0429390965164006,0.03225767215694342,0.03540684146834394
66,van_put,put,,1.0,1.0,0.045164840826085906,1.5800841240054018,0.0359366998314343,0.9265786572520547,-0.5110739033656886,0.008512007096214412,2.331,-0.18979065359785094,-0.19702912122529365,-0.20036501179787405,-0.1661045984346944,-0.17392420847634968,-0.17073245563614045,1000,10000,100000,0.001,7834,1000,10000,100000,7834,0.01,0.00045164840826085906,8.512007096214412e-05,0.02331,0.010574358200023115,0.0033358905725804078,0.03426041336317964,0.026440803321524375,0.029632556161733603
66,barr_call,call,0.8,1.0,1.0,0.045164840826085906,1.5800841240054018,0.0359366998314343,0.9265786572520547,-0.5110739033656886,0.008512007096214412,2.331,0.7967022869415391,0.8411258503656788,0.8393525063853102,0.8020134872893853,0.8364156137108003,0.8636704133602957,1000,10000,100000,0.001,7834,1000,10000,100000,7834,0.01,0.00045164840826085906,8.512007096214412e-05,0.02331,0.04265021944377112,0.001773343980368547,0.037339019095924963,0.0029368926745099166,0.02431790697498548
66,barr_put,put,0.8,1.0,1.0,0.045164840826085906,1.5800841240054018,0.0359366998314343,0.9265786572520547,-0.5110739033656886,0.008512007096214412,2.331,0.020077173315816155,-0.013595781527853644,-0.014595293097419875,-0.0581552062156581,-0.011300876390948292,-0.017715229981997902,1000,10000,100000,0.001,7834,1000,10000,100000,7834,0.01,0.00045164840826085906,8.512007096214412e-05,0.02331,0.03467246641323603,0.0009995115695662308,0.04355991311823823,0.0032944167064715823,0.0031199368845780274
67,van_call,call,,1.0,1.0,0.09820047415219546,1.803748830204483,0.048554299182468896,0.14558541060821611,-0.3141967657094895,0.1516224891851535,0.101,0.5723262926808415,0.5789889246131427,0.5763169364403048,0.5655836039259781,0.5700367596429646,0.5717364317662038,1000,10000,100000,0.001,7934,1000,10000,100000,7934,0.01,0.0009820047415219546,0.0015162248918515352,0.00101,0.0039906437594633415,0.002671988172837869,0.010733332514326732,0.0062801767973401645,0.0045805046741009825
67,van_put,put,,1.0,1.0,0.09820047415219546,1.803748830204483,0.048554299182468896,0.14558541060821611,-0.3141967657094895,0.1516224891851535,0.101,-0.42815149294822413,-0.4209496818754661,-0.42368965319575025,-0.43260380946270466,-0.42869581767760734,-0.42714589965203165,1000,10000,100000,0.001,7934,1000,10000,100000,7934,0.01,0.0009820047415219546,0.0015162248918515352,0.00101,0.004461839752473884,0.0027399713202841403,0.00891415626695441,0.005006164481857089,0.0034562464562813977
67,barr_call,call,0.8,1.0,1.0,0.09820047415219546,1.803748830204483,0.048554299182468896,0.14558541060821611,-0.3141967657094895,0.1516224891851535,0.101,0.5723262935945294,0.5793091146508396,0.5764050557380079,0.5645792186847486,0.5700201612823856,0.5716788907828653,1000,10000,100000,0.001,7934,1000,10000,100000,7934,0.01,0.0009820047415219546,0.0015162248918515352,0.00101,0.004078762143478576,0.0029040589128316308,0.011825837053259347,0.006384894455622292,0.004726164955142664
67,barr_put,put,0.8,1.0,1.0,0.09820047415219546,1.803748830204483,0.048554299182468896,0.14558541060821611,-0.3141967657094895,0.1516224891851535,0.101,-0.31632846174547113,-0.2004680284387012,-0.21628604948594615,-0.238527847250896,-0.25016422014757717,-0.23531126939700836,1000,10000,100000,0.001,7934,1000,10000,100000,7934,0.01,0.0009820047415219546,0.0015162248918515352,0.00101,0.10004241225952498,0.015818021047244946,0.02224179776494986,0.03387817066163101,0.019025219911062208
68,van_call,call,,1.0,1.0,0.0123942700486963,3.0786533794750577,0.223806022934424,0.30316841325403127,-0.7184034201440276,0.13191841226760534,0.972,0.6148708777766299,0.6181775173699611,0.6204647487509152,0.6225325685177197,0.6252651054400621,0.6251767691171417,1000,10000,100000,0.001,8034,1000,10000,100000,8034,0.01,0.000123942700486963,0.0013191841226760535,0.00972,0.00559387097428532,0.0022872313809541023,0.0020678197668044795,0.004800356689146912,0.0047120203662265325
68,van_put,put,,1.0,1.0,0.0123942700486963,3.0786533794750577,0.223806022934424,0.30316841325403127,-0.7184034201440276,0.13191841226760534,0.972,-0.38260474956352264,-0.3810281223979445,-0.3796464287740331,-0.37563990731513397,-0.376632218675943,-0.37485224176909415,1000,10000,100000,0.001,8034,1000,10000,100000,8034,0.01,0.000123942700486963,0.0013191841226760535,0.00972,0.0029583207894895436,0.0013816936239113842,0.004006521458899126,0.0030142100980901088,0.0047941870049389435
68,barr_call,call,0.8,1.0,1.0,0.0123942700486963,3.0786533794750577,0.223806022934424,0.30316841325403127,-0.7184034201440276,0.13191841226760534,0.972,0.7715686197944466,0.7596586754716,0.753102598985686,0.8074793832722998,0.7222834166316139,0.7266501755279847,1000,10000,100000,0.001,8034,1000,10000,100000,8034,0.01,0.000123942700486963,0.0013191841226760535,0.00972,0.018466020808760586,0.006556076485914053,0.054376784286613855,0.030819182354072105,0.02645242345770127
68,barr_put,put,0.8,1.0,1.0,0.0123942700486963,3.0786533794750577,0.223806022934424,0.30316841325403127,-0.7184034201440276,0.13191841226760534,0.972,-0.002154880784529037,0.01071179017539661,0.008112587215873199,0.019781953339516625,0.027608459533270912,0.019621981779727744,1000,10000,100000,0.001,8034,1000,10000,100000,8034,0.01,0.000123942700486963,0.0013191841226760535,0.00972,0.010267468000402236,0.0025992029595234105,0.011669366123643426,0.019495872317397713,0.011509394563854546
69,van_call,call,,1.0,1.0,0.01193808979262484,2.617104887731196,0.0770609284613162,0.4264354888066404,-0.3233000457551848,0.007112517202038765,2.117,0.6390125245711392,0.6304792422178629,0.6243012140021625,0.627312011769407,0.627159454286294,0.6278394247824476,1000,10000,100000,0.001,8134,1000,10000,100000,8134,0.01,0.0001193808979262484,7.112517202038765e-05,0.02117,0.014711310568976677,0.0061780282157003485,0.003010797767244444,0.002858240284131508,0.003538210780285045
69,van_put,put,,1.0,1.0,0.01193808979262484,2.617104887731196,0.0770609284613162,0.4264354888066404,-0.3233000457551848,0.007112517202038765,2.117,-0.37339541652997854,-0.37333499194109054,-0.3750532158132508,-0.3736772049902193,-0.3734752479411463,-0.372715366382409,1000,10000,100000,0.001,8134,1000,10000,100000,8134,0.01,0.0001193808979262484,7.112517202038765e-05,0.02117,0.0016577992832722543,0.0017182238721602516,0.001376010823031515,0.0015779678721045132,0.0023378494308418096
69,barr_call,call,0.8,1.0,1.0,0.01193808979262484,2.617104887731196,0.0770609284613162,0.4264354888066404,-0.3233000457551848,0.007112517202038765,2.117,0.8155854694080727,0.7184345917164547,0.7078273112726102,0.7349565718529072,0.7677128428695668,0.7295952660178434,1000,10000,100000,0.001,8134,1000,10000,100000,8134,0.01,0.0001193808979262484,7.112517202038765e-05,0.02117,0.10775815813546252,0.010607280443844513,0.027129260580296966,0.05988553159695653,0.021767954745233187
69,barr_put,put,0.8,1.0,1.0,0.01193808979262484,2.617104887731196,0.0770609284613162,0.4264354888066404,-0.3233000457551848,0.007112517202038765,2.117,0.04928045910713883,0.004726546184858141,0.007806082662801476,0.05060159179560899,0.014095130935172333,0.0162739332988846,1000,10000,100000,0.001,8134,1000,10000,100000,8134,0.01,0.0001193808979262484,7.112517202038765e-05,0.02117,0.04147437644433735,0.003079536477943335,0.04279550913280751,0.006289048272370857,0.008467850636083123
70,van_call,call,,1.0,1.0,0.07385230561433469,2.636472423471224,0.1391058202916909,0.4710301314044383,-0.5042682871086326,0.05829367083043266,0.364,0.6478103541497123,0.6406633623305277,0.6386326256116805,0.6407265255980634,0.6414039521035086,0.6424382242627826,1000,10000,100000,0.001,8234,1000,10000,100000,8234,0.01,0.0007385230561433469,0.0005829367083043266,0.00364,0.009177728538031782,0.002030736718847126,0.0020938999863828744,0.0027713264918280966,0.0038055986511020823
70,van_put,put,,1.0,1.0,0.07385230561433469,2.636472423471224,0.1391058202916909,0.4710301314044383,-0.5042682871086326,0.05829367083043266,0.364,-0.35597799838764516,-0.3586247431962015,-0.361384818715689,-0.36058564288373796,-0.358695158744083,-0.35780050607335034,1000,10000,100000,0.001,8234,1000,10000,100000,8234,0.01,0.0007385230561433469,0.0005829367083043266,0.00364,0.005406820328043849,0.0027600755194874815,0.0007991758319510489,0.0026896599716060288,0.0035843126423386606
70,barr_call,call,0.8,1.0,1.0,0.07385230561433469,2.636472423471224,0.1391058202916909,0.4710301314044383,-0.5042682871086326,0.05829367083043266,0.364,0.6642741940692573,0.6459188154743639,0.6470777525944229,0.6281041985378613,0.6443791164775211,0.6477647984126491,1000,10000,100000,0.001,8234,1000,10000,100000,8234,0.01,0.0007385230561433469,0.0005829367083043266,0.00364,0.017196441474834345,0.0011589371200589893,0.018973554056561648,0.002698636116901798,0.0006870458182262063
70,barr_put,put,0.8,1.0,1.0,0.07385230561433469,2.636472423471224,0.1391058202916909,0.4710301314044383,-0.5042682871086326,0.05829367083043266,0.364,-0.11028365514772244,-0.05277219092334369,-0.05021996245532061,-0.09921578444577646,-0.04653318096678495,-0.04555403130688286,1000,10000,100000,0.001,8234,1000,10000,100000,8234,0.01,0.0007385230561433469,0.0005829367083043266,0.00364,0.06006369269240183,0.0025522284680230822,0.04899582199045585,0.0036867814885356565,0.004665931148437746
71,van_call,call,,1.0,1.0,0.058730363346398466,4.6449192984217555,0.01109534551517175,0.9501591661195067,-0.2088580183272335,0.0052008595907209335,1.619,0.828954316332503,0.8122611088115891,0.8170518717403443,0.8413021779969873,0.8334346211864837,0.8340484166286868,1000,10000,100000,0.001,8334,1000,10000,100000,8334,0.01,0.0005873036334639847,5.2008595907209334e-05,0.01619,0.011902444592158723,0.004790762928755243,0.02425030625664293,0.016382749446139377,0.016996544888342457
71,van_put,put,,1.0,1.0,0.058730363346398466,4.6449192984217555,0.01109534551517175,0.9501591661195067,-0.2088580183272335,0.0052008595907209335,1.619,-0.1696603225421034,-0.18896568488407406,-0.18309167301102275,-0.15346088579286168,-0.1608078004429532,-0.1601105057863433,1000,10000,100000,0.001,8334,1000,10000,100000,8334,0.01,0.0005873036334639847,5.2008595907209334e-05,0.01619,0.013431350468919356,0.00587401187305131,0.029630787218161064,0.022283872568069546,0.02298116722467944
71,barr_call,call,0.8,1.0,1.0,0.058730363346398466,4.6449192984217555,0.01109534551517175,0.9501591661195067,-0.2088580183272335,0.0052008595907209335,1.619,0.8425014579077017,0.8261134593489317,0.8261373882951158,0.8654217644576397,0.8431828580715547,0.841581976581568,1000,10000,100000,0.001,8334,1000,10000,100000,8334,0.01,0.0005873036334639847,5.2008595907209334e-05,0.01619,0.016364069612585852,2.3928946184192945e-05,0.03928437616252389,0.017045469776438837,0.015444588286452121
71,barr_put,put,0.8,1.0,1.0,0.058730363346398466,4.6449192984217555,0.01109534551517175,0.9501591661195067,-0.2088580183272335,0.0052008595907209335,1.619,-0.052764787590265164,-0.07496167861470128,-0.06090298293731774,-0.06488172653416396,-0.07872189069152921,-0.07827958197262298,1000,10000,100000,0.001,8334,1000,10000,100000,8334,0.01,0.0005873036334639847,5.2008595907209334e-05,0.01619,0.008138195347052575,0.014058695677383541,0.003978743596846225,0.017818907754211473,0.017376599035305244
72,van_call,call,,1.0,1.0,0.047163253432036784,1.8425389789264448,0.007726486029007871,0.621444290523665,-0.7811664690488346,0.02545004375596973,2.694,0.8563829861806038,0.868910289710681,0.8636589694843239,0.8545995719070276,0.864270054906266,0.8629669215614116,1000,10000,100000,0.001,8434,1000,10000,100000,8434,0.01,0.00047163253432036783,0.0002545004375596973,0.02694,0.007275983303720035,0.0052513202263571035,0.009059397577296235,0.0006110854219421036,0.0006920479229122201
72,van_put,put,,1.0,1.0,0.047163253432036784,1.8425389789264448,0.007726486029007871,0.621444290523665,-0.7811664690488346,0.02545004375596973,2.694,-0.14242110550527973,-0.1313866830082451,-0.13579733158155735,-0.12632978839464853,-0.12061102773649537,-0.1213382168248317,1000,10000,100000,0.001,8434,1000,10000,100000,8434,0.01,0.00047163253432036783,0.0002545004375596973,0.02694,0.006623773923722376,0.004410648573312248,0.009467543186908817,0.015186303845061977,0.01445911475672565
72,barr_call,call,0.8,1.0,1.0,0.047163253432036784,1.8425389789264448,0.007726486029007871,0.621444290523665,-0.7811664690488346,0.02545004375596973,2.694,0.8978234749806829,0.8898012184634263,0.8804211412950236,0.8590601461660075,0.8754208343939224,0.8757029831040347,1000,10000,100000,0.001,8434,1000,10000,100000,8434,0.01,0.00047163253432036783,0.0002545004375596973,0.02694,0.017402333685659355,0.009380077168402723,0.021360995129016125,0.005000306901101204,0.004718158190988864
72,barr_put,put,0.8,1.0,1.0,0.047163253432036784,1.8425389789264448,0.007726486029007871,0.621444290523665,-0.7811664690488346,0.02545004375596973,2.694,-0.0026885630919876603,-0.008873240103524993,-0.008729254328144358,-0.02572136128085006,-0.016546719781149796,-0.009011083419305557,1000,10000,100000,0.001,8434,1000,10000,100000,8434,0.01,0.00047163253432036783,0.0002545004375596973,0.02694,0.0060406912361566974,0.00014398577538063569,0.016992106952705702,0.007817465453005438,0.0002818290911611992
73,van_call,call,,1.0,1.0,0.01071268171938663,1.4364623528717078,0.05658212440023093,0.2680841360137432,-0.2538041634286704,0.03684761516815924,2.895,0.6132158193789788,0.632506017109502,0.629452187825949,0.6374827569866043,0.6342901642673288,0.6343176118970395,1000,10000,100000,0.001,8534,1000,10000,100000,8534,0.01,0.0001071268171938663,0.0003684761516815924,0.02895,0.016236368446970184,0.0030538292835530223,0.008030569160655254,0.004837976441379732,0.004865424071090474
73,van_put,put,,1.0,1.0,0.01071268171938663,1.4364623528717078,0.05658212440023093,0.2680841360137432,-0.2538041634286704,0.03684761516815924,2.895,-0.3842306102996351,-0.3693282538132586,-0.37080939925004663,-0.3655041941581588,-0.3674269728501739,-0.3664648611981236,1000,10000,100000,0.001,8534,1000,10000,100000,8534,0.01,0.0001071268171938663,0.0003684761516815924,0.02895,0.013421211049588488,0.0014811454367880117,0.00530520509188781,0.00338242639987274,0.00434453805192303
73,barr_call,call,0.8,1.0,1.0,0.01071268171938663,1.4364623528717078,0.05658212440023093,0.2680841360137432,-0.2538041634286704,0.03684761516815924,2.895,0.687110069408442,0.7423015461134969,0.7377312874943337,0.7201477946224166,0.729455430319384,0.7143577893650166,1000,10000,100000,0.001,8534,1000,10000,100000,8534,0.01,0.0001071268171938663,0.0003684761516815924,0.02895,0.050621218085891706,0.004570258619163159,0.017583492871917072,0.008275857174949719,0.023373498129317105
73,barr_put,put,0.8,1.0,1.0,0.01071268171938663,1.4364623528717078,0.05658212440023093,0.2680841360137432,-0.2538041634286704,0.03684761516815924,2.895,0.024658475843073638,0.0013153758353923184,0.008854125940251523,-0.007153267629245001,0.02768725474369205,0.01633319058861535,1000,10000,100000,0.001,8534,1000,10000,100000,8534,0.01,0.0001071268171938663,0.0003684761516815924,0.02895,0.015804349902822114,0.007538750104859205,0.016007393569496525,0.018833128803440527,0.007479064648363825
74,van_call,call,,1.0,1.0,0.022921856546061794,1.7217310549337173,0.10797893186479911,0.6368361987645279,-0.5458889530675514,0.03353130433829715,2.146,0.6927075001077032,0.6949209211710772,0.6875194838846993,0.708492308099179,0.6902662578613911,0.690540045820287,1000,10000,100000,0.001,8634,1000,10000,100000,8634,0.01,0.00022921856546061795,0.00033531304338297154,0.02146,0.005188016223003911,0.007401437286377877,0.020972824214479657,0.002746773976691763,0.003020561935587751
74,van_put,put,,1.0,1.0,0.022921856546061794,1.7217310549337173,0.10797893186479911,0.6368361987645279,-0.5458889530675514,0.03353130433829715,2.146,-0.29407453394867666,-0.3095205447264521,-0.3124330614125259,-0.30292296977555144,-0.3095946007117517,-0.30959743789267247,1000,10000,100000,0.001,8634,1000,10000,100000,8634,0.01,0.00022921856546061795,0.00033531304338297154,0.02146,0.01835852746384925,0.0029125166860738405,0.009510091636974471,0.0028384607007742035,0.0028356235198534474
74,barr_call,call,0.8,1.0,1.0,0.022921856546061794,1.7217310549337173,0.10797893186479911,0.6368361987645279,-0.5458889530675514,0.03353130433829715,2.146,0.5730072859284202,0.8535481522743527,0.7790957923042352,0.7452352196191725,0.8081326834612462,0.7790444860666462,1000,10000,100000,0.001,8634,1000,10000,100000,8634,0.01,0.00022921856546061795,0.00033531304338297154,0.02146,0.206088506375815,0.07445235997011745,0.033860572685062706,0.029036891157011024,5.130623758897723e-05
74,barr_put,put,0.8,1.0,1.0,0.022921856546061794,1.7217310549337173,0.10797893186479911,0.6368361987645279,-0.5458889530675514,0.03353130433829715,2.146,0.014056491004415693,-0.007514691871606492,0.001731390802326132,0.023853509933081114,0.005805182481437472,0.0050673824490699015,1000,10000,100000,0.001,8634,1000,10000,100000,8634,0.01,0.00022921856546061795,0.00033531304338297154,0.02146,0.01232510020208956,0.009246082673932624,0.022122119130754982,0.00407379167911134,0.0033359916467437696
75,van_call,call,,1.0,1.0,0.08999651948366755,2.608909786454989,0.057124121065921206,0.9403806674676282,-0.5917376730625038,0.08578401811367285,2.316,0.8257980487088173,0.8354701942383691,0.8377137041297,0.8401880967531861,0.8459489745497567,0.8403018142065427,1000,10000,100000,0.001,8734,1000,10000,100000,8734,0.01,0.0008999651948366755,0.0008578401811367286,0.02316,0.011915655420882687,0.0022435098913309304,0.0024743926234860325,0.008235270420056673,0.0025881100768426757
75,van_put,put,,1.0,1.0,0.08999651948366755,2.608909786454989,0.057124121065921206,0.9403806674676282,-0.5917376730625038,0.08578401811367285,2.316,-0.1642670687176391,-0.16275220997600676,-0.16407640030805248,-0.16090838185736714,-0.15428736459978387,-0.15987040765546578,1000,10000,100000,0.001,8734,1000,10000,100000,8734,0.01,0.0008999651948366755,0.0008578401811367286,0.02316,0.00019066840958661957,0.0013241903320457271,0.003168018450685345,0.009789035708268612,0.004205992652586699
75,barr_call,call,0.8,1.0,1.0,0.08999651948366755,2.608909786454989,0.057124121065921206,0.9403806674676282,-0.5917376730625038,0.08578401811367285,2.316,0.929277903868328,0.9417134822252704,0.9738283178360452,1.0536236590994423,0.9709946218753401,0.9616455954973735,1000,10000,100000,0.001,8734,1000,10000,100000,8734,0.01,0.0008999651948366755,0.0008578401811367286,0.02316,0.044550413967717195,0.03211483561077477,0.07979534126339716,0.0028336959607050405,0.012182722338671681
75,barr_put,put,0.8,1.0,1.0,0.08999651948366755,2.608909786454989,0.057124121065921206,0.9403806674676282,-0.5917376730625038,0.08578401811367285,2.316,-0.0083435107845109,0.0022751005702544664,-0.00035237274833733057,0.023311142263952127,0.005592919613092457,0.0016496213687344687,1000,10000,100000,0.001,8734,1000,10000,100000,8734,0.01,0.0008999651948366755,0.0008578401811367286,0.02316,0.00799113803617357,0.002627473318591797,0.023663515012289457,0.005945292361429788,0.0020019941170717993
76,van_call,call,,1.0,1.0,0.04167535378026932,0.7858059890776705,0.010808060568663406,0.22072432632384426,-0.07735651409579225,0.05886952875772649,1.099,0.6472174332600485,0.646707657563092,0.6473203033135838,0.6407734122548122,0.6500839131768174,0.6475637722377553,1000,10000,100000,0.001,8834,1000,10000,100000,8834,0.01,0.0004167535378026932,0.0005886952875772649,0.01099,0.00010287005353526446,0.0006126457504918026,0.006546891058771598,0.0027636098632335404,0.00024346892417148602
76,van_put,put,,1.0,1.0,0.04167535378026932,0.7858059890776705,0.010808060568663406,0.22072432632384426,-0.07735651409579225,0.05886952875772649,1.099,-0.3513792516480596,-0.3536974533170124,-0.3526480632074079,-0.3574144871600633,-0.348867287892151,-0.35111342310923177,1000,10000,100000,0.001,8834,1000,10000,100000,8834,0.01,0.0004167535378026932,0.0005886952875772649,0.01099,0.0012688115593482707,0.001049390109604531,0.004766423952655419,0.00378077531525689,0.00153464009817611
76,barr_call,call,0.8,1.0,1.0,0.04167535378026932,0.7858059890776705,0.010808060568663406,0.22072432632384426,-0.07735651409579225,0.05886952875772649,1.099,0.6422393100003476,0.6625878670610347,0.6731630182125178,0.6550921684121149,0.6589068974246478,0.6680494363975955,1000,10000,100000,0.001,8834,1000,10000,100000,8834,0.01,0.0004167535378026932,0.0005886952875772649,0.01099,0.030923708212170165,0.010575151151483109,0.018070849800402855,0.014256120787869975,0.0051135818149222745
76,barr_put,put,0.8,1.0,1.0,0.04167535378026932,0.7858059890776705,0.010808060568663406,0.22072432632384426,-0.07735651409579225,0.05886952875772649,1.099,-0.014415018126708035,-0.032731424495403665,-0.027217664827615742,-0.017759129300323057,-0.029666457178389137,-0.026905048863346687,1000,10000,100000,0.001,8834,1000,10000,100000,8834,0.01,0.0004167535378026932,0.0005886952875772649,0.01099,0.012802646700907708,0.005513759667787922,0.009458535527292686,0.0024487923507733947,0.0003126159642690557
77,van_call,call,,1.0,1.0,0.05358516625316159,0.9052914723792205,0.23523540994263809,0.9840551772580132,-0.8492793564435509,0.02362104693419537,0.8300000000000001,0.7582008884540248,0.7704470253510634,0.7630286429860036,0.7566773738188245,0.7594445828204107,0.7592094092508702,1000,10000,100000,0.001,8934,1000,10000,100000,8934,0.01,0.0005358516625316159,0.00023621046934195372,0.0083,0.004827754531978812,0.007418382365059761,0.006351269167179097,0.0035840601655928728,0.003819233735133376
77,van_put,put,,1.0,1.0,0.05358516625316159,0.9052914723792205,0.23523540994263809,0.9840551772580132,-0.8492793564435509,0.02362104693419537,0.8300000000000001,-0.23469505455626788,-0.2301563999960926,-0.2367895605168202,-0.24210548866374637,-0.23918862375427452,-0.24031603159370418,1000,10000,100000,0.001,8934,1000,10000,100000,8934,0.01,0.0005358516625316159,0.00023621046934195372,0.0083,0.0020945059605523286,0.006633160520727599,0.005315928146926163,0.002399063237454313,0.0035264710768839747
77,barr_call,call,0.8,1.0,1.0,0.05358516625316159,0.9052914723792205,0.23523540994263809,0.9840551772580132,-0.8492793564435509,0.02362104693419537,0.8300000000000001,0.7534543155230291,0.794182476566388,0.7719098520885898,0.7291314223539138,0.8023830007352878,0.7737965843869584,1000,10000,100000,0.001,8934,1000,10000,100000,8934,0.01,0.0005358516625316159,0.00023621046934195372,0.0083,0.01845553656556065,0.02227262447779821,0.04277842973467594,0.030473148646698034,0.0018867322983686652
77,barr_put,put,0.8,1.0,1.0,0.05358516625316159,0.9052914723792205,0.23523540994263809,0.9840551772580132,-0.8492793564435509,0.02362104693419537,0.8300000000000001,-0.005583855549466709,-0.016438083565463446,-0.012299488204796979,-0.014666947079848038,-0.008083824210236828,-0.01234483078288674,1000,10000,100000,0.001,8934,1000,10000,100000,8934,0.01,0.0005358516625316159,0.00023621046934195372,0.0083,0.00671563265533027,0.004138595360666467,0.0023674588750510588,0.004215663994560151,4.534257808976039e-05
78,van_call,call,,1.0,1.0,0.0006208516587129398,0.5204290351577043,0.08665752785975898,0.2384880879007287,-0.8690171486490751,0.04054622448807358,2.035,0.6482315850145942,0.6468709849026449,0.6527861208084157,0.649952252299027,0.6533335214150282,0.6541907445711953,1000,10000,100000,0.001,9034,1000,10000,100000,9034,0.01,6.208516587129399e-06,0.0004054622448807358,0.020350000000000004,0.004554535793821479,0.005915135905770752,0.002833868509388715,0.0005474006066125137,0.001404623762779611
78,van_put,put,,1.0,1.0,0.0006208516587129398,0.5204290351577043,0.08665752785975898,0.2384880879007287,-0.8690171486490751,0.04054622448807358,2.035,-0.35195796606468654,-0.3527070466903176,-0.3472966168175509,-0.348805739303297,-0.3467824843018885,-0.34628541393008083,1000,10000,100000,0.001,9034,1000,10000,100000,9034,0.01,6.208516587129399e-06,0.0004054622448807358,0.020350000000000004,0.004661349247135627,0.005410429872766687,0.0015091224857460839,0.0005141325156624021,0.0010112028874700862
78,barr_call,call,0.8,1.0,1.0,0.0006208516587129398,0.5204290351577043,0.08665752785975898,0.2384880879007287,-0.8690171486490751,0.04054622448807358,2.035,0.6690604812148462,0.6964296170183626,0.70359761149439,0.6230769669419461,0.6759569203881238,0.6888160118479827,1000,10000,100000,0.001,9034,1000,10000,100000,9034,0.01,6.208516587129399e-06,0.0004054622448807358,0.020350000000000004,0.03453713027954386,0.0071679944760274505,0.0805206445524439,0.027640691106266213,0.01478159964640735
78,barr_put,put,0.8,1.0,1.0,0.0006208516587129398,0.5204290351577043,0.08665752785975898,0.2384880879007287,-0.8690171486490751,0.04054622448807358,2.035,0.028111264038700387,-0.007553919149622893,0.004755014597338739,-0.01272087166709979,0.003371595590800306,0.01625082472571449,1000,10000,100000,0.001,9034,1000,10000,100000,9034,0.01,6.208516587129399e-06,0.0004054622448807358,0.020350000000000004,0.023356249441361648,0.012308933746961633,0.01747588626443853,0.0013834190065384333,0.01149581012837575
79,van_call,call,,1.0,1.0,0.030064170577030116,3.4553689738038083,0.00943877305936046,0.8386553237125671,-0.618109923314811,0.03379402333799656,0.533,0.715724588821056,0.7192939706033075,0.7243010354497245,0.7111514621797973,0.710180686518845,0.7077189196898078,1000,10000,100000,0.001,9134,1000,10000,100000,9134,0.01,0.0003006417057703012,0.0003379402333799656,0.0053300000000000005,0.00857644662866841,0.0050070648464169976,0.013149573269927162,0.014120348930879434,0.016582115759916638
79,van_put,put,,1.0,1.0,0.030064170577030116,3.4553689738038083,0.00943877305936046,0.8386553237125671,-0.618109923314811,0.03379402333799656,0.533,-0.286955329307885,-0.2794905555349329,-0.2757513660181343,-0.27917902269779943,-0.2815073445341678,-0.28428091072107625,1000,10000,100000,0.001,9134,1000,10000,100000,9134,0.01,0.0003006417057703012,0.0003379402333799656,0.0053300000000000005,0.011203963289750651,0.00373918951679858,0.003427656679665103,0.005755978516033489,0.008529544702941927
79,barr_call,call,0.8,1.0,1.0,0.030064170577030116,3.4553689738038083,0.00943877305936046,0.8386553237125671,-0.618109923314811,0.03379402333799656,0.533,0.7165931773866617,0.724844001628009,0.7253237098489573,0.7136051636521361,0.7118637798192342,0.7079542814625917,1000,10000,100000,0.001,9134,1000,10000,100000,9134,0.01,0.0003006417057703012,0.0003379402333799656,0.0053300000000000005,0.008730532462295604,0.0004797082209483383,0.011718546196821222,0.013459930029723122,0.017369428386365682
79,barr_put,put,0.8,1.0,1.0,0.030064170577030116,3.4553689738038083,0.00943877305936046,0.8386553237125671,-0.618109923314811,0.03379402333799656,0.533,-0.18000446295404327,-0.15207999179672055,-0.14322819237577983,-0.07782638451891144,-0.11972829552041891,-0.13177912990299678,1000,10000,100000,0.001,9134,1000,10000,100000,9134,0.01,0.0003006417057703012,0.0003379402333799656,0.0053300000000000005,0.03677627057826344,0.00885179942094072,0.06540180785686839,0.023499896855360913,0.011449062472783045
80,van_call,call,,1.0,1.0,0.04368931721756102,2.565892024848704,0.12085220739748087,0.709782827272153,-0.45801339688121245,0.07175310239090696,1.466,0.6887523109790822,0.6836190039571005,0.6860754398966135,0.6871511521490264,0.684421505516325,0.690333643384386,1000,10000,100000,0.001,9234,1000,10000,100000,9234,0.01,0.00043689317217561024,0.0007175310239090696,0.01466,0.0026768710824687236,0.0024564359395129465,0.0010757122524129858,0.001653934380288491,0.004258203487772505
80,van_put,put,,1.0,1.0,0.04368931721756102,2.565892024848704,0.12085220739748087,0.709782827272153,-0.45801339688121245,0.07175310239090696,1.466,-0.310682882616628,-0.3138076167354856,-0.3142163503034562,-0.31212523888608096,-0.31298131085870234,-0.3099378876417522,1000,10000,100000,0.001,9234,1000,10000,100000,9234,0.01,0.00043689317217561024,0.0007175310239090696,0.01466,0.0035334676868281623,0.00040873356797060945,0.0020911114173752243,0.0012350394447538382,0.004278462661704008
80,barr_call,call,0.8,1.0,1.0,0.04368931721756102,2.565892024848704,0.12085220739748087,0.709782827272153,-0.45801339688121245,0.07175310239090696,1.466,0.9552832600446509,0.7753310726292623,0.7978880799416277,0.8940647961828752,0.7869139362498057,0.7760330867692317,1000,10000,100000,0.001,9234,1000,10000,100000,9234,0.01,0.00043689317217561024,0.0007175310239090696,0.01466,0.15739518010302322,0.02255700731236543,0.09617671624124746,0.010974143691822036,0.02185499317239603
80,barr_put,put,0.8,1.0,1.0,0.04368931721756102,2.565892024848704,0.12085220739748087,0.709782827272153,-0.45801339688121245,0.07175310239090696,1.466,0.03035509913274963,0.010103707124531564,0.0018147613127558748,-0.017313815421978254,0.00737440488700657,0.004023931365591078,1000,10000,100000,0.001,9234,1000,10000,100000,9234,0.01,0.00043689317217561024,0.0007175310239090696,0.01466,0.028540337819993756,0.008288945811775689,0.01912857673473413,0.005559643574250695,0.002209170052835203
81,van_call,call,,1.0,1.0,0.06121489970657576,4.6717529376359455,0.003368634436269925,0.46368033371760686,-0.05562984157967954,0.11432475598601197,0.165,0.571446613517753,0.5804292266633642,0.5787124774401347,0.5826847589206229,0.5832198663250611,0.580281016631079,1000,10000,100000,0.001,9334,1000,10000,100000,9334,0.01,0.0006121489970657576,0.0011432475598601196,0.0016500000000000002,0.007265863922381599,0.0017167492232295078,0.003972281480488227,0.004507388884926411,0.0015685391909443513
81,van_put,put,,1.0,1.0,0.06121489970657576,4.6717529376359455,0.003368634436269925,0.46368033371760686,-0.05562984157967954,0.11432475598601197,0.165,-0.4258756938915434,-0.41983691787554345,-0.42125840634411743,-0.417080633982516,-0.415824920190571,-0.4187132463046715,1000,10000,100000,0.001,9334,1000,10000,100000,9334,0.01,0.0006121489970657576,0.0011432475598601196,0.0016500000000000002,0.004617287547425963,0.0014214884685739837,0.0041777723616014395,0.005433486153546441,0.0025451600394459373
81,barr_call,call,0.8,1.0,1.0,0.06121489970657576,4.6717529376359455,0.003368634436269925,0.46368033371760686,-0.05562984157967954,0.11432475598601197,0.165,0.5708754235655727,0.5808992523529094,0.5787506007556114,0.5826847589206229,0.5833220198405875,0.5805469107996515,1000,10000,100000,0.001,9334,1000,10000,100000,9334,0.01,0.0006121489970657576,0.0011432475598601196,0.0016500000000000002,0.007875177190038607,0.0021486515972980458,0.003934158165011525,0.004571419084976158,0.001796310044040128
81,barr_put,put,0.8,1.0,1.0,0.06121489970657576,4.6717529376359455,0.003368634436269925,0.46368033371760686,-0.05562984157967954,0.11432475598601197,0.165,-0.2260855755052936,-0.22805163477555845,-0.24055378783298595,-0.289079513138028,-0.2308927600583873,-0.2459244470362658,1000,10000,100000,0.001,9334,1000,10000,100000,9334,0.01,0.0006121489970657576,0.0011432475598601196,0.0016500000000000002,0.014468212327692354,0.012502153057427495,0.04852572530504204,0.009661027774598652,0.005370659203279837
82,van_call,call,,1.0,1.0,0.09181980753805731,3.209104799075106,0.0034719413226580306,0.29555833721617564,-0.67674123059594,0.09653054301688607,2.303,0.8835910182871248,0.898616655993853,0.8992314880434477,0.9080905007678858,0.9011312966762774,0.8979640748487949,1000,10000,100000,0.001,9434,1000,10000,100000,9434,0.01,0.0009181980753805732,0.0009653054301688608,0.02303,0.015640469756322828,0.0006148320495946713,0.00885901272443812,0.0018998086328297914,0.0012674131946527334
82,van_put,put,,1.0,1.0,0.09181980753805731,3.209104799075106,0.0034719413226580306,0.29555833721617564,-0.67674123059594,0.09653054301688607,2.303,-0.11658783960887732,-0.1004169338122831,-0.10068435913669141,-0.09336399461534368,-0.09837232996896798,-0.10133918822977372,1000,10000,100000,0.001,9434,1000,10000,100000,9434,0.01,0.0009181980753805732,0.0009653054301688608,0.02303,0.015903480472185913,0.00026742532440830746,0.007320364521347725,0.0023120291677234256,0.0006548290930823153
82,barr_call,call,0.8,1.0,1.0,0.09181980753805731,3.209104799075106,0.0034719413226580306,0.29555833721617564,-0.67674123059594,0.09653054301688607,2.303,0.9585716527859861,0.9632817565111917,0.9673827307891153,1.0084332986198123,0.9738567885854477,0.9472067758283909,1000,10000,100000,0.001,9434,1000,10000,100000,9434,0.01,0.0009181980753805732,0.0009653054301688608,0.02303,0.008811078003129191,0.0041009742779235525,0.04105056783069705,0.0064740577963323664,0.02017595496072444
82,barr_put,put,0.8,1.0,1.0,0.09181980753805731,3.209104799075106,0.0034719413226580306,0.29555833721617564,-0.67674123059594,0.09653054301688607,2.303,-0.010884845265957923,-0.00413815147595071,-0.002321542364673026,0.00907860663102427,0.002184842953755666,0.0011404723613898092,1000,10000,100000,0.001,9434,1000,10000,100000,9434,0.01,0.0009181980753805732,0.0009653054301688608,0.02303,0.008563302901284897,0.001816609111277684,0.011400148995697296,0.004506385318428691,0.003462014726062835
83,van_call,call,,1.0,1.0,0.06257366699625354,0.43716692586629585,0.008349680365262086,0.7962262617089162,-0.902558021368159,0.008353269350047718,0.6960000000000001,0.8679818877646635,0.8761493848518827,0.8758545054449951,0.798501427944346,0.8048805258927844,0.8022238167002371,1000,10000,100000,0.001,9534,1000,10000,100000,9534,0.01,0.0006257366699625354,8.353269350047718e-05,0.006960000000000001,0.00787261768033165,0.0002948794068875493,0.07735307750064913,0.07097397955221074,0.07363068874475798
83,van_put,put,,1.0,1.0,0.06257366699625354,0.43716692586629585,0.008349680365262086,0.7962262617089162,-0.902558021368159,0.008353269350047718,0.6960000000000001,-0.12920248998767037,-0.12456699891369681,-0.12413496005128054,-0.1640575882532809,-0.1558699022641101,-0.15855443040108316,1000,10000,100000,0.001,9534,1000,10000,100000,9534,0.01,0.0006257366699625354,8.353269350047718e-05,0.006960000000000001,0.005067529936389828,0.000432038862416273,0.03992262820200036,0.03173494221282956,0.034419470349802625
83,barr_call,call,0.8,1.0,1.0,0.06257366699625354,0.43716692586629585,0.008349680365262086,0.7962262617089162,-0.902558021368159,0.008353269350047718,0.6960000000000001,0.8577220747536224,0.8721271943077015,0.8746901796698424,0.8061259586354854,0.7936834007618875,0.7894880899507788,1000,10000,100000,0.001,9534,1000,10000,100000,9534,0.01,0.0006257366699625354,8.353269350047718e-05,0.006960000000000001,0.016968104916220028,0.002562985362140946,0.068564221034357,0.08100677890795493,0.08520208971906362
83,barr_put,put,0.8,1.0,1.0,0.06257366699625354,0.43716692586629585,0.008349680365262086,0.7962262617089162,-0.902558021368159,0.008353269350047718,0.6960000000000001,-0.015624553475211689,-0.03520872704687616,-0.04182111836462713,-0.05976630490690791,-0.0497531344347987,-0.04184450723188726,1000,10000,100000,0.001,9534,1000,10000,100000,9534,0.01,0.0006257366699625354,8.353269350047718e-05,0.006960000000000001,0.026196564889415443,0.0066123913177509736,0.017945186542280778,0.00793201607017157,2.3388867260130952e-05
84,van_call,call,,1.0,1.0,0.07059975650817733,1.247781420790103,0.06088609172175468,0.8629263362177563,-0.0526127403753236,0.007910059044100188,2.5380000000000003,0.8014290951234931,0.8108569928414078,0.811625095804358,0.8287652886902225,0.8401282714494918,0.8406788566697937,1000,10000,100000,0.001,9634,1000,10000,100000,9634,0.01,0.0007059975650817733,7.910059044100188e-05,0.025380000000000003,0.010196000680864903,0.0007681029629502678,0.017140192885864436,0.028503175645133716,0.02905376086543565
84,van_put,put,,1.0,1.0,0.07059975650817733,1.247781420790103,0.06088609172175468,0.8629263362177563,-0.0526127403753236,0.007910059044100188,2.5380000000000003,-0.18758080213345865,-0.18600345307411628,-0.18783856723819936,-0.18552417438536598,-0.1772090296074856,-0.1776151173491572,1000,10000,100000,0.001,9634,1000,10000,100000,9634,0.01,0.0007059975650817733,7.910059044100188e-05,0.025380000000000003,0.00025776510474070924,0.0018351141640830793,0.0023143928528333857,0.010629537630713753,0.010223449889042169
84,barr_call,call,0.8,1.0,1.0,0.07059975650817733,1.247781420790103,0.06088609172175468,0.8629263362177563,-0.0526127403753236,0.007910059044100188,2.5380000000000003,0.8157113260256754,0.897650515818757,0.8825483743658574,0.91480357187185,0.9254042058645467,0.9135927826543516,1000,10000,100000,0.001,9634,1000,10000,100000,9634,0.01,0.0007059975650817733,7.910059044100188e-05,0.025380000000000003,0.066837048340182,0.015102141452899565,0.032255197505992594,0.04285583149868932,0.031044408288494196
84,barr_put,put,0.8,1.0,1.0,0.07059975650817733,1.247781420790103,0.06088609172175468,0.8629263362177563,-0.0526127403753236,0.007910059044100188,2.5380000000000003,-0.04170421367405892,-0.009615951728065338,-0.01253471438627399,0.007842919855121939,-0.011851673854835522,-0.018520473841832693,1000,10000,100000,0.001,9634,1000,10000,100000,9634,0.01,0.0007059975650817733,7.910059044100188e-05,0.025380000000000003,0.029169499287784926,0.0029187626582086526,0.02037763424139593,0.000683040531438469,0.005985759455558702
85,van_call,call,,1.0,1.0,0.014983371598992724,5.822023181578184,0.1047704720490633,0.5767296578838959,-0.14296517839506773,0.09884987534032795,2.347,0.639664632177675,0.6331448452360722,0.6338474985282228,0.6258653497074967,0.6361500827116479,0.634242465427623,1000,10000,100000,0.001,9734,1000,10000,100000,9734,0.01,0.00014983371598992725,0.0009884987534032794,0.02347,0.005817133649452244,0.000702653292150579,0.00798214882072601,0.002302584183425105,0.00039496689940021756
85,van_put,put,,1.0,1.0,0.014983371598992724,5.822023181578184,0.1047704720490633,0.5767296578838959,-0.14296517839506773,0.09884987534032795,2.347,-0.36396903465820696,-0.3695720200890984,-0.36682399714901004,-0.3723335177326814,-0.3654166067963316,-0.36633732705408095,1000,10000,100000,0.001,9734,1000,10000,100000,9734,0.01,0.00014983371598992725,0.0009884987534032794,0.02347,0.0028549624908030813,0.002748022940088357,0.005509520583671379,0.0014073903526784504,0.00048667009492908697
85,barr_call,call,0.8,1.0,1.0,0.014983371598992724,5.822023181578184,0.1047704720490633,0.5767296578838959,-0.14296517839506773,0.09884987534032795,2.347,0.7988008080870135,0.8535646239754058,0.814768237175531,0.6224184032425445,0.7309828306345467,0.7996700004881341,1000,10000,100000,0.001,9734,1000,10000,100000,9734,0.01,0.00014983371598992725,0.0009884987534032794,0.02347,0.01596742908851756,0.03879638679987474,0.19234983393298655,0.08378540654098432,0.01509823668739696
85,barr_put,put,0.8,1.0,1.0,0.014983371598992724,5.822023181578184,0.1047704720490633,0.5767296578838959,-0.14296517839506773,0.09884987534032795,2.347,-0.0022543044030928078,0.01183712016551105,0.00705421176383364,0.005918504906852248,0.013180528590205727,0.013217280973541225,1000,10000,100000,0.001,9734,1000,10000,100000,9734,0.01,0.00014983371598992725,0.0009884987534032794,0.02347,0.009308516166926448,0.004782908401677411,0.0011357068569813923,0.006126316826372087,0.006163069209707585
86,van_call,call,,1.0,1.0,0.07460634091367167,2.857237692625004,0.019623338303480117,0.46863974756089843,-0.9739631362113641,0.10836568777474495,0.611,0.7296502390978316,0.7282681982174743,0.7270845416986527,0.7176363036298733,0.7260931700751927,0.7246723026151882,1000,10000,100000,0.001,9834,1000,10000,100000,9834,0.01,0.0007460634091367167,0.0010836568777474495,0.00611,0.00256569739917889,0.0011836565188216852,0.009448238068779369,0.000991371623459969,0.0024122390834644403
86,van_put,put,,1.0,1.0,0.07460634091367167,2.857237692625004,0.019623338303480117,0.46863974756089843,-0.9739631362113641,0.10836568777474495,0.611,-0.27353071148624175,-0.2707791294807242,-0.27300427250639414,-0.2785530215448348,-0.2741060480865934,-0.2749837683161449,1000,10000,100000,0.001,9834,1000,10000,100000,9834,0.01,0.0007460634091367167,0.0010836568777474495,0.00611,0.0005264389798476099,0.002225143025669951,0.005548749038440659,0.001101775580199249,0.0019794958097507642
86,barr_call,call,0.8,1.0,1.0,0.07460634091367167,2.857237692625004,0.019623338303480117,0.46863974756089843,-0.9739631362113641,0.10836568777474495,0.611,0.7163158880293508,0.7326325409690123,0.7350619947107118,0.7252901948773538,0.7296033391359563,0.7301785199514285,1000,10000,100000,0.001,9834,1000,10000,100000,9834,0.01,0.0007460634091367167,0.0010836568777474495,0.00611,0.018746106681361008,0.00242945374169945,0.009771799833357964,0.005458655574755444,0.004883474759283302
86,barr_put,put,0.8,1.0,1.0,0.07460634091367167,2.857237692625004,0.019623338303480117,0.46863974756089843,-0.9739631362113641,0.10836568777474495,0.611,0.018932823065010394,-0.020474580370409903,-0.015716940107737658,0.07162304741583914,0.004499383962622023,-0.006783111628016949,1000,10000,100000,0.001,9834,1000,10000,100000,9834,0.01,0.0007460634091367167,0.0010836568777474495,0.00611,0.03464976317274805,0.0047576402626722455,0.0873399875235768,0.02021632407035968,0.008933828479720709
87,van_call,call,,1.0,1.0,0.08310069924335378,4.961618580578721,0.014176556805053291,0.11647715198293188,-0.8821063179756741,0.08896225061611598,2.665,0.8704675681588059,0.8694435436735315,0.8660601334691681,0.8751779536873033,0.8719300084353926,0.8726727370922643,1000,10000,100000,0.001,9934,1000,10000,100000,9934,0.01,0.0008310069924335378,0.0008896225061611598,0.02665,0.004407434689637779,0.0033834102043633907,0.00911782021813523,0.0058698749662244865,0.006612603623096236
87,van_put,put,,1.0,1.0,0.08310069924335378,4.961618580578721,0.014176556805053291,0.11647715198293188,-0.8821063179756741,0.08896225061611598,2.665,-0.12988680926723678,-0.13059953578358346,-0.13395470996723988,-0.12496543987816494,-0.12871923469159677,-0.1276287251322925,1000,10000,100000,0.001,9934,1000,10000,100000,9934,0.01,0.0008310069924335378,0.0008896225061611598,0.02665,0.0040679007000030964,0.003355174183656412,0.008989270089074936,0.005235475275643109,0.006325984834947368
87,barr_call,call,0.8,1.0,1.0,0.08310069924335378,4.961618580578721,0.014176556805053291,0.11647715198293188,-0.8821063179756741,0.08896225061611598,2.665,0.9460743087554319,0.9833260918933273,0.95593345570823,1.0242658053350617,0.9650887204842779,0.9590776335732076,1000,10000,100000,0.001,9934,1000,10000,100000,9934,0.01,0.0008310069924335378,0.0008896225061611598,0.02665,0.009859146952798103,0.027392636185097352,0.06833234962683177,0.009155264776047889,0.003144177864977671
87,barr_put,put,0.8,1.0,1.0,0.08310069924335378,4.961618580578721,0.014176556805053291,0.11647715198293188,-0.8821063179756741,0.08896225061611598,2.665,0.013201478625610597,-0.0020646623431037295,-0.0032615116557620488,-0.02639662646800999,0.0037027844600381627,-0.0028007370732385795,1000,10000,100000,0.001,9934,1000,10000,100000,9934,0.01,0.0008310069924335378,0.0008896225061611598,0.02665,0.016462990281372644,0.0011968493126583192,0.02313511481224794,0.0069642961158002115,0.0004607745825234693
88,van_call,call,,1.0,1.0,0.06337257689509791,4.60706572125166,0.046113885476167536,0.2337936515655812,-0.17062361943654003,0.13543813815772943,0.37,0.6020331837937598,0.6022270883455055,0.6036467494213201,0.6042632603486405,0.6038484193229526,0.6038942701731594,1000,10000,100000,0.001,10034,1000,10000,100000,10034,0.01,0.0006337257689509791,0.0013543813815772943,0.0037,0.0016135656275603205,0.0014196610758145933,0.0006165109273204017,0.0002016699016325063,0.0002475207518393141
88,van_put,put,,1.0,1.0,0.06337257689509791,4.60706572125166,0.046113885476167536,0.2337936515655812,-0.17062361943654003,0.13543813815772943,0.37,-0.3966467413049124,-0.39827622321433886,-0.3964857508416811,-0.3961542569598006,-0.39695191619516024,-0.39666261916408774,1000,10000,100000,0.001,10034,1000,10000,100000,10034,0.01,0.0006337257689509791,0.0013543813815772943,0.0037,0.00016099046323131416,0.001790472372657781,0.0003314938818804736,0.0004661653534791532,0.00017686832240665362
88,barr_call,call,0.8,1.0,1.0,0.06337257689509791,4.60706572125166,0.046113885476167536,0.2337936515655812,-0.17062361943654003,0.13543813815772943,0.37,0.6281662356117476,0.6122089746847109,0.6102320693569946,0.6076081890399848,0.6138286210514987,0.6097158725669932,1000,10000,100000,0.001,10034,1000,10000,100000,10034,0.01,0.0006337257689509791,0.0013543813815772943,0.0037,0.01793416625475297,0.0019769053277163273,0.0026238803170097746,0.0035965516945041243,0.0005161967900013664
88,barr_put,put,0.8,1.0,1.0,0.06337257689509791,4.60706572125166,0.046113885476167536,0.2337936515655812,-0.17062361943654003,0.13543813815772943,0.37,-0.06001841763423159,-0.04350676733079102,-0.047042823137175005,-0.010286056011083594,-0.004499205650541904,-0.02523343317880067,1000,10000,100000,0.001,10034,1000,10000,100000,10034,0.01,0.0006337257689509791,0.0013543813815772943,0.0037,0.012975594497056583,0.0035360558063839836,0.03675676712609141,0.0425436174866331,0.021809389958374337
89,van_call,call,,1.0,1.0,0.04383098811224276,2.7521858492031956,0.1216930120506141,0.8239016710562672,-0.8615257094653799,0.03218108082686016,0.686,0.6923690586423711,0.6997676915042356,0.7021991955476328,0.6888083057445066,0.7017671616471821,0.701930557174632,1000,10000,100000,0.001,10134,1000,10000,100000,10134,0.01,0.0004383098811224276,0.0003218108082686016,0.006860000000000001,0.009830136905261688,0.0024315040433972035,0.013390889803126194,0.0004320339004506568,0.0002686383730007291
89,van_put,put,,1.0,1.0,0.04383098811224276,2.7521858492031956,0.1216930120506141,0.8239016710562672,-0.8615257094653799,0.03218108082686016,0.686,-0.3062734858757174,-0.30004650736661226,-0.2982732870055946,-0.3114297063515445,-0.2977182188379196,-0.2978548637701667,1000,10000,100000,0.001,10134,1000,10000,100000,10134,0.01,0.0004383098811224276,0.0003218108082686016,0.006860000000000001,0.008000198870122821,0.00177322036101768,0.01315641934594991,0.0005550681676749769,0.0004184232354279005
89,barr_call,call,0.8,1.0,1.0,0.04383098811224276,2.7521858492031956,0.1216930120506141,0.8239016710562672,-0.8615257094653799,0.03218108082686016,0.686,0.7201982510468996,0.7193273525338356,0.7165835664971504,0.7190270794648886,0.7278186264285419,0.7140926791337251,1000,10000,100000,0.001,10134,1000,10000,100000,10134,0.01,0.0004383098811224276,0.0003218108082686016,0.006860000000000001,0.0036146845497492253,0.0027437860366852362,0.0024435129677382594,0.011235059931391511,0.002490887363425287
89,barr_put,put,0.8,1.0,1.0,0.04383098811224276,2.7521858492031956,0.1216930120506141,0.8239016710562672,-0.8615257094653799,0.03218108082686016,0.686,-0.036142081523431874,0.0007302414795714099,-0.019154164868389906,0.028785086415371308,-0.0002165804101397599,-0.005403123175806886,1000,10000,100000,0.001,10134,1000,10000,100000,10134,0.01,0.0004383098811224276,0.0003218108082686016,0.006860000000000001,0.016987916655041967,0.019884406347961316,0.04793925128376121,0.018937584458250147,0.01375104169258302
90,van_call,call,,1.0,1.0,0.015257277467450536,0.6478482236113474,0.025425516677090976,0.4778003112382364,-0.4305288642408458,0.16725659745819418,1.18,0.636965985922533,0.6614711353998382,0.6529905064465519,0.6507712241584696,0.6554471984695387,0.6580156914009733,1000,10000,100000,0.001,10234,1000,10000,100000,10234,0.01,0.00015257277467450536,0.0016725659745819418,0.0118,0.016024520524018926,0.008480628953286273,0.002219282288082325,0.002456692022986817,0.005025184954421391
90,van_put,put,,1.0,1.0,0.015257277467450536,0.6478482236113474,0.025425516677090976,0.4778003112382364,-0.4305288642408458,0.16725659745819418,1.18,-0.35427442368145823,-0.3402037169886518,-0.34706078977463917,-0.348622789582842,-0.34246279713360805,-0.34065680267355847,1000,10000,100000,0.001,10234,1000,10000,100000,10234,0.01,0.00015257277467450536,0.0016725659745819418,0.0118,0.007213633906819061,0.00685707278598735,0.0015619998082028186,0.004597992641031112,0.006403987101080699
90,barr_call,call,0.8,1.0,1.0,0.015257277467450536,0.6478482236113474,0.025425516677090976,0.4778003112382364,-0.4305288642408458,0.16725659745819418,1.18,0.7577507721270457,0.7517403218088331,0.7292859207590013,0.6951315119067311,0.7360042106774434,0.7077449343167341,1000,10000,100000,0.001,10234,1000,10000,100000,10234,0.01,0.00015257277467450536,0.0016725659745819418,0.0118,0.02846485136804433,0.022454401049831763,0.03415440885227028,0.006718289918442033,0.021540986442267207
90,barr_put,put,0.8,1.0,1.0,0.015257277467450536,0.6478482236113474,0.025425516677090976,0.4778003112382364,-0.4305288642408458,0.16725659745819418,1.18,-0.007141027939775238,0.0031168269612633255,-0.0007571646968504431,-0.0011551357900499437,0.012187901430052439,0.006582632106984232,1000,10000,100000,0.001,10234,1000,10000,100000,10234,0.01,0.00015257277467450536,0.0016725659745819418,0.0118,0.006383863242924795,0.0038739916581137686,0.00039797109319950064,0.012945066126902882,0.007339796803834675
91,van_call,call,,1.0,1.0,0.056840961524719014,2.2644894747336846,0.048587804037558295,0.4052958132467738,-0.5222245858227137,0.019781724476040416,0.604,0.6924464879488292,0.6936486946588563,0.6909349885133115,0.7111256250692712,0.696018973159608,0.6920652116132922,1000,10000,100000,0.001,10334,1000,10000,100000,10334,0.01,0.0005684096152471902,0.00019781724476040417,0.00604,0.0015114994355177602,0.002713706145544781,0.020190636555959762,0.005083984646296558,0.0011302230999806762
91,van_put,put,,1.0,1.0,0.056840961524719014,2.2644894747336846,0.048587804037558295,0.4052958132467738,-0.5222245858227137,0.019781724476040416,0.604,-0.3070886981642096,-0.30695282071162705,-0.30929451894387144,-0.29033294614925903,-0.30422222537596144,-0.3081378315395462,1000,10000,100000,0.001,10334,1000,10000,100000,10334,0.01,0.0005684096152471902,0.00019781724476040417,0.00604,0.00220582077966186,0.0023416982322443936,0.018961572794612414,0.005072293567910002,0.0011566874043252295
91,barr_call,call,0.8,1.0,1.0,0.056840961524719014,2.2644894747336846,0.048587804037558295,0.4052958132467738,-0.5222245858227137,0.019781724476040416,0.604,0.6893664999110538,0.6969632604040112,0.694873876696217,0.7142615655819708,0.6965855445975069,0.693160919019245,1000,10000,100000,0.001,10334,1000,10000,100000,10334,0.01,0.0005684096152471902,0.00019781724476040417,0.00604,0.0055073767851632205,0.0020893837077942123,0.019387688885753818,0.0017116679012898484,0.0017129576769719934
91,barr_put,put,0.8,1.0,1.0,0.056840961524719014,2.2644894747336846,0.048587804037558295,0.4052958132467738,-0.5222245858227137,0.019781724476040416,0.604,-0.15268704996277224,-0.1015748501143051,-0.10238072188109015,-0.057891344436623166,-0.09443376235544389,-0.10021880229459171,1000,10000,100000,0.001,10334,1000,10000,100000,10334,0.01,0.0005684096152471902,0.00019781724476040417,0.00604,0.05030632808168209,0.0008058717667850518,0.04448937744446699,0.007946959525646266,0.0021619195864984453
92,van_call,call,,1.0,1.0,0.052822427758506055,0.9675836710878228,0.08102795025351898,0.36743126542497806,-0.6933135214734304,0.03520358820905128,1.101,0.7210145177920443,0.7174422663761448,0.7195815511247358,0.7170056728273796,0.7224311434099046,0.7208087041634073,1000,10000,100000,0.001,10434,1000,10000,100000,10434,0.01,0.0005282242775850606,0.0003520358820905128,0.01101,0.0014329666673085217,0.0021392847485909305,0.002575878297356171,0.0028495922851687894,0.0012271530386714913
92,van_put,put,,1.0,1.0,0.052822427758506055,0.9675836710878228,0.08102795025351898,0.36743126542497806,-0.6933135214734304,0.03520358820905128,1.101,-0.2779086907613984,-0.2804257298555469,-0.28031318422379603,-0.28295888770274513,-0.27780686983550906,-0.27950593207934915,1000,10000,100000,0.001,10434,1000,10000,100000,10434,0.01,0.0005282242775850606,0.0003520358820905128,0.01101,0.0024044934623976277,0.00011254563175089327,0.002645703478949102,0.0025063143882869676,0.0008072521444468794
92,barr_call,call,0.8,1.0,1.0,0.052822427758506055,0.9675836710878228,0.08102795025351898,0.36743126542497806,-0.6933135214734304,0.03520358820905128,1.101,0.7259007688446506,0.7502830328272952,0.7498272927092792,0.7452366780870592,0.7406681197408768,0.7417682572715397,1000,10000,100000,0.001,10434,1000,10000,100000,10434,0.01,0.0005282242775850606,0.0003520358820905128,0.01101,0.02392652386462857,0.00045574011801607917,0.004590614622219991,0.009159172968402407,0.008059035437739448
92,barr_put,put,0.8,1.0,1.0,0.052822427758506055,0.9675836710878228,0.08102795025351898,0.36743126542497806,-0.6933135214734304,0.03520358820905128,1.101,-0.008942526204285678,-0.016713634853488674,-0.01454180319233533,-0.05342173827557828,-0.012960533963464211,-0.006830254823954763,1000,10000,100000,0.001,10434,1000,10000,100000,10434,0.01,0.0005282242775850606,0.0003520358820905128,0.01101,0.005599276988049653,0.002171831661153343,0.038879935083242945,0.0015812692288711197,0.007711548368380568
93,van_call,call,,1.0,1.0,0.09514287637535933,1.8002422401155747,0.0414135340925454,0.7461873942070882,-0.9433929212990084,0.024972388946437246,1.746,0.8734217622994145,0.8773010363067296,0.8811358035148459,0.8742296872749494,0.8787301449928064,0.8781962993353071,1000,10000,100000,0.001,10534,1000,10000,100000,10534,0.01,0.0009514287637535933,0.00024972388946437247,0.01746,0.0077140412154314,0.003834767208116263,0.006906116239896454,0.0024056585220394444,0.00293950417953881
93,van_put,put,,1.0,1.0,0.09514287637535933,1.8002422401155747,0.0414135340925454,0.7461873942070882,-0.9433929212990084,0.024972388946437246,1.746,-0.12272992210302994,-0.11967043768866883,-0.1199934485718146,-0.1195637586299772,-0.11676201546294215,-0.1175432222288858,1000,10000,100000,0.001,10534,1000,10000,100000,10534,0.01,0.0009514287637535933,0.00024972388946437247,0.01746,0.0027364735312153388,0.00032301088314576343,0.00042968994183739673,0.0032314331088724446,0.0024502263429287963
93,barr_call,call,0.8,1.0,1.0,0.09514287637535933,1.8002422401155747,0.0414135340925454,0.7461873942070882,-0.9433929212990084,0.024972388946437246,1.746,0.860137228901034,0.9046447237069127,0.9196052163785107,0.9390483940582423,0.8942634129657206,0.9038562281966367,1000,10000,100000,0.001,10534,1000,10000,100000,10534,0.01,0.0009514287637535933,0.00024972388946437247,0.01746,0.059467987477476725,0.014960492671597936,0.019443177679731583,0.02534180341279002,0.01574898818187398
93,barr_put,put,0.8,1.0,1.0,0.09514287637535933,1.8002422401155747,0.0414135340925454,0.7461873942070882,-0.9433929212990084,0.024972388946437246,1.746,-0.0006072595051361896,-0.0026727048288718554,-0.0018977045606124012,0.034432793485596476,0.002809581658792305,-0.001956191750513976,1000,10000,100000,0.001,10534,1000,10000,100000,10534,0.01,0.0009514287637535933,0.00024972388946437247,0.01746,0.0012904450554762116,0.0007750002682594542,0.03633049804620888,0.004707286219404706,5.8487189901574796e-05
94,van_call,call,,1.0,1.0,0.048035917851001614,2.8893549169153907,0.03996776205512345,0.9980264631825925,-0.06316479161881616,0.06597162282774968,0.555,0.629165301369719,0.6407487061704298,0.6408790545568934,0.6450555921099888,0.645654819839056,0.6464934484768314,1000,10000,100000,0.001,10634,1000,10000,100000,10634,0.01,0.00048035917851001615,0.0006597162282774968,0.00555,0.01171375318717438,0.00013034838646364122,0.0041765375530953275,0.004775765282162614,0.00561439391993801
94,van_put,put,,1.0,1.0,0.048035917851001614,2.8893549169153907,0.03996776205512345,0.9980264631825925,-0.06316479161881616,0.06597162282774968,0.555,-0.37313140382542465,-0.36044676232602835,-0.35955244478387965,-0.35293969149112825,-0.35262194119411655,-0.3519436386194459,1000,10000,100000,0.001,10634,1000,10000,100000,10634,0.01,0.00048035917851001615,0.0006597162282774968,0.00555,0.013578959041544991,0.0008943175421486926,0.0066127532927514054,0.006930503589763104,0.007608806164433768
94,barr_call,call,0.8,1.0,1.0,0.048035917851001614,2.8893549169153907,0.03996776205512345,0.9980264631825925,-0.06316479161881616,0.06597162282774968,0.555,0.6392874907139897,0.6519064545624703,0.6518694330756871,0.631801487255186,0.6626907335941359,0.6557176380350582,1000,10000,100000,0.001,10634,1000,10000,100000,10634,0.01,0.00048035917851001615,0.0006597162282774968,0.00555,0.012581942361697407,3.702148678319528e-05,0.020067945820501087,0.010821300518448762,0.0038482049593711043
94,barr_put,put,0.8,1.0,1.0,0.048035917851001614,2.8893549169153907,0.03996776205512345,0.9980264631825925,-0.06316479161881616,0.06597162282774968,0.555,-0.12673856433143732,-0.127969582582263,-0.13925893653139662,-0.07799445832065918,-0.1182607843436257,-0.11670794299487308,1000,10000,100000,0.001,10634,1000,10000,100000,10634,0.01,0.00048035917851001615,0.0006597162282774968,0.00555,0.012520372199959301,0.011289353949133635,0.06126447821073744,0.020998152187770916,0.02255099353652354
95,van_call,call,,1.0,1.0,0.05025595633825504,1.65753219067047,0.041938439379738394,0.5967120479846824,-0.0959963977835031,0.007434578001955995,2.35,0.7930723526052841,0.7616125530167439,0.7589366047592111,0.7548828577828154,0.7628779300339394,0.7635055657157913,1000,10000,100000,0.001,10734,1000,10000,100000,10734,0.01,0.0005025595633825504,7.434578001955995e-05,0.0235,0.034135747846072984,0.002675948257532812,0.004053746976395711,0.003941325274728347,0.004568960956580215
95,van_put,put,,1.0,1.0,0.05025595633825504,1.65753219067047,0.041938439379738394,0.5967120479846824,-0.0959963977835031,0.007434578001955995,2.35,-0.21928665570997152,-0.24008752622722632,-0.2409208908753159,-0.24625729559706183,-0.2396661278431654,-0.23931391035081767,1000,10000,100000,0.001,10734,1000,10000,100000,10734,0.01,0.0005025595633825504,7.434578001955995e-05,0.0235,0.02163423516534438,0.0008333646480895851,0.00533640472174593,0.0012547630321504966,0.0016069805244982305
95,barr_call,call,0.8,1.0,1.0,0.05025595633825504,1.65753219067047,0.041938439379738394,0.5967120479846824,-0.0959963977835031,0.007434578001955995,2.35,0.8151876375367906,0.8355492785121155,0.8044019427098897,0.8599827037232499,0.788250830742121,0.8064297553753874,1000,10000,100000,0.001,10734,1000,10000,100000,10734,0.01,0.0005025595633825504,7.434578001955995e-05,0.0235,0.010785694826900838,0.03114733580222573,0.05558076101336018,0.01615111196776875,0.0020278126654976747
95,barr_put,put,0.8,1.0,1.0,0.05025595633825504,1.65753219067047,0.041938439379738394,0.5967120479846824,-0.0959963977835031,0.007434578001955995,2.35,-0.027500546860096623,-0.020570562131674592,-0.02538356344402538,-0.04049673583310124,-0.019696910853519035,-0.015454039023994875,1000,10000,100000,0.001,10734,1000,10000,100000,10734,0.01,0.0005025595633825504,7.434578001955995e-05,0.0235,0.002116983416071243,0.004813001312350788,0.01511317238907586,0.005686652590506346,0.009929524420030506
96,van_call,call,,1.0,1.0,0.05368781929244098,3.0350728073844397,0.0012454929794618122,0.9009064406885514,-0.27776458266375004,0.03944548048500849,0.198,0.6650985625642529,0.6635584846474432,0.6671645477845205,0.6078479522704582,0.619225955431324,0.6175289673023721,1000,10000,100000,0.001,10834,1000,10000,100000,10834,0.01,0.0005368781929244098,0.0003944548048500849,0.00198,0.0020659852202675744,0.003606063137077342,0.05931659551406232,0.04793859235319653,0.049635580482148445
96,van_put,put,,1.0,1.0,0.05368781929244098,3.0350728073844397,0.0012454929794618122,0.9009064406885514,-0.27776458266375004,0.03944548048500849,0.198,-0.3352294518526502,-0.33621365333266795,-0.3327821311842817,-0.37795047588639435,-0.3665217916074295,-0.3684408551811458,1000,10000,100000,0.001,10834,1000,10000,100000,10834,0.01,0.0005368781929244098,0.0003944548048500849,0.00198,0.0024473206683685023,0.003431522148386268,0.04516834470211267,0.0337396604231478,0.035658723996864095
96,barr_call,call,0.8,1.0,1.0,0.05368781929244098,3.0350728073844397,0.0012454929794618122,0.9009064406885514,-0.27776458266375004,0.03944548048500849,0.198,0.6650985625642529,0.6653242973258296,0.6678845761352754,0.6078479522704582,0.6192751621896243,0.6182858667643186,1000,10000,100000,0.001,10834,1000,10000,100000,10834,0.01,0.0005368781929244098,0.0003944548048500849,0.00198,0.002786013571022483,0.0025602788094457596,0.06003662386481723,0.0486094139456511,0.049598709370956784
96,barr_put,put,0.8,1.0,1.0,0.05368781929244098,3.0350728073844397,0.0012454929794618122,0.9009064406885514,-0.27776458266375004,0.03944548048500849,0.198,-0.3037289977257494,-0.26383440748213843,-0.25594011068573297,-0.21386068055250124,-0.25529479828617535,-0.25146367434778943,1000,10000,100000,0.001,10834,1000,10000,100000,10834,0.01,0.0005368781929244098,0.0003944548048500849,0.00198,0.04778888704001644,0.007894296796405464,0.04207943013323173,0.0006453123995576182,0.004476436337943535
97,van_call,call,,1.0,1.0,0.08192020670641584,2.7399010792692073,0.0334287981498832,0.25162145835783767,-0.345921821043478,0.00963423242468083,0.132,0.6798182555282809,0.6748300993911535,0.6755058262147416,0.6776336477235408,0.6742325544830077,0.6727383804074043,1000,10000,100000,0.001,10934,1000,10000,100000,10934,0.01,0.0008192020670641584,9.63423242468083e-05,0.00132,0.004312429313539257,0.0006757268235881853,0.002127821508799199,0.0012732717317339715,0.002767445807337343
97,van_put,put,,1.0,1.0,0.08192020670641584,2.7399010792692073,0.0334287981498832,0.25162145835783767,-0.345921821043478,0.00963423242468083,0.132,-0.3200213681517513,-0.325324622270573,-0.324462912785271,-0.32248202236396006,-0.3257196298542677,-0.32712112054597303,1000,10000,100000,0.001,10934,1000,10000,100000,10934,0.01,0.0008192020670641584,9.63423242468083e-05,0.00132,0.004441544633519701,0.0008617094853020091,0.0019808904213109435,0.0012567170689967155,0.002658207760702025
97,barr_call,call,0.8,1.0,1.0,0.08192020670641584,2.7399010792692073,0.0334287981498832,0.25162145835783767,-0.345921821043478,0.00963423242468083,0.132,0.6798182555282809,0.6748300993911535,0.6755058262147416,0.6776336477235408,0.6742325544830077,0.6727383804074043,1000,10000,100000,0.001,10934,1000,10000,100000,10934,0.01,0.0008192020670641584,9.63423242468083e-05,0.00132,0.004312429313539257,0.0006757268235881853,0.002127821508799199,0.0012732717317339715,0.002767445807337343
97,barr_put,put,0.8,1.0,1.0,0.08192020670641584,2.7399010792692073,0.0334287981498832,0.25162145835783767,-0.345921821043478,0.00963423242468083,0.132,-0.3200213681517513,-0.325324622270573,-0.3242536925263171,-0.32248202236396006,-0.3257196298542677,-0.3265638225447816,1000,10000,100000,0.001,10934,1000,10000,100000,10934,0.01,0.0008192020670641584,9.63423242468083e-05,0.00132,0.004232324374565777,0.001070929744255933,0.0017716701623570197,0.0014659373279506394,0.002310130018464529
98,van_call,call,,1.0,1.0,0.005711563808885989,2.339857026837408,0.07905611559832862,0.8952078665389939,-0.6077900633518065,0.09458797590218834,1.028,0.6221687027533437,0.6499697928515749,0.6555592739075577,0.6550725290840733,0.6568139060339817,0.658334555493005,1000,10000,100000,0.001,11034,1000,10000,100000,11034,0.01,5.711563808885989e-05,0.0009458797590218835,0.010280000000000001,0.033390571154214066,0.005589481055982892,0.0004867448234844307,0.0012546321264239602,0.0027752815854472646
98,van_put,put,,1.0,1.0,0.005711563808885989,2.339857026837408,0.07905611559832862,0.8952078665389939,-0.6077900633518065,0.09458797590218834,1.028,-0.3659710438755251,-0.3492242787703728,-0.34495205850470084,-0.3440141642936975,-0.34229574892841036,-0.34105804544763696,1000,10000,100000,0.001,11034,1000,10000,100000,11034,0.01,5.711563808885989e-05,0.0009458797590218835,0.010280000000000001,0.02101898537082425,0.004272220265671978,0.0009378942110033206,0.002656309576290483,0.003894013057063883
98,barr_call,call,0.8,1.0,1.0,0.005711563808885989,2.339857026837408,0.07905611559832862,0.8952078665389939,-0.6077900633518065,0.09458797590218834,1.028,0.6540984800853535,0.6751047503132046,0.6780878013720487,0.6255068964458016,0.6549029096363775,0.6675480764967989,1000,10000,100000,0.001,11034,1000,10000,100000,11034,0.01,5.711563808885989e-05,0.0009458797590218835,0.010280000000000001,0.023989321286695175,0.0029830510588441106,0.05258090492624712,0.023184891735671176,0.01053972487524979
98,barr_put,put,0.8,1.0,1.0,0.005711563808885989,2.339857026837408,0.07905611559832862,0.8952078665389939,-0.6077900633518065,0.09458797590218834,1.028,-0.05198316532945644,-0.022714276681275267,-0.015164607224877735,0.024354926908585085,-0.000924620422706763,-0.00590621953486057,1000,10000,100000,0.001,11034,1000,10000,100000,11034,0.01,5.711563808885989e-05,0.0009458797590218835,0.010280000000000001,0.03681855810457871,0.007549669456397533,0.03951953413346282,0.014239986802170972,0.009258387690017165
99,van_call,call,,1.0,1.0,0.06694217430745489,0.3479705003785907,0.08349881551757896,0.732498073668848,-0.02632520522994619,0.0016498669409566057,1.6280000000000001,0.8262749623145133,0.8297807940254365,0.8282452172417049,0.8432915529796886,0.8395941307194621,0.8408956447351679,1000,10000,100000,0.001,11134,1000,10000,100000,11134,0.01,0.0006694217430745488,1.6498669409566058e-05,0.016280000000000003,0.001970254927191606,0.001535576783731618,0.015046335737983751,0.011348913477757239,0.012650427493463012
99,van_put,put,,1.0,1.0,0.06694217430745489,0.3479705003785907,0.08349881551757896,0.732498073668848,-0.02632520522994619,0.0016498669409566057,1.6280000000000001,-0.1696152914029192,-0.1701278363385728,-0.172182706824291,-0.1614311662900346,-0.168714266344816,-0.16694088668558135,1000,10000,100000,0.001,11134,1000,10000,100000,11134,0.01,0.0006694217430745488,1.6498669409566058e-05,0.016280000000000003,0.002567415421371788,0.0020548704857181743,0.010751540534256393,0.003468440479474977,0.005241820138709635
99,barr_call,call,0.8,1.0,1.0,0.06694217430745489,0.3479705003785907,0.08349881551757896,0.732498073668848,-0.02632520522994619,0.0016498669409566057,1.6280000000000001,0.8320810633517611,0.862023859338551,0.8491434213677485,0.8381750261150663,0.8532854167614845,0.8670608869749519,1000,10000,100000,0.001,11134,1000,10000,100000,11134,0.01,0.0006694217430745488,1.6498669409566058e-05,0.016280000000000003,0.017062358015987322,0.012880437970802516,0.010968395252682117,0.004141995393736053,0.01791746560720342
99,barr_put,put,0.8,1.0,1.0,0.06694217430745489,0.3479705003785907,0.08349881551757896,0.732498073668848,-0.02632520522994619,0.0016498669409566057,1.6280000000000001,-0.06481630942434292,-0.06013758126985581,-0.0538269190254485,-0.05742191477324035,-0.06499711218877205,-0.06842294027682932,1000,10000,100000,0.001,11134,1000,10000,100000,11134,0.01,0.0006694217430745488,1.6498669409566058e-05,0.016280000000000003,0.010989390398894426,0.0063106622444073085,0.003594995747791853,0.011170193163323551,0.014596021251380827
