set_idx,option,opt_type,barrier,S0,K,r,sigma,T,closed_form_delta,mc_1k_delta,mc_10k_delta,mc_100k_delta,cvae_1k_delta,cvae_10k_delta,cvae_100k_delta,mc_1k_n_paths,mc_10k_n_paths,mc_100k_n_paths,mc_dt,mc_seed,cvae_1k_n_samples,cvae_10k_n_samples,cvae_100k_n_samples,cvae_seed,delta_h,rho_h,vega_h,theta_h,mc_1k_abs_error,mc_10k_abs_error,mc_100k_abs_error,cvae_1k_abs_error,cvae_10k_abs_error,cvae_100k_abs_error
0,van_call,call,,1.0,1.0,0.01915194503788923,0.767349511751093,2.939,0.758205252935355,0.7121062486376062,0.7470304035897712,0.7521553723357277,0.7457469451949139,0.7760760159563507,0.7820539360897216,1000,10000,100000,0.001,1234,1000,10000,100000,1234,0.01,0.0001915194503788923,0.0076734951175109305,0.02939,0.046099004297748825,0.01117484934558377,0.0060498805996273,0.012458307740441099,0.01787076302099566,0.023848683154366612
0,van_put,put,,1.0,1.0,0.01915194503788923,0.767349511751093,2.939,-0.241794747064645,-0.2287387644099359,-0.23893820065691296,-0.24152799558343485,-0.25416302184356754,-0.23948866464532093,-0.23773078426680416,1000,10000,100000,0.001,1234,1000,10000,100000,1234,0.01,0.0001915194503788923,0.0076734951175109305,0.02939,0.013055982654709086,0.00285654640773203,0.0002667514812101368,0.01236827477892255,0.0023060824193240625,0.0040639627978408255
0,barr_call,call,0.8,1.0,1.0,0.01915194503788923,0.767349511751093,2.939,0.9760013222357061,0.6485654201797697,0.8114014991009805,0.9416554075369593,3.5221147621567637,1.2152798931250042,0.9006024026741055,1000,10000,100000,0.001,1234,1000,10000,100000,1234,0.01,0.0001915194503788923,0.0076734951175109305,0.02939,0.3274359020559364,0.16459982313472565,0.034345914698746816,2.5461134399210574,0.23927857088929805,0.07539891956160061
0,barr_put,put,0.8,1.0,1.0,0.01915194503788923,0.767349511751093,2.939,0.0005332465281324139,-0.0010861950440865997,0.0002393544308902098,0.0007582177571442423,0.00789735551136203,0.001190435086936904,0.0008551033713827919,1000,10000,100000,0.001,1234,1000,10000,100000,1234,0.01,0.0001915194503788923,0.0076734951175109305,0.02939,0.0016194415722190136,0.0002938920972422041,0.0002249712290118284,0.007364108983229617,0.00065718855880449,0.000321856843250378
1,van_call,call,,1.0,1.0,0.06221087710398319,0.7084072466156263,2.656,0.7643523568775876,0.7539419116678547,0.7575380523042907,0.7741713546048523,0.8430224137607856,0.7475371034150691,0.7592289760015858,1000,10000,100000,0.001,1334,1000,10000,100000,1334,0.01,0.0006221087710398319,0.007084072466156263,0.02656,0.010410445209732888,0.006814304573296903,0.009818997727264689,0.07867005688319795,0.016815253462518553,0.005123380876001837
1,van_put,put,,1.0,1.0,0.06221087710398319,0.7084072466156263,2.656,-0.23564764312241238,-0.23319650633243927,-0.23159283374049044,-0.23276446995263433,-0.23566399103024382,-0.23603283575747702,-0.23387029406904958,1000,10000,100000,0.001,1334,1000,10000,100000,1334,0.01,0.0006221087710398319,0.007084072466156263,0.02656,0.0024511367899731074,0.004054809381921931,0.0028831731697780416,1.6347907831448794e-05,0.0003851926350646462,0.0017773490533627978
1,barr_call,call,0.8,1.0,1.0,0.06221087710398319,0.7084072466156263,2.656,1.0371565844507018,0.6575925949183103,0.8524288750401121,1.0095271741824812,0.9169505182333892,0.7856455848392896,1.0069284210080964,1000,10000,100000,0.001,1334,1000,10000,100000,1334,0.01,0.0006221087710398319,0.007084072466156263,0.02656,0.37956398953239145,0.1847277094105897,0.027629410268220633,0.12020606621731256,0.2515109996114122,0.03022816344260537
1,barr_put,put,0.8,1.0,1.0,0.06221087710398319,0.7084072466156263,2.656,0.0007440370922331963,-0.0018314519300427652,0.0007258421991204977,0.000906354577601747,0.00527426199919166,0.0017557908529233393,0.0007736317329902693,1000,10000,100000,0.001,1334,1000,10000,100000,1334,0.01,0.0006221087710398319,0.007084072466156263,0.02656,0.0025754890222759617,1.819489311269851e-05,0.00016231748536855073,0.004530224906958463,0.001011753760690143,2.9594640757073026e-05
2,van_call,call,,1.0,1.0,0.04377277390071145,0.7970703165414714,1.92,0.7351034401691037,0.8158015825424858,0.7295562807312028,0.7414614562914479,0.8510600856733053,0.7685258400352613,0.7450522698081441,1000,10000,100000,0.001,1434,1000,10000,100000,1434,0.01,0.0004377277390071145,0.007970703165414714,0.0192,0.08069814237338213,0.00554715943790085,0.006358016122344212,0.1159566455042016,0.03342239986615758,0.009948829639040424
2,van_put,put,,1.0,1.0,0.04377277390071145,0.7970703165414714,1.92,-0.2648965598308963,-0.2546197658977345,-0.26490076139629726,-0.2623445072620523,-0.24665195730998457,-0.2555624336002371,-0.2616096110825805,1000,10000,100000,0.001,1434,1000,10000,100000,1434,0.01,0.0004377277390071145,0.007970703165414714,0.0192,0.010276793933161832,4.201565400929752e-06,0.0025520525688440543,0.018244602520911757,0.009334126230659212,0.00328694874831581
2,barr_call,call,0.8,1.0,1.0,0.04377277390071145,0.7970703165414714,1.92,0.9796379532922089,1.4933807350914041,0.9472398819222655,0.9128520282663116,2.137440230107329,1.0909538357969706,1.0075510105205465,1000,10000,100000,0.001,1434,1000,10000,100000,1434,0.01,0.0004377277390071145,0.007970703165414714,0.0192,0.5137427817991952,0.03239807136994344,0.06678592502589731,1.15780227681512,0.11131588250476165,0.02791305722833759
2,barr_put,put,0.8,1.0,1.0,0.04377277390071145,0.7970703165414714,1.92,0.0009157770736220594,-0.0001449827026418406,-0.0007076707525652308,0.0014123023372604633,0.00585185891131848,0.0023505537772399256,0.0005504026224102378,1000,10000,100000,0.001,1434,1000,10000,100000,1434,0.01,0.0004377277390071145,0.007970703165414714,0.0192,0.0010607597762639,0.00162344782618729,0.0004965252636384039,0.00493608183769642,0.0014347767036178662,0.0003653744512118216
3,van_call,call,,1.0,1.0,0.07853585837137693,0.558203067599022,2.798,0.7587232361435732,0.7899536836672494,0.7635395077729534,0.762718098411802,0.7717101805311821,0.7659495068542077,0.7653370764300782,1000,10000,100000,0.001,1534,1000,10000,100000,1534,0.01,0.0007853585837137693,0.00558203067599022,0.02798,0.031230447523676208,0.004816271629380253,0.0039948622682288715,0.012986944387608945,0.00722627071063453,0.006613840286505024
3,van_put,put,,1.0,1.0,0.07853585837137693,0.558203067599022,2.798,-0.24127676385642682,-0.2197681803156798,-0.23807393739966876,-0.23962491623183424,-0.23607996697054823,-0.23768998914023287,-0.2372091355650363,1000,10000,100000,0.001,1534,1000,10000,100000,1534,0.01,0.0007853585837137693,0.00558203067599022,0.02798,0.02150858354074703,0.0032028264567580678,0.001651847624592584,0.005196796885878596,0.0035867747161939523,0.004067628291390513
3,barr_call,call,0.8,1.0,1.0,0.07853585837137693,0.558203067599022,2.798,1.0754942733840949,0.5246753383760044,1.0151434006894056,1.124783881200736,1.5949195397352371,1.0916237387236098,1.108293329330412,1000,10000,100000,0.001,1534,1000,10000,100000,1534,0.01,0.0007853585837137693,0.00558203067599022,0.02798,0.5508189350080904,0.060350872694689306,0.04928960781664116,0.5194252663511423,0.01612946533951498,0.03279905594631716
3,barr_put,put,0.8,1.0,1.0,0.07853585837137693,0.558203067599022,2.798,0.0013195779571428812,0.014315470248004265,-9.486529344419382e-05,0.000806039387102282,0.013837824128562064,0.0004051221274856706,0.0021200459958733236,1000,10000,100000,0.001,1534,1000,10000,100000,1534,0.01,0.0007853585837137693,0.00558203067599022,0.02798,0.012995892290861384,0.001414443250587075,0.0005135385700405992,0.012518246171419183,0.0009144558296572106,0.0008004680387304424
4,van_call,call,,1.0,1.0,0.07799758081188035,0.9658706954601355,2.202,0.7985535585250202,0.8641829431885628,0.8281118146818978,0.7967967737130377,0.9358484688087532,1.0171949497240984,0.98119266887714,1000,10000,100000,0.001,1634,1000,10000,100000,1634,0.01,0.0007799758081188036,0.009658706954601356,0.02202,0.06562938466354262,0.02955825615687757,0.0017567848119824925,0.13729491028373297,0.21864139119907822,0.18263911035211977
4,van_put,put,,1.0,1.0,0.07799758081188035,0.9658706954601355,2.202,-0.2014464414749798,-0.21432098396121368,-0.20130877013155302,-0.2002456727208224,-0.21050692238103186,-0.20195311778493652,-0.19874795098058784,1000,10000,100000,0.001,1634,1000,10000,100000,1634,0.01,0.0007799758081188036,0.009658706954601356,0.02202,0.012874542486233875,0.00013767134342679288,0.001200768754157422,0.009060480906052049,0.0005066763099567106,0.0026984904943919696
4,barr_call,call,0.8,1.0,1.0,0.07799758081188035,0.9658706954601355,2.202,1.041816398009393,1.1972337850369967,0.8704707097967612,1.044551112305403,0.6895199797623874,1.4302674101721757,1.3500152540232402,1000,10000,100000,0.001,1634,1000,10000,100000,1634,0.01,0.0007799758081188036,0.009658706954601356,0.02202,0.15541738702760366,0.17134568821263185,0.0027347142960099102,0.35229641824700564,0.38845101216278266,0.3081988560138471
4,barr_put,put,0.8,1.0,1.0,0.07799758081188035,0.9658706954601355,2.202,0.0003679451964541669,0.0,0.0012272473761906883,9.014630955093381e-05,-0.001561281260284623,-0.0009303864777720775,0.00022653859000400516,1000,10000,100000,0.001,1634,1000,10000,100000,1634,0.01,0.0007799758081188036,0.009658706954601356,0.02202,0.0003679451964541669,0.0008593021797365214,0.0002777988869032331,0.0019292264567387898,0.0012983316742262445,0.00014140660645016174
5,van_call,call,,1.0,1.0,0.027259260528264162,0.14800974299310418,2.178,0.6484053448632102,0.6566827027389796,0.6562121169185655,0.6568423015377647,0.6486740126251958,0.656152196640919,0.656803053516572,1000,10000,100000,0.001,1734,1000,10000,100000,1734,0.01,0.0002725926052826416,0.0014800974299310418,0.02178,0.008277357875769331,0.007806772055355293,0.008436956674554463,0.00026866776198553044,0.00774685177770873,0.008397708653361757
5,van_put,put,,1.0,1.0,0.027259260528264162,0.14800974299310418,2.178,-0.3515946551367898,-0.345405242197664,-0.34340134704917075,-0.3428035279020462,-0.3495561304944376,-0.3434242442770567,-0.34307915673187567,1000,10000,100000,0.001,1734,1000,10000,100000,1734,0.01,0.0002725926052826416,0.0014800974299310418,0.02178,0.006189412939125782,0.008193308087619033,0.008791127234743568,0.0020385246423521575,0.00817041085973308,0.008515498404914112
5,barr_call,call,0.8,1.0,1.0,0.027259260528264162,0.14800974299310418,2.178,0.6801643816597785,0.6591005241996656,0.6787860565335077,0.6786099494130462,0.683386379326667,0.6763765033325833,0.6751723830070777,1000,10000,100000,0.001,1734,1000,10000,100000,1734,0.01,0.0002725926052826416,0.0014800974299310418,0.02178,0.021063857460112967,0.0013783251262708962,0.0015544322467323513,0.0032219976668884653,0.003787878327195293,0.004991998652700835
5,barr_put,put,0.8,1.0,1.0,0.027259260528264162,0.14800974299310418,2.178,-0.009051964775408372,0.03590594220282371,-0.0006394308253013237,-0.009869055598435428,-0.018231715739019418,0.001124167438003483,-0.0030792832172528775,1000,10000,100000,0.001,1734,1000,10000,100000,1734,0.01,0.0002725926052826416,0.0014800974299310418,0.02178,0.044957906978232084,0.008412533950107048,0.0008170908230270557,0.009179750963611046,0.010176132213411855,0.0059726815581554946
6,van_call,call,,1.0,1.0,0.02764642551430967,0.030617353534880164,0.219,0.6663035874335272,0.7725605276877555,0.7780318540303341,0.7758141101809836,0.7734615736971416,0.7653332721976563,0.7658736037868519,1000,10000,100000,0.001,1834,1000,10000,100000,1834,0.01,0.00027646425514309673,0.00030617353534880166,0.00219,0.10625694025422827,0.1117282665968069,0.10951052274745632,0.10715798626361439,0.0990296847641291,0.09957001635332463
6,van_put,put,,1.0,1.0,0.02764642551430967,0.030617353534880164,0.219,-0.33369641256647276,-0.22744533235035677,-0.22196794090419308,-0.22418639069714097,-0.22625822934295567,-0.23438179819681879,-0.23384100375719558,1000,10000,100000,0.001,1834,1000,10000,100000,1834,0.01,0.00027646425514309673,0.00030617353534880166,0.00219,0.10625108021611598,0.11172847166227967,0.10951002186933179,0.10743818322351709,0.09931461436965397,0.09985540880927718
6,barr_call,call,0.8,1.0,1.0,0.02764642551430967,0.030617353534880164,0.219,0.7770376509916743,0.7740291887131728,0.7757173553671248,0.7773016596895699,0.7734615736971416,0.7653332721976563,0.7658736037868519,1000,10000,100000,0.001,1834,1000,10000,100000,1834,0.01,0.00027646425514309673,0.00030617353534880166,0.00219,0.003008462278501489,0.0013202956245494946,0.0002640086978955569,0.003576077294532687,0.011704378794017978,0.011164047204822447
6,barr_put,put,0.8,1.0,1.0,0.02764642551430967,0.030617353534880164,0.219,-0.22296234900833767,-0.22597485332365164,-0.22428334489918872,-0.22269928710145023,-0.22625822934295567,-0.23438179819681879,-0.23384100375719558,1000,10000,100000,0.001,1834,1000,10000,100000,1834,0.01,0.00027646425514309673,0.00030617353534880166,0.00219,0.0030125043153139686,0.001320995890851051,0.00026306190688743514,0.003295880334618001,0.011419449188481118,0.010878654748857908
7,van_call,call,,1.0,1.0,0.08018721775350193,0.594299599132147,1.374,0.6937369760891022,0.6700518090398955,0.6864904188033594,0.6957509853439736,0.7057043097604188,0.7053039116665494,0.7004270628832576,1000,10000,100000,0.001,1934,1000,10000,100000,1934,0.01,0.0008018721775350194,0.005942995991321471,0.013740000000000002,0.023685167049206757,0.007246557285742861,0.002014009254871385,0.011967333671316527,0.011566935577447146,0.006690086794155392
7,van_put,put,,1.0,1.0,0.08018721775350193,0.594299599132147,1.374,-0.30626302391089777,-0.3211185280146883,-0.3058770965493729,-0.30294928147071576,-0.29961122033877186,-0.30031592098397897,-0.301015282987932,1000,10000,100000,0.001,1934,1000,10000,100000,1934,0.01,0.0008018721775350194,0.005942995991321471,0.013740000000000002,0.014855504103790551,0.0003859273615248737,0.0033137424401820104,0.006651803572125914,0.005947102926918801,0.00524774092296576
7,barr_call,call,0.8,1.0,1.0,0.08018721775350193,0.594299599132147,1.374,0.9516585205079392,1.0826940795581634,0.948010356044135,0.9830165751023467,0.7899707579352572,0.9191191631119117,0.8830579761179763,1000,10000,100000,0.001,1934,1000,10000,100000,1934,0.01,0.0008018721775350194,0.005942995991321471,0.013740000000000002,0.13103555905022424,0.0036481644638042265,0.03135805459440755,0.16168776257268203,0.032539357396027535,0.06860054438996288
7,barr_put,put,0.8,1.0,1.0,0.08018721775350193,0.594299599132147,1.374,0.003336726412603297,-0.001901396711263294,0.0007871052253916695,0.00320250699578328,-0.008368163756305428,0.009075622351922732,0.006505082229850043,1000,10000,100000,0.001,1934,1000,10000,100000,1934,0.01,0.0008018721775350194,0.005942995991321471,0.013740000000000002,0.005238123123866591,0.0025496211872116275,0.00013421941682001696,0.011704890168908725,0.0057388959393194355,0.0031683558172467463
8,van_call,call,,1.0,1.0,0.09581393536837052,0.11495163304391982,0.918,0.8033586049618411,0.8076013796157688,0.8120644594053941,0.8151883672983168,0.8193035482391655,0.8170054802331711,0.8152444013960369,1000,10000,100000,0.001,2034,1000,10000,100000,2034,0.01,0.0009581393536837051,0.0011495163304391983,0.00918,0.00424277465392775,0.008705854443552985,0.011829762336475702,0.01594494327732443,0.013646875271330017,0.01188579643419585
8,van_put,put,,1.0,1.0,0.09581393536837052,0.11495163304391982,0.918,-0.19664139503815892,-0.1929620779273191,-0.18805539460484047,-0.18487582000408856,-0.18004523568161573,-0.18232215163648588,-0.18419922559268828,1000,10000,100000,0.001,2034,1000,10000,100000,2034,0.01,0.0009581393536837051,0.0011495163304391983,0.00918,0.003679317110839825,0.008586000433318447,0.011765575034070358,0.016596159356543183,0.014319243401673037,0.012442169445470636
8,barr_call,call,0.8,1.0,1.0,0.09581393536837052,0.11495163304391982,0.918,0.8155966514912002,0.810369830559679,0.8145389001632516,0.816300720755568,0.8193035482391655,0.8170054802331711,0.8152164261026148,1000,10000,100000,0.001,2034,1000,10000,100000,2034,0.01,0.0009581393536837051,0.0011495163304391983,0.00918,0.005226820931521159,0.0010577513279486084,0.0007040692643678348,0.003706896747965316,0.0014088287419709022,0.0003802253885853979
8,barr_put,put,0.8,1.0,1.0,0.09581393536837052,0.11495163304391982,0.918,-0.1525395022766175,-0.17999433804022272,-0.15989659229529216,-0.15208368595754188,-0.1466823101409118,-0.14542120438316863,-0.15367954511759546,1000,10000,100000,0.001,2034,1000,10000,100000,2034,0.01,0.0009581393536837051,0.0011495163304391983,0.00918,0.027454835763605218,0.007357090018674656,0.0004558163190756248,0.005857192135705708,0.007118297893448866,0.0011400428409779617
9,van_call,call,,1.0,1.0,0.08759326347420948,0.9508590402340381,1.071,0.7215164051186459,0.715584868481367,0.7001387959424898,0.7183903654506774,0.9258700213937043,0.8261647826190099,0.8166300248479808,1000,10000,100000,0.001,2134,1000,10000,100000,2134,0.01,0.0008759326347420949,0.00950859040234038,0.010709999999999999,0.005931536637278856,0.021377609176156054,0.0031260396679685387,0.20435361627505844,0.10464837750036404,0.09511361972933485
9,van_put,put,,1.0,1.0,0.08759326347420948,0.9508590402340381,1.071,-0.2784835948813541,-0.27520012767390245,-0.2863371027179318,-0.27806878818548153,-0.25691749411148046,-0.26952377885940404,-0.26991450313915144,1000,10000,100000,0.001,2134,1000,10000,100000,2134,0.01,0.0008759326347420949,0.00950859040234038,0.010709999999999999,0.0032834672074516513,0.007853507836577678,0.0004148066958725716,0.021566100769873642,0.008959816021950062,0.008569091742202661
9,barr_call,call,0.8,1.0,1.0,0.08759326347420948,0.9508590402340381,1.071,0.9767991766843176,0.9301406424976705,1.1960025467877555,1.0091023318178376,0.7433583689433421,0.8605837929563764,1.084213749123919,1000,10000,100000,0.001,2134,1000,10000,100000,2134,0.01,0.0008759326347420949,0.00950859040234038,0.010709999999999999,0.046658534186647116,0.21920337010343793,0.03230315513352,0.23344080774097553,0.11621538372794116,0.1074145724396014
9,barr_put,put,0.8,1.0,1.0,0.08759326347420948,0.9508590402340381,1.071,0.0012921764563203486,-0.0012177118597049758,0.0020779317035522684,0.001250427074141403,-0.0033911884372476203,-0.00038195089588774424,0.0028339911198684703,1000,10000,100000,0.001,2134,1000,10000,100000,2134,0.01,0.0008759326347420949,0.00950859040234038,0.010709999999999999,0.0025098883160253244,0.0007857552472319198,4.1749382178945605e-05,0.0046833648935679685,0.0016741273522080928,0.0015418146635481217
10,van_call,call,,1.0,1.0,0.03578172699578667,0.3263817070109219,0.342,0.5633816729004836,0.5729672038630867,0.5737227757967824,0.5739544236192481,0.5752052270110941,0.5764608363292928,0.5748732927775002,1000,10000,100000,0.001,2234,1000,10000,100000,2234,0.01,0.0003578172699578667,0.0032638170701092192,0.0034200000000000003,0.009585530962603173,0.01034110289629886,0.010572750718764512,0.011823554110610535,0.013079163428809215,0.011491619877016634
10,van_put,put,,1.0,1.0,0.03578172699578667,0.3263817070109219,0.342,-0.4366183270995164,-0.4271668997021208,-0.4263479939991405,-0.42617312448013644,-0.42425611029581617,-0.42369233729596945,-0.42524749702009257,1000,10000,100000,0.001,2234,1000,10000,100000,2234,0.01,0.0003578172699578667,0.0032638170701092192,0.0034200000000000003,0.009451427397395629,0.01027033310037595,0.010445202619379979,0.012362216803700254,0.012925989803546978,0.011370830079423855
10,barr_call,call,0.8,1.0,1.0,0.03578172699578667,0.3263817070109219,0.342,0.5828293987459182,0.5934486576349637,0.5853731316811384,0.5810630376049425,0.5929118207843989,0.5805117587720676,0.580360143578898,1000,10000,100000,0.001,2234,1000,10000,100000,2234,0.01,0.0003578172699578667,0.0032638170701092192,0.0034200000000000003,0.010619258889045469,0.0025437329352201443,0.0017663611409757252,0.010082422038480643,0.0023176399738505937,0.0024692551670202345
10,barr_put,put,0.8,1.0,1.0,0.03578172699578667,0.3263817070109219,0.342,-0.019084751763584484,-0.07894372096178479,-0.04186128433058649,-0.019582028235098567,-0.07058791236221641,0.002684729713050768,-0.018670932641518673,1000,10000,100000,0.001,2234,1000,10000,100000,2234,0.01,0.0003578172699578667,0.0032638170701092192,0.0034200000000000003,0.0598589691982003,0.022776532567002003,0.0004972764715140826,0.05150316059863193,0.021769481476635252,0.0004138191220658116
11,van_call,call,,1.0,1.0,0.050099512552345876,0.19442507146362342,2.306,0.7050300824078217,0.7095445014065033,0.7124368787856467,0.7108635018205495,0.7130116068637005,0.7091630800726778,0.7109008246637238,1000,10000,100000,0.001,2334,1000,10000,100000,2334,0.01,0.0005009951255234588,0.0019442507146362343,0.02306,0.004514418998681546,0.007406796377824931,0.005833419412727747,0.007981524455878741,0.004132997664856086,0.005870742255902117
11,van_put,put,,1.0,1.0,0.050099512552345876,0.19442507146362342,2.306,-0.2949699175921783,-0.2892469877269266,-0.2885014091811744,-0.28912308938704095,-0.2853146954777938,-0.29008386846735984,-0.28964113521975365,1000,10000,100000,0.001,2334,1000,10000,100000,2334,0.01,0.0005009951255234588,0.0019442507146362343,0.02306,0.005722929865251691,0.0064685084110038815,0.005846828205137322,0.009655222114384465,0.004886049124818437,0.005328782372424623
11,barr_call,call,0.8,1.0,1.0,0.050099512552345876,0.19442507146362342,2.306,0.7967945003659105,0.7480457474747709,0.808138124108454,0.797578861201112,0.82402282015068,0.769773062539375,0.7845020741800796,1000,10000,100000,0.001,2334,1000,10000,100000,2334,0.01,0.0005009951255234588,0.0019442507146362343,0.02306,0.04874875289113956,0.011343623742543496,0.000784360835201503,0.027228319784769472,0.027021437826535433,0.01229242618583093
11,barr_put,put,0.8,1.0,1.0,0.050099512552345876,0.19442507146362342,2.306,0.0073205919652125084,-0.01784686947065529,0.019304763886679368,0.012190171827942964,-0.02099929593380621,0.005204729245806682,0.014469561328624668,1000,10000,100000,0.001,2334,1000,10000,100000,2334,0.01,0.0005009951255234588,0.0019442507146362343,0.02306,0.0251674614358678,0.01198417192146686,0.004869579862730455,0.02831988789901872,0.002115862719405826,0.0071489693634121596
12,van_call,call,,1.0,1.0,0.06834629351721364,0.4583538372485301,1.577,0.6826246188613887,0.6540394807070166,0.6823554720303437,0.6838841588684086,0.6925944985202992,0.6834328275411305,0.6898839924741884,1000,10000,100000,0.001,2434,1000,10000,100000,2434,0.01,0.0006834629351721364,0.004583538372485301,0.01577,0.028585138154372136,0.00026914683104495296,0.001259540007019888,0.009969879658910497,0.0008082086797418508,0.007259373612799713
12,van_put,put,,1.0,1.0,0.06834629351721364,0.4583538372485301,1.577,-0.3173753811386113,-0.3330172012765892,-0.31511080715380946,-0.3153931769552143,-0.3042054717562387,-0.31397854513574575,-0.3107088132617536,1000,10000,100000,0.001,2434,1000,10000,100000,2434,0.01,0.0006834629351721364,0.004583538372485301,0.01577,0.01564182013797788,0.002264573984801843,0.001982204183397007,0.013169909382372613,0.0033968360028655553,0.00666656787685771
12,barr_call,call,0.8,1.0,1.0,0.06834629351721364,0.4583538372485301,1.577,0.9183937840709672,0.8062429604935362,0.8787158459754391,0.9264929351681161,0.8883436061893957,0.8337923307548373,0.933833550207197,1000,10000,100000,0.001,2434,1000,10000,100000,2434,0.01,0.0006834629351721364,0.004583538372485301,0.01577,0.112150823577431,0.03967793809552811,0.008099151097148982,0.030050177881571494,0.0846014533161299,0.015439766136229882
12,barr_put,put,0.8,1.0,1.0,0.06834629351721364,0.4583538372485301,1.577,0.005327487683262633,0.005862033661021074,0.0016421694605857828,0.0066016403496300296,0.02675053779266263,-0.0008086532567866357,0.00821189430866237,1000,10000,100000,0.001,2434,1000,10000,100000,2434,0.01,0.0006834629351721364,0.004583538372485301,0.01577,0.000534545977758441,0.00368531822267685,0.0012741526663673968,0.0214230501094,0.0061361409400492685,0.002884406625399738
13,van_call,call,,1.0,1.0,0.07127020269829003,0.9204821685219947,2.017,0.7774478635895953,0.7852118888041493,0.812387774730372,0.7714506982067881,0.9951558594915144,0.9237086133011663,0.9047214043786056,1000,10000,100000,0.001,2534,1000,10000,100000,2534,0.01,0.0007127020269829002,0.009204821685219947,0.02017,0.007764025214553993,0.03493991114077677,0.005997165382807146,0.21770799590191914,0.146260749711571,0.12727354078901032
13,van_put,put,,1.0,1.0,0.07127020269829003,0.9204821685219947,2.017,-0.22255213641040472,-0.21423536845188718,-0.2165369677079032,-0.22191451837677567,-0.212927248292466,-0.21805606614579975,-0.21964349592929477,1000,10000,100000,0.001,2534,1000,10000,100000,2534,0.01,0.0007127020269829002,0.009204821685219947,0.02017,0.008316767958517546,0.006015168702501517,0.0006376180336290505,0.009624888117938712,0.004496070264604968,0.0029086404811099476
13,barr_call,call,0.8,1.0,1.0,0.07127020269829003,0.9204821685219947,2.017,1.0260034872866586,1.2538678460974395,1.0267914824430373,0.9990539435708157,4.649517306183687,1.6256803883081261,1.2271580770522983,1000,10000,100000,0.001,2534,1000,10000,100000,2534,0.01,0.0007127020269829002,0.009204821685219947,0.02017,0.22786435881078093,0.0007879951563787291,0.026949543715842905,3.6235138188970284,0.5996769010214675,0.2011545897656397
13,barr_put,put,0.8,1.0,1.0,0.07127020269829003,0.9204821685219947,2.017,0.0005098090854770143,0.004415948211356445,0.0010195057848743719,0.0010952506446642327,-0.0016545305533676984,-0.0005218319995930771,0.0012731539256083156,1000,10000,100000,0.001,2534,1000,10000,100000,2534,0.01,0.0007127020269829002,0.009204821685219947,0.02017,0.0039061391258794305,0.0005096966993973575,0.0005854415591872184,0.0021643396388447127,0.0010316410850700914,0.0007633448401313013
14,van_call,call,,1.0,1.0,0.03702507547903949,0.879190092353161,1.928,0.7482085527247304,0.7614091229075692,0.7540731973903481,0.7482793285885803,0.8476394460958825,0.8512912224345359,0.8477171434647879,1000,10000,100000,0.001,2634,1000,10000,100000,2634,0.01,0.0003702507547903949,0.00879190092353161,0.01928,0.013200570182838822,0.0058646446656176465,7.077586384984791e-05,0.09943089337115207,0.10308266970980551,0.09950859074005747
14,van_put,put,,1.0,1.0,0.03702507547903949,0.879190092353161,1.928,-0.2517914472752696,-0.2596495989812042,-0.25413127460729434,-0.2510639843775808,-0.2467723934621413,-0.24843178726952075,-0.24928090851543683,1000,10000,100000,0.001,2634,1000,10000,100000,2634,0.01,0.0003702507547903949,0.00879190092353161,0.01928,0.007858151705934624,0.0023398273320247576,0.0007274628976887687,0.0050190538131282825,0.0033596600057488324,0.002510538759832759
14,barr_call,call,0.8,1.0,1.0,0.03702507547903949,0.879190092353161,1.928,0.9792505582985694,0.6521400261636973,1.0919662995677815,0.9722752056041728,2.9103852696294172,1.657065661219459,1.3024354451836055,1000,10000,100000,0.001,2634,1000,10000,100000,2634,0.01,0.0003702507547903949,0.00879190092353161,0.01928,0.3271105321348722,0.11271574126921202,0.0069753526943966415,1.9311347113308477,0.6778151029208895,0.3231848868850361
14,barr_put,put,0.8,1.0,1.0,0.03702507547903949,0.879190092353161,1.928,0.0006733172377544616,-0.0017027525632130661,0.0005745369696883438,0.00027186890566157176,-0.002689993636830471,-0.0002759568172894033,0.0019450763451293433,1000,10000,100000,0.001,2634,1000,10000,100000,2634,0.01,0.0003702507547903949,0.00879190092353161,0.01928,0.0023760698009675277,9.878026806611783e-05,0.00040144833209288986,0.0033633108745849327,0.0009492740550438649,0.0012717591073748817
15,van_call,call,,1.0,1.0,0.0561196186065625,0.2533631392914837,1.176,0.6471283319316236,0.6572927922507604,0.6530390432310795,0.654235596598074,0.6501282255203883,0.6524870831529112,0.6544260613369463,1000,10000,100000,0.001,2734,1000,10000,100000,2734,0.01,0.000561196186065625,0.002533631392914837,0.01176,0.01016446031913687,0.005910711299455973,0.007107264666450397,0.002999893588764735,0.005358751221287594,0.007297729405322695
15,van_put,put,,1.0,1.0,0.0561196186065625,0.2533631392914837,1.176,-0.35287166806837644,-0.3457839846192551,-0.34805499943729307,-0.34559009843977695,-0.35100875682125554,-0.3477487625650741,-0.3455991471826306,1000,10000,100000,0.001,2734,1000,10000,100000,2734,0.01,0.000561196186065625,0.002533631392914837,0.01176,0.0070876834491213625,0.004816668631083376,0.0072815696285994935,0.001862911247120902,0.005122905503302355,0.00727252088574587
15,barr_call,call,0.8,1.0,1.0,0.0561196186065625,0.2533631392914837,1.176,0.7136812396893039,0.6834019140390973,0.7120722175996241,0.7140082376957818,0.7684979613365783,0.7135146778100065,0.7096799648402846,1000,10000,100000,0.001,2734,1000,10000,100000,2734,0.01,0.000561196186065625,0.002533631392914837,0.01176,0.030279325650206523,0.0016090220896797236,0.0003269980064779521,0.05481672164727447,0.00016656187929731114,0.004001274849019243
15,barr_put,put,0.8,1.0,1.0,0.0561196186065625,0.2533631392914837,1.176,0.01058455184442253,-0.010415980896246076,0.026236213628052715,0.009386790644711103,0.04318725167855326,0.03980877399826759,0.018453597139806398,1000,10000,100000,0.001,2734,1000,10000,100000,2734,0.01,0.000561196186065625,0.002533631392914837,0.01176,0.021000532740668605,0.015651661783630186,0.0011977611997114265,0.03260269983413073,0.029224222153845063,0.007869045295383868
16,van_call,call,,1.0,1.0,0.050308316530780973,0.3486607840764768,1.3960000000000001,0.6467117667292951,0.6586285327926072,0.6527229776189969,0.6512142028597068,0.6480524846521313,0.6509695000929044,0.6513070404510518,1000,10000,100000,0.001,2834,1000,10000,100000,2834,0.01,0.0005030831653078097,0.003486607840764768,0.013960000000000002,0.011916766063312156,0.006011210889701801,0.00450243613041168,0.0013407179228361876,0.004257733363609351,0.004595273721756721
16,van_put,put,,1.0,1.0,0.050308316530780973,0.3486607840764768,1.3960000000000001,-0.3532882332707049,-0.34358221561181096,-0.34737564302352864,-0.34879412478644456,-0.350114083751385,-0.3472706882241175,-0.34788187241170804,1000,10000,100000,0.001,2834,1000,10000,100000,2834,0.01,0.0005030831653078097,0.003486607840764768,0.013960000000000002,0.00970601765889395,0.005912590247176275,0.004494108484260351,0.0031741495193199354,0.006017545046587414,0.005406360858996873
16,barr_call,call,0.8,1.0,1.0,0.050308316530780973,0.3486607840764768,1.3960000000000001,0.8014342195033053,0.9424085799636217,0.796563272120876,0.7828113604387982,0.7867260096515449,0.723915721936827,0.7612826897331393,1000,10000,100000,0.001,2834,1000,10000,100000,2834,0.01,0.0005030831653078097,0.003486607840764768,0.013960000000000002,0.14097436046031642,0.004870947382429325,0.018622859064507113,0.014708209851760357,0.07751849756647833,0.040151529770166006
16,barr_put,put,0.8,1.0,1.0,0.050308316530780973,0.3486607840764768,1.3960000000000001,0.011148463472734904,0.004892385245686571,0.0119692265738098,0.0164935023345387,0.04824378912109714,0.029475920133404526,0.015496883272933916,1000,10000,100000,0.001,2834,1000,10000,100000,2834,0.01,0.0005030831653078097,0.003486607840764768,0.013960000000000002,0.006256078227048333,0.0008207631010748954,0.005345038861803795,0.03709532564836224,0.018327456660669622,0.004348419800199012
17,van_call,call,,1.0,1.0,0.0013768449590682243,0.18340614284872844,1.304,0.5451000228725407,0.5622167205837109,0.5575137928368931,0.5545030371707976,0.5508031757257822,0.5524207701584377,0.5554529230328953,1000,10000,100000,0.001,2934,1000,10000,100000,2934,0.01,1.3768449590682243e-05,0.0018340614284872844,0.013040000000000001,0.017116697711170192,0.012413769964352395,0.009403014298256962,0.005703152853241522,0.007320747285897045,0.010352900160354617
17,van_put,put,,1.0,1.0,0.0013768449590682243,0.18340614284872844,1.304,-0.45489997712745933,-0.43831056223823384,-0.4432734009547759,-0.44545981088188746,-0.4502639178939116,-0.4481733165374993,-0.4449537458253272,1000,10000,100000,0.001,2934,1000,10000,100000,2934,0.01,1.3768449590682243e-05,0.0018340614284872844,0.013040000000000001,0.016589414889225496,0.011626576172683423,0.009440166245571868,0.004636059233547707,0.006726660589960021,0.009946231302132125
17,barr_call,call,0.8,1.0,1.0,0.0013768449590682243,0.18340614284872844,1.304,0.5695552252572663,0.5756825991840353,0.5669562903881792,0.5691801087551407,0.5661201216294931,0.5622676438542459,0.5661171467431808,1000,10000,100000,0.001,2934,1000,10000,100000,2934,0.01,1.3768449590682243e-05,0.0018340614284872844,0.013040000000000001,0.006127373926768986,0.0025989348690871328,0.0003751165021256275,0.003435103627773217,0.007287581403020438,0.0034380785140855075
17,barr_put,put,0.8,1.0,1.0,0.0013768449590682243,0.18340614284872844,1.304,0.003202028261184431,0.03680906797444844,-0.0044911953819479905,-0.002678042704016073,-0.02193885690590508,-0.0006559624320015556,0.007833991244319063,1000,10000,100000,0.001,2934,1000,10000,100000,2934,0.01,1.3768449590682243e-05,0.0018340614284872844,0.013040000000000001,0.03360703971326401,0.007693223643132421,0.005880070965200504,0.02514088516708951,0.0038579906931859864,0.004631962983134633
18,van_call,call,,1.0,1.0,0.07728266216123741,0.9018942553196211,1.493,0.743993770514835,0.7375470045651367,0.7272398503663124,0.7402578327770526,0.8519993007233051,0.8248445581374164,0.828110774974955,1000,10000,100000,0.001,3034,1000,10000,100000,3034,0.01,0.0007728266216123742,0.009018942553196211,0.01493,0.006446765949698285,0.016753920148522505,0.0037359377377823577,0.10800553020847015,0.08085078762258147,0.08411700446012005
18,van_put,put,,1.0,1.0,0.07728266216123741,0.9018942553196211,1.493,-0.25600622948516505,-0.2549858023078666,-0.2608040532223854,-0.2565901594207054,-0.26306322846380015,-0.2524998052282623,-0.24860158870996796,1000,10000,100000,0.001,3034,1000,10000,100000,3034,0.01,0.0007728266216123742,0.009018942553196211,0.01493,0.0010204271772984441,0.004797823737220375,0.0005839299355403504,0.007056998978635098,0.0035064242569027293,0.007404640775197091
18,barr_call,call,0.8,1.0,1.0,0.07728266216123741,0.9018942553196211,1.493,1.0013195601997231,2.0588939901961143,0.7915241673645212,1.0125311585316876,1.3441464806971615,1.0989093608759437,1.1820013861306822,1000,10000,100000,0.001,3034,1000,10000,100000,3034,0.01,0.0007728266216123742,0.009018942553196211,0.01493,1.0575744299963912,0.20979539283520188,0.0112115983319645,0.34282692049743835,0.09758980067622058,0.18068182593095905
18,barr_put,put,0.8,1.0,1.0,0.07728266216123741,0.9018942553196211,1.493,0.0008976970555241159,-0.0010508401553587096,-6.672852523983747e-05,0.0008469669889422785,0.009642146882365418,-0.00019043855270111949,0.0007993274258062607,1000,10000,100000,0.001,3034,1000,10000,100000,3034,0.01,0.0007728266216123742,0.009018942553196211,0.01493,0.0019485372108828255,0.0009644255807639534,5.07300665818374e-05,0.008744449826841302,0.0010881356082252354,9.836962971785529e-05
19,van_call,call,,1.0,1.0,0.08826411906361166,0.7068216350086256,2.952,0.7943934546251739,0.8287514341542845,0.8133453237707977,0.7943318165724578,0.728667561426688,0.8048837318697988,0.7911544403942039,1000,10000,100000,0.001,3134,1000,10000,100000,3134,0.01,0.0008826411906361166,0.007068216350086256,0.02952,0.03435797952911068,0.018951869145623856,6.163805271608425e-05,0.06572589319848587,0.010490277244624924,0.00323901423096995
19,van_put,put,,1.0,1.0,0.08826411906361166,0.7068216350086256,2.952,-0.20560654537482614,-0.21212386900831826,-0.20215182632951634,-0.20499714148160542,-0.2130796142210789,-0.19998419434925085,-0.20354857380226465,1000,10000,100000,0.001,3134,1000,10000,100000,3134,0.01,0.0008826411906361166,0.007068216350086256,0.02952,0.006517323633492111,0.0034547190453098064,0.000609403893220728,0.007473068846252762,0.0056223510255752895,0.00205797157256149
19,barr_call,call,0.8,1.0,1.0,0.08826411906361166,0.7068216350086256,2.952,1.0981618034352796,0.4677208888646228,1.1828786323788143,1.0712490103281236,0.536914511381309,1.0586413672711348,1.0151476700538924,1000,10000,100000,0.001,3134,1000,10000,100000,3134,0.01,0.0008826411906361166,0.007068216350086256,0.02952,0.6304409145706568,0.08471682894353472,0.026912793107155997,0.5612472920539706,0.0395204361641448,0.08301413338138719
19,barr_put,put,0.8,1.0,1.0,0.08826411906361166,0.7068216350086256,2.952,0.000584328382718935,0.005286797183123052,0.0005785350673586672,0.0011888252275182695,-0.0003746085096276435,-5.718377542318631e-05,0.0011535640526106482,1000,10000,100000,0.001,3134,1000,10000,100000,3134,0.01,0.0008826411906361166,0.007068216350086256,0.02952,0.004702468800404117,5.79331536026777e-06,0.0006044968447993346,0.0009589368923465784,0.0006415121581421213,0.0005692356698917132
20,van_call,call,,1.0,1.0,0.03648859839013723,0.7269318031005786,1.183,0.6736166534143412,0.6696240847247514,0.6736689172704535,0.6719580046830598,0.6522045887963401,0.6886771474541808,0.6749135946409024,1000,10000,100000,0.001,3234,1000,10000,100000,3234,0.01,0.00036488598390137234,0.007269318031005786,0.01183,0.003992568689589748,5.226385611234452e-05,0.001658648731281409,0.021412064618001048,0.015060494039839667,0.0012969412265612101
20,van_put,put,,1.0,1.0,0.03648859839013723,0.7269318031005786,1.183,-0.3263833465856588,-0.3181437838083556,-0.3251105155904932,-0.32506155603451714,-0.32442823306988444,-0.32001544736907084,-0.3237032346429747,1000,10000,100000,0.001,3234,1000,10000,100000,3234,0.01,0.00036488598390137234,0.007269318031005786,0.01183,0.0082395627773032,0.0012728309951656192,0.0013217905511416772,0.001955113515774376,0.00636789921658798,0.002680111942684138
20,barr_call,call,0.8,1.0,1.0,0.03648859839013723,0.7269318031005786,1.183,0.9050193147851104,1.079974757877017,0.879744228259452,0.9021591461283673,0.6244890977517681,0.8332772274045663,0.9174969265560856,1000,10000,100000,0.001,3234,1000,10000,100000,3234,0.01,0.00036488598390137234,0.007269318031005786,0.01183,0.17495544309190647,0.025275086525658463,0.0028601686567431006,0.28053021703334236,0.0717420873805441,0.012477611770975172
20,barr_put,put,0.8,1.0,1.0,0.03648859839013723,0.7269318031005786,1.183,0.0025761655160244645,-0.0004625872410671337,0.006242225669942725,0.004814393567050663,0.00935469180867329,0.0028006777091314165,0.005729482254859591,1000,10000,100000,0.001,3234,1000,10000,100000,3234,0.01,0.00036488598390137234,0.007269318031005786,0.01183,0.003038752757091598,0.0036660601539182606,0.002238228051026198,0.006778526292648825,0.00022451219310695193,0.0031533167388351265
21,van_call,call,,1.0,1.0,0.061539617843349374,0.900187748972898,0.136,0.5758145618680905,0.5832155312486653,0.580058722446819,0.5816342005046826,0.451964649896143,0.45452106536517656,0.44922500002354676,1000,10000,100000,0.001,3334,1000,10000,100000,3334,0.01,0.0006153961784334937,0.00900187748972898,0.00136,0.007400969380574773,0.004244160578728451,0.005819638636592073,0.12384991197194756,0.12129349650291399,0.12658956184454379
21,van_put,put,,1.0,1.0,0.061539617843349374,0.900187748972898,0.136,-0.42418543813190945,-0.4154490387944118,-0.41890320556754873,-0.41806102620707414,-0.45141420783705866,-0.45051133509047825,-0.4537474910888545,1000,10000,100000,0.001,3334,1000,10000,100000,3334,0.01,0.0006153961784334937,0.00900187748972898,0.00136,0.008736399337497647,0.005282232564360723,0.006124411924835316,0.027228769705149203,0.026325896958568795,0.02956205295694503
21,barr_call,call,0.8,1.0,1.0,0.061539617843349374,0.900187748972898,0.136,0.6636925541060142,0.657855927294583,0.6644285670380126,0.6707677952561066,0.5260910934689333,0.4245186483272878,0.48536798612592996,1000,10000,100000,0.001,3334,1000,10000,100000,3334,0.01,0.0006153961784334937,0.00900187748972898,0.00136,0.005836626811431267,0.00073601293199832,0.007075241150092393,0.1376014606370809,0.23917390577872644,0.17832456798008428
21,barr_put,put,0.8,1.0,1.0,0.061539617843349374,0.900187748972898,0.136,0.01889012958396219,0.04299782155759565,0.0185519687363361,0.01776682359657545,0.06789735123419846,0.0058622079292455775,0.016943363898219883,1000,10000,100000,0.001,3334,1000,10000,100000,3334,0.01,0.0006153961784334937,0.00900187748972898,0.00136,0.02410769197363346,0.0003381608476260914,0.0011233059873867399,0.04900722165023627,0.013027921654716612,0.0019467656857423063
22,van_call,call,,1.0,1.0,0.0075381241642976556,0.7793846369685549,2.774,0.7470240808138071,0.7188015205425891,0.7794125139966135,0.7515671445532501,0.8385082337617367,0.788583339933191,0.8033746039296297,1000,10000,100000,0.001,3434,1000,10000,100000,3434,0.01,7.538124164297656e-05,0.007793846369685549,0.02774,0.028222560271218056,0.032388433182806375,0.004543063739443021,0.09148415294792955,0.04155925911938385,0.05635052311582256
22,van_put,put,,1.0,1.0,0.0075381241642976556,0.7793846369685549,2.774,-0.2529759191861929,-0.263906003711184,-0.2516370082994601,-0.2505520257255811,-0.23201971294175006,-0.24617473077575003,-0.2474092818157081,1000,10000,100000,0.001,3434,1000,10000,100000,3434,0.01,7.538124164297656e-05,0.007793846369685549,0.02774,0.010930084524991113,0.0013389108867327693,0.0024238934606117812,0.020956206244442832,0.00680118841044286,0.005566637370484795
22,barr_call,call,0.8,1.0,1.0,0.0075381241642976556,0.7793846369685549,2.774,0.9544783345178887,0.8280272943510164,1.2375346160385048,0.9311703081216732,0.5452366941638614,1.026675117741671,1.0484359039211189,1000,10000,100000,0.001,3434,1000,10000,100000,3434,0.01,7.538124164297656e-05,0.007793846369685549,0.02774,0.12645104016687225,0.2830562815206161,0.02330802639621543,0.4092416403540272,0.07219678322378242,0.09395756940323019
22,barr_put,put,0.8,1.0,1.0,0.0075381241642976556,0.7793846369685549,2.774,0.000571612909562591,-0.0030259061651756705,0.0022466923965065305,0.0011436358086877672,-0.0016296140991105084,9.999204467426779e-05,0.0017268457670989998,1000,10000,100000,0.001,3434,1000,10000,100000,3434,0.01,7.538124164297656e-05,0.007793846369685549,0.02774,0.0035975190747382616,0.0016750794869439395,0.0005720228991251762,0.0022012270086730996,0.00047162086488832325,0.0011552328575364088
23,van_call,call,,1.0,1.0,0.03688240060019745,0.5995556258236882,2.633,0.7211477664348112,0.7064504069495159,0.7221405588166141,0.7285332263211597,0.7466624035835923,0.7343085834039698,0.7209514209987389,1000,10000,100000,0.001,3534,1000,10000,100000,3534,0.01,0.0003688240060019745,0.0059955562582368815,0.02633,0.01469735948529527,0.0009927923818029427,0.007385459886348533,0.025514637148781105,0.013160816969158606,0.00019634543607227606
23,van_put,put,,1.0,1.0,0.03688240060019745,0.5995556258236882,2.633,-0.27885223356518885,-0.2897783486843275,-0.27470455489864154,-0.2762170780119644,-0.2801109730962481,-0.27241417532234413,-0.27742277317099884,1000,10000,100000,0.001,3534,1000,10000,100000,3534,0.01,0.0003688240060019745,0.0059955562582368815,0.02633,0.010926115119138657,0.004147678666547305,0.0026351555532244664,0.0012587395310592608,0.006438058242844713,0.0014294603941900075
23,barr_call,call,0.8,1.0,1.0,0.03688240060019745,0.5995556258236882,2.633,0.9783394921662053,1.006270919162855,1.0225166674062063,0.9111907756958304,0.5145942147650934,0.8339126108153655,0.900619994473506,1000,10000,100000,0.001,3534,1000,10000,100000,3534,0.01,0.0003688240060019745,0.0059955562582368815,0.02633,0.027931426996649633,0.044177175240000977,0.0671487164703749,0.46374527740111193,0.1444268813508398,0.07771949769269926
23,barr_put,put,0.8,1.0,1.0,0.03688240060019745,0.5995556258236882,2.633,0.0013328310095525597,0.01053959545963529,0.0008921018431952421,0.0015222168395596686,0.016508812951135935,-0.0002362675715550898,0.0013919661985608623,1000,10000,100000,0.001,3534,1000,10000,100000,3534,0.01,0.0003688240060019745,0.0059955562582368815,0.02633,0.00920676445008273,0.0004407291663573176,0.00018938583000710886,0.015175981941583375,0.0015690985811076495,5.913518900830259e-05
24,van_call,call,,1.0,1.0,0.09331401019825217,0.29183411965297695,1.12,0.688928654203209,0.6959818198250728,0.6930300926249633,0.694310701597553,0.7060562441045526,0.6955612433295844,0.6957813712394317,1000,10000,100000,0.001,3634,1000,10000,100000,3634,0.01,0.0009331401019825217,0.0029183411965297695,0.011200000000000002,0.007053165621863755,0.0041014384217542554,0.005382047394344003,0.017127589901343554,0.006632589126375321,0.0068527170362227
24,van_put,put,,1.0,1.0,0.09331401019825217,0.29183411965297695,1.12,-0.31107134579679097,-0.30890102566768496,-0.30791553345804606,-0.30537669320871846,-0.3011309539407911,-0.30633013356757555,-0.30459729739920616,1000,10000,100000,0.001,3634,1000,10000,100000,3634,0.01,0.0009331401019825217,0.0029183411965297695,0.011200000000000002,0.002170320129106007,0.003155812338744901,0.005694652588072502,0.009940391855999875,0.004741212229215419,0.0064740483975848084
24,barr_call,call,0.8,1.0,1.0,0.09331401019825217,0.29183411965297695,1.12,0.788740529951748,0.9364422224372698,0.7479057876751405,0.7895890716921594,0.8000293857156254,0.7666222909096188,0.7771763503921031,1000,10000,100000,0.001,3634,1000,10000,100000,3634,0.01,0.0009331401019825217,0.0029183411965297695,0.011200000000000002,0.14770169248552178,0.04083474227660755,0.0008485417404113793,0.011288855763877392,0.022118239042129284,0.01156417955964495
24,barr_put,put,0.8,1.0,1.0,0.09331401019825217,0.29183411965297695,1.12,0.009665861400673381,0.04393175651183582,-0.004924109036603345,0.012686885660825875,0.05040761355079755,0.02695442766819196,0.02648585890277621,1000,10000,100000,0.001,3634,1000,10000,100000,3634,0.01,0.0009331401019825217,0.0029183411965297695,0.011200000000000002,0.03426589511116244,0.014589970437276726,0.003021024260152494,0.04074175215012417,0.01728856626751858,0.016819997502102828
25,van_call,call,,1.0,1.0,0.06513781432265774,0.15224386914302468,1.927,0.7579109077141597,0.7536342357538917,0.7608295720113317,0.7643607838595246,0.7686277711461964,0.7671149675569672,0.7651408311616342,1000,10000,100000,0.001,3734,1000,10000,100000,3734,0.01,0.0006513781432265774,0.001522438691430247,0.019270000000000002,0.004276671960268041,0.0029186642971720245,0.006449876145364852,0.010716863432036705,0.009204059842807477,0.007229923447474529
25,van_put,put,,1.0,1.0,0.06513781432265774,0.15224386914302468,1.927,-0.2420890922858403,-0.24714855270284372,-0.23934775658697865,-0.23572550571680506,-0.23051032535513563,-0.23317678954423368,-0.23528433129517273,1000,10000,100000,0.001,3734,1000,10000,100000,3734,0.01,0.0006513781432265774,0.001522438691430247,0.019270000000000002,0.00505946041700342,0.0027413356988616466,0.00636358656903524,0.01157876693070467,0.00891230274160662,0.006804760990667569
25,barr_call,call,0.8,1.0,1.0,0.06513781432265774,0.15224386914302468,1.927,0.788637092915756,0.7571404597298825,0.7844051955364056,0.7863558683502914,0.8045433844210165,0.7801177181288671,0.7838806691940009,1000,10000,100000,0.001,3734,1000,10000,100000,3734,0.01,0.0006513781432265774,0.001522438691430247,0.019270000000000002,0.03149663318587348,0.004231897379350369,0.0022812245654646457,0.01590629150526046,0.008519374786888911,0.00475642372175511
25,barr_put,put,0.8,1.0,1.0,0.06513781432265774,0.15224386914302468,1.927,-0.024980984073549872,-0.0359339286252168,-0.014801245319086796,-0.026322638277170504,0.01336846525365979,-0.01585059347108987,-0.020208939867170754,1000,10000,100000,0.001,3734,1000,10000,100000,3734,0.01,0.0006513781432265774,0.001522438691430247,0.019270000000000002,0.010952944551666927,0.010179738754463076,0.001341654203620632,0.03834944932720966,0.00913039060246,0.004772044206379118
26,van_call,call,,1.0,1.0,0.039720257772615425,0.33583948449028544,1.1380000000000001,0.6199313624289824,0.6179741666347105,0.6267077647163583,0.6243399957622991,0.6171432616183081,0.6262770411394752,0.6276158455601671,1000,10000,100000,0.001,3834,1000,10000,100000,3834,0.01,0.0003972025777261543,0.0033583948449028545,0.011380000000000001,0.001957195794271893,0.00677640228737586,0.004408633333316758,0.0027881008106742655,0.0063456787104928525,0.0076844831311847495
26,van_put,put,,1.0,1.0,0.039720257772615425,0.33583948449028544,1.1380000000000001,-0.3800686375710176,-0.3757168473364561,-0.3733903738676339,-0.37512762701643887,-0.3771248263186852,-0.373188883747852,-0.3728499098626131,1000,10000,100000,0.001,3834,1000,10000,100000,3834,0.01,0.0003972025777261543,0.0033583948449028545,0.011380000000000001,0.004351790234561503,0.006678263703383702,0.00494101055457874,0.0029438112523323956,0.006879753823165635,0.007218727708404482
26,barr_call,call,0.8,1.0,1.0,0.039720257772615425,0.33583948449028544,1.1380000000000001,0.7348503930416028,0.6581884267880728,0.725934142437959,0.7471264490646945,0.6382536436645825,0.6921277032572393,0.7301340819446472,1000,10000,100000,0.001,3834,1000,10000,100000,3834,0.01,0.0003972025777261543,0.0033583948449028545,0.011380000000000001,0.07666196625353006,0.008916250603643872,0.012276056023091675,0.09659674937702034,0.042722689784363554,0.004716311096955583
26,barr_put,put,0.8,1.0,1.0,0.039720257772615425,0.33583948449028544,1.1380000000000001,0.014686238042838085,0.050189316443040914,0.006279935655834762,0.012039408505022057,-0.006152135673209887,0.015635793570410294,0.01961998294948827,1000,10000,100000,0.001,3834,1000,10000,100000,3834,0.01,0.0003972025777261543,0.0033583948449028545,0.011380000000000001,0.03550307840020283,0.008406302387003323,0.0026468295378160277,0.02083837371604797,0.0009495555275722094,0.004933744906650186
27,van_call,call,,1.0,1.0,0.07887301429407456,0.6578942253806616,0.717,0.6480473993928032,0.6618480384359138,0.6458397799340931,0.6527031864956623,0.6554794369806299,0.657521306163758,0.6530038466193017,1000,10000,100000,0.001,3934,1000,10000,100000,3934,0.01,0.0007887301429407457,0.006578942253806615,0.00717,0.013800639043110574,0.002207619458710064,0.004655787102859077,0.007432037587826734,0.009473906770954832,0.004956447226498462
27,van_put,put,,1.0,1.0,0.07887301429407456,0.6578942253806616,0.717,-0.3519526006071968,-0.34404953330189336,-0.35253969746650016,-0.34845205176210203,-0.3463404426557487,-0.34349449947016775,-0.3483879445814464,1000,10000,100000,0.001,3934,1000,10000,100000,3934,0.01,0.0007887301429407457,0.006578942253806615,0.00717,0.007903067305303435,0.0005870968593033599,0.003500548845094764,0.0056121579514480935,0.00845810113702905,0.003564656025750401
27,barr_call,call,0.8,1.0,1.0,0.07887301429407456,0.6578942253806616,0.717,0.8522054235562876,0.7993661137838698,0.9242423261331345,0.838743287667229,0.6664632850001906,0.8016955769056339,0.8136496648335906,1000,10000,100000,0.001,3934,1000,10000,100000,3934,0.01,0.0007887301429407457,0.006578942253806615,0.00717,0.0528393097724178,0.07203690257684692,0.013462135889058535,0.185742138556097,0.05050984665065372,0.03855575872269701
27,barr_put,put,0.8,1.0,1.0,0.07887301429407456,0.6578942253806616,0.717,0.006337985427590231,0.004130933498007667,0.0031347244683869882,0.006081198039872685,0.01363013688436914,0.006153276196975573,0.013757863722817752,1000,10000,100000,0.001,3934,1000,10000,100000,3934,0.01,0.0007887301429407457,0.006578942253806615,0.00717,0.0022070519295825644,0.003203260959203243,0.0002567873877175461,0.007292151456778908,0.00018470923061465836,0.007419878295227521
28,van_call,call,,1.0,1.0,0.031683612216887126,0.07426920108898555,0.748,0.6558173382326591,0.6717056013226065,0.680906098862797,0.6839428365962859,0.6918848820374863,0.68682363894597,0.6848452720733658,1000,10000,100000,0.001,4034,1000,10000,100000,4034,0.01,0.0003168361221688713,0.0007426920108898555,0.0074800000000000005,0.015888263089947396,0.025088760630137874,0.028125498363626766,0.03606754380482724,0.031006300713310897,0.029027933840706677
28,van_put,put,,1.0,1.0,0.031683612216887126,0.07426920108898555,0.748,-0.3441826617673409,-0.32839238706107043,-0.31908198150503564,-0.316056229249442,-0.3082918965898362,-0.31328992871332906,-0.31524992347724146,1000,10000,100000,0.001,4034,1000,10000,100000,4034,0.01,0.0003168361221688713,0.0007426920108898555,0.0074800000000000005,0.01579027470627048,0.025100680262305275,0.028126432517898925,0.035890765177504724,0.030892733054011856,0.028932738290099458
28,barr_call,call,0.8,1.0,1.0,0.031683612216887126,0.07426920108898555,0.748,0.68373877970445,0.7061733887231109,0.6843941552622163,0.6842385868768737,0.6918848820374863,0.68682363894597,0.6848452720733658,1000,10000,100000,0.001,4034,1000,10000,100000,4034,0.01,0.0003168361221688713,0.0007426920108898555,0.0074800000000000005,0.0224346090186609,0.0006553755577662912,0.0004998071724237052,0.008146102333036365,0.0030848592415200216,0.0011064923689158013
28,barr_put,put,0.8,1.0,1.0,0.031683612216887126,0.07426920108898555,0.748,-0.3148787560385183,-0.2936492009323383,-0.31397147253126345,-0.3135893044610793,-0.3082918965898362,-0.3131376766838726,-0.3135499577170426,1000,10000,100000,0.001,4034,1000,10000,100000,4034,0.01,0.0003168361221688713,0.0007426920108898555,0.0074800000000000005,0.021229555106179965,0.0009072835072548302,0.0012894515774389825,0.006586859448682092,0.0017410793546456804,0.0013287983214756993
29,van_call,call,,1.0,1.0,0.05680986526260692,0.05595138901081743,1.317,0.884408936860574,0.8946531277323949,0.901520278304134,0.8989541242473365,0.8967898785493644,0.8971659719517494,0.8978393450655777,1000,10000,100000,0.001,4134,1000,10000,100000,4134,0.01,0.0005680986526260692,0.0005595138901081743,0.01317,0.010244190871820935,0.01711134144355997,0.01454518738676247,0.012380941688790448,0.012757035091175428,0.013430408205003741
29,van_put,put,,1.0,1.0,0.05680986526260692,0.05595138901081743,1.317,-0.11559106313942602,-0.1054138399228082,-0.0984173739686043,-0.10103830644027498,-0.10319287416086625,-0.10256007454253843,-0.10186081908173959,1000,10000,100000,0.001,4134,1000,10000,100000,4134,0.01,0.0005680986526260692,0.0005595138901081743,0.01317,0.01017722321661782,0.017173689170821724,0.014552756699151043,0.012398188978559765,0.013030988596887588,0.013730244057686428
29,barr_call,call,0.8,1.0,1.0,0.05680986526260692,0.05595138901081743,1.317,0.8986073518423107,0.9052531905551205,0.8979731738056426,0.8991045161704222,0.8967898785493644,0.8971659719517494,0.8978393450655777,1000,10000,100000,0.001,4134,1000,10000,100000,4134,0.01,0.0005680986526260692,0.0005595138901081743,0.01317,0.006645838712809882,0.0006341780366680982,0.0004971643281115323,0.0018174732929462367,0.0014413798905612563,0.0007680067767329435
29,barr_put,put,0.8,1.0,1.0,0.05680986526260692,0.05595138901081743,1.317,-0.1013384347688983,-0.09463246010911917,-0.10201877431084524,-0.10071349723091327,-0.10319287416086625,-0.10256007454253843,-0.10185334387969314,1000,10000,100000,0.001,4134,1000,10000,100000,4134,0.01,0.0005680986526260692,0.0005595138901081743,0.01317,0.006705974659779124,0.0006803395419469477,0.0006249375379850236,0.0018544393919679575,0.0012216397736401347,0.0005149091107948395
30,van_call,call,,1.0,1.0,0.08691273895612259,0.32387161910725526,0.311,0.5948202114728631,0.6092352879834547,0.6062862725132137,0.6062347182479472,0.6108643895400889,0.60650165262313,0.6068838272167545,1000,10000,100000,0.001,4234,1000,10000,100000,4234,0.01,0.0008691273895612259,0.0032387161910725527,0.00311,0.014415076510591596,0.011466061040350528,0.011414506775084043,0.0160441780672258,0.011681441150266925,0.012063615743891365
30,van_put,put,,1.0,1.0,0.08691273895612259,0.32387161910725526,0.311,-0.4051797885271369,-0.3924189230051167,-0.3941820040771607,-0.39383405846480507,-0.38916323984465456,-0.3938117012206019,-0.3929675812453133,1000,10000,100000,0.001,4234,1000,10000,100000,4234,0.01,0.0008691273895612259,0.0032387161910725527,0.00311,0.01276086552202016,0.010997784449976178,0.011345730062331805,0.016016548682482312,0.01136808730653499,0.012212207281823595
30,barr_call,call,0.8,1.0,1.0,0.08691273895612259,0.32387161910725526,0.311,0.612246633952819,0.6213525560531049,0.6192251595502712,0.6144519627499136,0.6449605999165178,0.6158130791546701,0.6105699628133121,1000,10000,100000,0.001,4234,1000,10000,100000,4234,0.01,0.0008691273895612259,0.0032387161910725527,0.00311,0.009105922100285935,0.0069785255974522675,0.0022053287970946744,0.0327139659636988,0.0035664452018511206,0.001676671139506869
30,barr_put,put,0.8,1.0,1.0,0.08691273895612259,0.32387161910725526,0.311,-0.04012814811303472,-0.05398497605690611,-0.01772025950209262,-0.039808524967544986,0.010608064431725031,-0.020228602766929338,-0.030860779732313007,1000,10000,100000,0.001,4234,1000,10000,100000,4234,0.01,0.0008691273895612259,0.0032387161910725527,0.00311,0.013856827943871386,0.022407888610942103,0.00031962314548973636,0.050736212544759754,0.019899545346105385,0.009267368380721716
31,van_call,call,,1.0,1.0,0.04361734238956794,0.5908913226585232,1.987,0.6986477119438491,0.6968720464284761,0.7060182370797807,0.7021865679229022,0.7455566688735815,0.6897115185582392,0.7035915047804875,1000,10000,100000,0.001,4334,1000,10000,100000,4334,0.01,0.0004361734238956794,0.0059089132265852315,0.019870000000000002,0.0017756655153730039,0.007370525135931616,0.0035388559790531238,0.046908956929732404,0.008936193385609914,0.004943792836638372
31,van_put,put,,1.0,1.0,0.04361734238956794,0.5908913226585232,1.987,-0.3013522880561509,-0.29153829847593515,-0.2942555198686525,-0.29949095464732456,-0.30036956992710584,-0.30434308832977264,-0.297907300270428,1000,10000,100000,0.001,4334,1000,10000,100000,4334,0.01,0.0004361734238956794,0.0059089132265852315,0.019870000000000002,0.009813989580215732,0.007096768187498381,0.0018613334088263267,0.000982718129045046,0.002990800273621752,0.003444987785722886
31,barr_call,call,0.8,1.0,1.0,0.04361734238956794,0.5908913226585232,1.987,0.9526657994787552,0.8429309344427288,1.042481937240286,0.9522772956397557,0.6075602553514969,0.7647615523500267,0.9732400931920571,1000,10000,100000,0.001,4334,1000,10000,100000,4334,0.01,0.0004361734238956794,0.0059089132265852315,0.019870000000000002,0.10973486503602636,0.08981613776153086,0.0003885038389994655,0.34510554412725825,0.18790424712872844,0.020574293713301883
31,barr_put,put,0.8,1.0,1.0,0.04361734238956794,0.5908913226585232,1.987,0.00211685898264119,-0.003129385317948008,0.00484585236295775,0.0023290940639830596,0.0007542072570454288,0.0003631819988403817,0.002806530088477236,1000,10000,100000,0.001,4334,1000,10000,100000,4334,0.01,0.0004361734238956794,0.0059089132265852315,0.019870000000000002,0.005246244300589198,0.0027289933803165602,0.00021223508134186973,0.001362651725595761,0.0017536769838008082,0.0006896711058360463
32,van_call,call,,1.0,1.0,0.08021476420801592,0.8540446685585161,2.291,0.7847996122163919,0.7680456132465818,0.8089701841107577,0.7819071660449373,0.7715152718184792,0.7990722228716551,0.8073551797216916,1000,10000,100000,0.001,4434,1000,10000,100000,4434,0.01,0.0008021476420801592,0.008540446685585162,0.02291,0.016753998969810113,0.024170571894365778,0.0028924461714546768,0.013284340397912708,0.014272610655263196,0.022555567505299634
32,van_put,put,,1.0,1.0,0.08021476420801592,0.8540446685585161,2.291,-0.21520038778360806,-0.21658109425483074,-0.21183887982285654,-0.21343291108940066,-0.21293398922594964,-0.211708905188851,-0.21332085786924804,1000,10000,100000,0.001,4434,1000,10000,100000,4434,0.01,0.0008021476420801592,0.008540446685585162,0.02291,0.0013807064712226813,0.0033615079607515197,0.0017674766942074038,0.0022663985576584222,0.003491482594757067,0.001879529914360023
32,barr_call,call,0.8,1.0,1.0,0.08021476420801592,0.8540446685585161,2.291,1.0492901592474095,0.8137644337224914,0.8358490248356137,1.0347907086398238,0.6178217835606903,0.9791248573447153,0.9923304696879659,1000,10000,100000,0.001,4434,1000,10000,100000,4434,0.01,0.0008021476420801592,0.008540446685585162,0.02291,0.23552572552491813,0.2134411344117958,0.014499450607585729,0.43146837568671925,0.07016530190269421,0.05695968955944364
32,barr_put,put,0.8,1.0,1.0,0.08021476420801592,0.8540446685585161,2.291,0.0005122047665853668,-0.0005685731180909761,-0.00031821864741818915,0.0006730127962194603,-0.001582342494929251,0.0021065855430362603,0.00176526739852305,1000,10000,100000,0.001,4434,1000,10000,100000,4434,0.01,0.0008021476420801592,0.008540446685585162,0.02291,0.0010807778846763428,0.000830423414003556,0.0001608080296340935,0.0020945472615146177,0.0015943807764508934,0.001253062631937683
33,van_call,call,,1.0,1.0,0.014376682451456457,0.287775362575009,2.803,0.6272352235198275,0.6488442020961938,0.6348052042027347,0.6328787603756686,0.6525793775213007,0.6307855589820471,0.6338828088223919,1000,10000,100000,0.001,4534,1000,10000,100000,4534,0.01,0.00014376682451456457,0.0028777536257500905,0.02803,0.021608978576366233,0.007569980682907151,0.005643536855841069,0.025344154001473163,0.0035503354622196115,0.006647585302564374
33,van_put,put,,1.0,1.0,0.014376682451456457,0.287775362575009,2.803,-0.3727647764801725,-0.36064352723592374,-0.3664796532793002,-0.36760348948035315,-0.3500121321427241,-0.3668723923641981,-0.3664601890582764,1000,10000,100000,0.001,4534,1000,10000,100000,4534,0.01,0.00014376682451456457,0.0028777536257500905,0.02803,0.012121249244248733,0.006285123200872267,0.005161286999819326,0.02275264433744839,0.0058923841159743695,0.006304587421896102
33,barr_call,call,0.8,1.0,1.0,0.014376682451456457,0.287775362575009,2.803,0.7993487308419062,0.9835026141486652,0.8100217586521657,0.8023498212908403,0.6808940233584332,0.6594522951429926,0.8004587447830169,1000,10000,100000,0.001,4534,1000,10000,100000,4534,0.01,0.00014376682451456457,0.0028777536257500905,0.02803,0.18415388330675908,0.010673027810259583,0.0030010904489341517,0.11845470748347298,0.13989643569891352,0.0011100139411107657
33,barr_put,put,0.8,1.0,1.0,0.014376682451456457,0.287775362575009,2.803,0.009096506421693573,0.03230154617048812,0.003403331017897771,0.007674439265623317,0.01123043792113209,0.007231672256762531,0.01427877887312844,1000,10000,100000,0.001,4534,1000,10000,100000,4534,0.01,0.00014376682451456457,0.0028777536257500905,0.02803,0.023205039748794544,0.005693175403795802,0.0014220671560702565,0.002133931499438517,0.001864834164931042,0.005182272451434867
34,van_call,call,,1.0,1.0,0.07042609711183355,0.17389415958797735,1.192,0.7043990617619819,0.7133933063621478,0.7115130932132202,0.7119669580712001,0.7101209335812777,0.7112636225906618,0.7139819619127477,1000,10000,100000,0.001,4634,1000,10000,100000,4634,0.01,0.0007042609711183356,0.0017389415958797736,0.01192,0.008994244600165957,0.007114031451238345,0.0075678963092182805,0.005721871819295843,0.006864560828679922,0.009582900150765794
34,van_put,put,,1.0,1.0,0.07042609711183355,0.17389415958797735,1.192,-0.29560093823801814,-0.28658373938737836,-0.28845473659614496,-0.28803571253948956,-0.2885077378435949,-0.2890167414011317,-0.28654947853104934,1000,10000,100000,0.001,4634,1000,10000,100000,4634,0.01,0.0007042609711183356,0.0017389415958797736,0.01192,0.009017198850639785,0.007146201641873184,0.007565225698528577,0.007093200394423238,0.006584196836886436,0.0090514597069688
34,barr_call,call,0.8,1.0,1.0,0.07042609711183355,0.17389415958797735,1.192,0.7247494937971013,0.7274540780665403,0.7247049394832616,0.7250155539698572,0.7155356901341392,0.7212148819133957,0.7287711527608209,1000,10000,100000,0.001,4634,1000,10000,100000,4634,0.01,0.0007042609711183356,0.0017389415958797736,0.01192,0.002704584269438981,4.4554313839650916e-05,0.00026606017275587757,0.009213803662962095,0.0035346118837056295,0.004021658963719643
34,barr_put,put,0.8,1.0,1.0,0.07042609711183355,0.17389415958797735,1.192,-0.04139895910301311,-0.014418160644543744,-0.023939054260982764,-0.03908017200623323,-0.0940125460379665,-0.033817052303652256,-0.047934022773754754,1000,10000,100000,0.001,4634,1000,10000,100000,4634,0.01,0.0007042609711183356,0.0017389415958797736,0.01192,0.026980798458469367,0.017459904842030347,0.0023187870967798785,0.05261358693495338,0.007581906799360855,0.0065350636707416435
35,van_call,call,,1.0,1.0,0.07045813081895726,0.13488718479284398,0.961,0.7184276398795048,0.7206492518603987,0.7333551438982274,0.7311259164344441,0.7233618148059534,0.7310974856509306,0.7311100186910043,1000,10000,100000,0.001,4734,1000,10000,100000,4734,0.01,0.0007045813081895726,0.0013488718479284399,0.00961,0.0022216119808939894,0.01492750401872267,0.01269827655493938,0.004934174926448653,0.012669845771425825,0.012682378811499584
35,van_put,put,,1.0,1.0,0.07045813081895726,0.13488718479284398,0.961,-0.28157236012049525,-0.2800537128495643,-0.26674483007123434,-0.2688627117685607,-0.2752253859302847,-0.26819504672940736,-0.2685785229416371,1000,10000,100000,0.001,4734,1000,10000,100000,4734,0.01,0.0007045813081895726,0.0013488718479284399,0.00961,0.0015186472709309284,0.014827530049260906,0.012709648351934555,0.006346974190210519,0.013377313391087886,0.012993837178858159
35,barr_call,call,0.8,1.0,1.0,0.07045813081895726,0.13488718479284398,0.961,0.7313529539181657,0.7326694543201895,0.7287837808476735,0.732103568189485,0.7233618148059534,0.7313822641725878,0.7313390948123374,1000,10000,100000,0.001,4734,1000,10000,100000,4734,0.01,0.0007045813081895726,0.0013488718479284399,0.00961,0.0013165004020238014,0.0025691730704922033,0.0007506142713192832,0.007991139112212275,2.9310254422099113e-05,1.3859105828295526e-05
35,barr_put,put,0.8,1.0,1.0,0.07045813081895726,0.13488718479284398,0.961,-0.14884463220167093,-0.16474876521133142,-0.15636751746733074,-0.1546991829812952,-0.0758908649712637,-0.14813879296134597,-0.14852400987358585,1000,10000,100000,0.001,4734,1000,10000,100000,4734,0.01,0.0007045813081895726,0.0013488718479284399,0.00961,0.01590413300966048,0.007522885265659807,0.005854550779624268,0.07295376723040724,0.000705839240324968,0.0003206223280850795
36,van_call,call,,1.0,1.0,0.02187921056740886,0.9946591748156502,1.179,0.7135867429305978,0.7515496785086451,0.731572927980223,0.7159967541820245,0.8474627287142322,0.8828724232517238,0.8646157516750574,1000,10000,100000,0.001,4834,1000,10000,100000,4834,0.01,0.0002187921056740886,0.009946591748156503,0.01179,0.03796293557804731,0.017986185049625236,0.0024100112514267025,0.13387598578363447,0.169285680321126,0.15102900874445968
36,van_put,put,,1.0,1.0,0.02187921056740886,0.9946591748156502,1.179,-0.28641325706940224,-0.26385532288782376,-0.2827541392290911,-0.2840704943542105,-0.28253404565348195,-0.28141297100687246,-0.27878454469810743,1000,10000,100000,0.001,4834,1000,10000,100000,4834,0.01,0.0002187921056740886,0.009946591748156503,0.01179,0.022557934181578476,0.0036591178403111435,0.0023427627151917374,0.0038792114159202917,0.00500028606252978,0.00762871237129481
36,barr_call,call,0.8,1.0,1.0,0.02187921056740886,0.9946591748156502,1.179,0.936498211792286,1.1936357353819453,0.9853535404200725,0.932314185414812,2.8777594092792125,1.3097433774870382,1.1386981724020195,1000,10000,100000,0.001,4834,1000,10000,100000,4834,0.01,0.0002187921056740886,0.009946591748156503,0.01179,0.25713752358965936,0.04885532862778652,0.004184026377473948,1.9412611974869265,0.3732451656947522,0.20219996060973355
36,barr_put,put,0.8,1.0,1.0,0.02187921056740886,0.9946591748156502,1.179,0.0010304453803761104,-0.0003247435024521185,0.00210019587140928,0.001998701092090888,0.013023186971437492,0.006497814895629003,0.0031730464958830817,1000,10000,100000,0.001,4834,1000,10000,100000,4834,0.01,0.0002187921056740886,0.009946591748156503,0.01179,0.001355188882828229,0.0010697504910331694,0.0009682557117147777,0.011992741591061382,0.005467369515252892,0.0021426011155069712
37,van_call,call,,1.0,1.0,0.0924867628615565,0.18031837159992245,2.5,0.8298400049257841,0.8515113669275459,0.8373555737232974,0.8344022993332145,0.8392941232547052,0.830127325496216,0.8332302250470769,1000,10000,100000,0.001,4934,1000,10000,100000,4934,0.01,0.0009248676286155651,0.0018031837159992246,0.025,0.021671362001761785,0.00751556879751325,0.0045622944074303895,0.009454118328921068,0.00028732057043190373,0.003390220121292753
37,van_put,put,,1.0,1.0,0.0924867628615565,0.18031837159992245,2.5,-0.17015999507421586,-0.14569982408512427,-0.16196146795856325,-0.16562917714153627,-0.15913239266712384,-0.16939567045935466,-0.16580735159994578,1000,10000,100000,0.001,4934,1000,10000,100000,4934,0.01,0.0009248676286155651,0.0018031837159992246,0.025,0.02446017098909159,0.00819852711565261,0.004530817932679593,0.011027602407092024,0.0007643246148612004,0.004352643474270085
37,barr_call,call,0.8,1.0,1.0,0.0924867628615565,0.18031837159992245,2.5,0.932529113045813,1.0593792781732085,0.9126346464347623,0.9273718872240988,0.9605200570794448,0.9165922702976587,0.9238315809113717,1000,10000,100000,0.001,4934,1000,10000,100000,4934,0.01,0.0009248676286155651,0.0018031837159992246,0.025,0.12685016512739555,0.019894466611050654,0.005157225821714184,0.02799094403363178,0.015936842748154323,0.008697532134441244
37,barr_put,put,0.8,1.0,1.0,0.0924867628615565,0.18031837159992245,2.5,-0.0026267813194383316,-0.01131669569812135,-0.0007081948633786035,-0.003974318879593208,-0.019455129927334856,-0.0076728104544961095,0.0022030113808136666,1000,10000,100000,0.001,4934,1000,10000,100000,4934,0.01,0.0009248676286155651,0.0018031837159992246,0.025,0.008689914378683019,0.001918586456059728,0.0013475375601548767,0.016828348607896525,0.005046029135057778,0.004829792700251998
38,van_call,call,,1.0,1.0,0.04421407554041767,0.31822927620416863,2.713,0.6882612230109173,0.6972265645348141,0.68693347167329,0.6905671834691707,0.7181780471013532,0.6959500860348689,0.6950592758458551,1000,10000,100000,0.001,5034,1000,10000,100000,5034,0.01,0.0004421407554041767,0.0031822927620416865,0.02713,0.00896534152389683,0.0013277513376273031,0.0023059604582533755,0.029916824090435945,0.007688863023951553,0.00679805283493784
38,van_put,put,,1.0,1.0,0.04421407554041767,0.31822927620416863,2.713,-0.3117387769890827,-0.304204171991479,-0.3101057414419822,-0.30868796032436085,-0.3018286962082811,-0.3075251233813442,-0.3065602992893879,1000,10000,100000,0.001,5034,1000,10000,100000,5034,0.01,0.0004421407554041767,0.0031822927620416865,0.02713,0.007534604997603722,0.001633035547100481,0.003050816664721845,0.009910080780801578,0.00421365360773851,0.005178477699694817
38,barr_call,call,0.8,1.0,1.0,0.04421407554041767,0.31822927620416863,2.713,0.9155854205060765,0.982745689106343,0.9504405555768342,0.9107275538283083,0.8673530684862957,0.8234654673937941,0.8528159449418621,1000,10000,100000,0.001,5034,1000,10000,100000,5034,0.01,0.0004421407554041767,0.0031822927620416865,0.02713,0.06716026860026647,0.03485513507075766,0.004857866677768219,0.04823235201978082,0.09211995311228238,0.06276947556421442
38,barr_put,put,0.8,1.0,1.0,0.04421407554041767,0.31822927620416863,2.713,0.006338531750431364,0.0005511999585806416,0.007358901089612449,0.008960006167754653,0.02562305974726179,0.01945451515172013,0.012553183354144975,1000,10000,100000,0.001,5034,1000,10000,100000,5034,0.01,0.0004421407554041767,0.0031822927620416865,0.02713,0.005787331791850723,0.0010203693391810844,0.002621474417323289,0.019284527996830426,0.013115983401288767,0.00621465160371361
39,van_call,call,,1.0,1.0,0.09093159589724725,0.5687231132544481,1.339,0.6963961304109982,0.7343370796175419,0.7097481508782144,0.7018006988643632,0.679745055092501,0.6969301769742753,0.7008220938751863,1000,10000,100000,0.001,5134,1000,10000,100000,5134,0.01,0.0009093159589724726,0.0056872311325444815,0.013389999999999999,0.03794094920654367,0.013352020467216175,0.005404568453365011,0.016651075318497188,0.0005340465632770464,0.00442596346418811
39,van_put,put,,1.0,1.0,0.09093159589724725,0.5687231132544481,1.339,-0.30360386958900176,-0.2963856089713668,-0.2980094743429279,-0.30017062079250034,-0.30736512671967475,-0.3004718162765402,-0.299318753438782,1000,10000,100000,0.001,5134,1000,10000,100000,5134,0.01,0.0009093159589724726,0.0056872311325444815,0.013389999999999999,0.007218260617634975,0.005594395246073858,0.0034332487965014202,0.0037612571306729903,0.00313205331246158,0.004285116150219759
39,barr_call,call,0.8,1.0,1.0,0.09093159589724725,0.5687231132544481,1.339,0.9557102945673968,0.9154413621379781,1.001092016972266,0.968330256815117,0.46815142789407294,0.8628801943351638,0.9155965385814424,1000,10000,100000,0.001,5134,1000,10000,100000,5134,0.01,0.0009093159589724726,0.0056872311325444815,0.013389999999999999,0.04026893242941865,0.04538172240486915,0.012619962247720218,0.4875588666733238,0.09283010023223293,0.04011375598595435
39,barr_put,put,0.8,1.0,1.0,0.09093159589724725,0.5687231132544481,1.339,0.0037842013593983315,0.013357697641512513,0.0008350778345841297,0.004743018206292767,0.009904124568114243,0.0036428795699773022,0.005717690772382767,1000,10000,100000,0.001,5134,1000,10000,100000,5134,0.01,0.0009093159589724726,0.0056872311325444815,0.013389999999999999,0.009573496282114182,0.0029491235248142018,0.0009588168468944351,0.006119923208715912,0.00014132178942102922,0.0019334894129844358
40,van_call,call,,1.0,1.0,0.00598092227798519,0.010339225925744266,0.106,0.5753528728574555,0.8989409839599666,0.8961784944465269,0.8952327851713454,0.7184419837315187,0.7073190344112273,0.70382846244015,1000,10000,100000,0.001,5234,1000,10000,100000,5234,0.01,5.98092227798519e-05,0.00010339225925744266,0.00106,0.32358811110251107,0.32082562158907135,0.3198799123138899,0.14308911087406317,0.13196616155377183,0.12847558958269445
40,van_put,put,,1.0,1.0,0.00598092227798519,0.010339225925744266,0.106,-0.4246471271425445,-0.10105884855175415,-0.10382145468176242,-0.10476719591563644,-0.27992123376175676,-0.2910314058723634,-0.2945222076179834,1000,10000,100000,0.001,5234,1000,10000,100000,5234,0.01,5.98092227798519e-05,0.00010339225925744266,0.00106,0.3235882785907903,0.3208256724607821,0.31987993122690805,0.14472589338078773,0.13361572127018106,0.13012491952456107
40,barr_call,call,0.8,1.0,1.0,0.00598092227798519,0.010339225925744266,0.106,0.8951421847387397,0.8961161482005786,0.8947254862255187,0.8955439862375059,0.7184419837315187,0.7073190344112273,0.70382846244015,1000,10000,100000,0.001,5234,1000,10000,100000,5234,0.01,5.98092227798519e-05,0.00010339225925744266,0.00106,0.0009739634618388671,0.00041669851322101437,0.0004018014987661189,0.17670020100722106,0.1878231503275124,0.19131372229858978
40,barr_put,put,0.8,1.0,1.0,0.00598092227798519,0.010339225925744266,0.106,-0.10485781526124763,-0.10388387456820176,-0.10527458293258539,-0.10445598282693552,-0.27992123376175676,-0.2910314058723634,-0.2945222076179834,1000,10000,100000,0.001,5234,1000,10000,100000,5234,0.01,5.98092227798519e-05,0.00010339225925744266,0.00106,0.0009739406930458633,0.0004167676713377616,0.0004018324343121049,0.17506341850050913,0.1861735906111158,0.1896643923567358
41,van_call,call,,1.0,1.0,0.018428708381381366,0.9007479725339368,0.222,0.5877815407326452,0.6008108197002066,0.5921242651240055,0.5932363730490747,0.42018147102733383,0.4296332724258653,0.424035502779882,1000,10000,100000,0.001,5334,1000,10000,100000,5334,0.01,0.00018428708381381366,0.009007479725339369,0.00222,0.013029278967561342,0.0043427243913602975,0.005454832316429514,0.16760006970531138,0.15814826830677992,0.1637460379527632
41,van_put,put,,1.0,1.0,0.018428708381381366,0.9007479725339368,0.222,-0.4122184592673548,-0.39942433363895635,-0.4085893357250431,-0.40747739518445514,-0.4634484312682152,-0.46389364094313323,-0.46887256914097675,1000,10000,100000,0.001,5334,1000,10000,100000,5334,0.01,0.00018428708381381366,0.009007479725339369,0.00222,0.012794125628398434,0.0036291235423117074,0.004741064082899649,0.051229972000860435,0.05167518167577845,0.05665410987362196
41,barr_call,call,0.8,1.0,1.0,0.018428708381381366,0.9007479725339368,0.222,0.7203894829180518,0.7143049552714026,0.694717017973201,0.7231906969337509,0.5193734445831683,0.48267852116021664,0.4564237646141181,1000,10000,100000,0.001,5334,1000,10000,100000,5334,0.01,0.00018428708381381366,0.009007479725339369,0.00222,0.00608452764664924,0.02567246494485087,0.002801214015699105,0.20101603833488357,0.23771096175783518,0.2639657183039337
41,barr_put,put,0.8,1.0,1.0,0.018428708381381366,0.9007479725339368,0.222,0.012959644161095185,0.06670333689458244,0.013301769394233331,0.011097812830156584,-0.0037341265843716595,0.027197070648670968,0.02007612740237228,1000,10000,100000,0.001,5334,1000,10000,100000,5334,0.01,0.00018428708381381366,0.009007479725339369,0.00222,0.05374369273348725,0.00034212523313814636,0.0018618313309386007,0.016693770745466845,0.014237426487575783,0.007116483241277095
42,van_call,call,,1.0,1.0,0.004735527880151514,0.9772641894916645,0.511,0.6378654265485011,0.6645116515489824,0.6408987420684298,0.636563727502687,0.5053971306313049,0.5149242027933099,0.5182866988504897,1000,10000,100000,0.001,5434,1000,10000,100000,5434,0.01,4.735527880151514e-05,0.009772641894916645,0.00511,0.026646225000481305,0.003033315519928692,0.0013016990458141198,0.13246829591719622,0.12294122375519123,0.11957872769801137
42,van_put,put,,1.0,1.0,0.004735527880151514,0.9772641894916645,0.511,-0.3621345734514989,-0.35340009434403075,-0.35680697566711217,-0.3602993288466749,-0.42175838586687164,-0.41263415916529544,-0.40855962260794576,1000,10000,100000,0.001,5434,1000,10000,100000,5434,0.01,4.735527880151514e-05,0.009772641894916645,0.00511,0.008734479107468163,0.0053275977843867395,0.0018352446048239823,0.059623812415372734,0.050499585713796535,0.04642504915644685
42,barr_call,call,0.8,1.0,1.0,0.004735527880151514,0.9772641894916645,0.511,0.841455524250892,0.6797140102221461,0.8934166132881866,0.8320469904824879,0.45877631604542557,0.5463981767184392,0.5406282702436662,1000,10000,100000,0.001,5434,1000,10000,100000,5434,0.01,4.735527880151514e-05,0.009772641894916645,0.00511,0.16174151402874593,0.05196108903729457,0.009408533768404115,0.3826792082054664,0.29505734753245283,0.30082725400722576
42,barr_put,put,0.8,1.0,1.0,0.004735527880151514,0.9772641894916645,0.511,0.003823271506270265,0.002146097734866126,0.0030448487530566675,0.002946634396644779,-0.02189591895721608,0.013629051172740552,0.010890728665963753,1000,10000,100000,0.001,5434,1000,10000,100000,5434,0.01,4.735527880151514e-05,0.009772641894916645,0.00511,0.001677173771404139,0.0007784227532135974,0.0008766371096254858,0.025719190463486346,0.009805779666470288,0.0070674571596934885
43,van_call,call,,1.0,1.0,0.06748809435823303,0.557337784457698,1.835,0.7059261596391785,0.7507126222158544,0.7032544020179998,0.7042305332331189,0.742535880813705,0.7235802182239348,0.7113073548636162,1000,10000,100000,0.001,5534,1000,10000,100000,5534,0.01,0.0006748809435823303,0.00557337784457698,0.01835,0.044786462576675956,0.002671757621178661,0.0016956264060595805,0.036609721174526544,0.017654058584756327,0.005381195224437696
43,van_put,put,,1.0,1.0,0.06748809435823303,0.557337784457698,1.835,-0.2940738403608215,-0.28557791239444963,-0.2947211954203527,-0.2931471960816667,-0.2886453180185877,-0.2884531019650999,-0.2893299231405966,1000,10000,100000,0.001,5534,1000,10000,100000,5534,0.01,0.0006748809435823303,0.00557337784457698,0.01835,0.008495927966371886,0.0006473550595311739,0.0009266442791547869,0.005428522342233788,0.005620738395721636,0.004743917220224936
43,barr_call,call,0.8,1.0,1.0,0.06748809435823303,0.557337784457698,1.835,0.9758013132234122,0.9933553946895518,1.0050006325246579,0.993044221471287,1.3288132756255537,0.7914417009430408,0.9628207443031028,1000,10000,100000,0.001,5534,1000,10000,100000,5534,0.01,0.0006748809435823303,0.00557337784457698,0.01835,0.01755408146613957,0.02919931930124564,0.017242908247874777,0.3530119624021415,0.18435961228037145,0.01298056892030941
43,barr_put,put,0.8,1.0,1.0,0.06748809435823303,0.557337784457698,1.835,0.0026512709872889006,-0.004272990841634272,0.0026913625091638327,0.0031148895355722554,-0.00926456589671381,0.0039326172336514205,0.003078604229100044,1000,10000,100000,0.001,5534,1000,10000,100000,5534,0.01,0.0006748809435823303,0.00557337784457698,0.01835,0.006924261828923172,4.009152187493207e-05,0.00046361854828335476,0.01191583688400271,0.0012813462463625198,0.0004273332418111434
44,van_call,call,,1.0,1.0,0.05946247799344489,0.08568906955079596,0.40900000000000003,0.6812482443336026,0.6960475126074034,0.711286626365535,0.7119654807226545,0.7137606533249345,0.7133159970043608,0.7120172951424718,1000,10000,100000,0.001,5634,1000,10000,100000,5634,0.01,0.0005946247799344489,0.0008568906955079596,0.004090000000000001,0.014799268273800736,0.03003838203193232,0.030717236389051883,0.0325124089913319,0.03206775267075812,0.03076905080886916
44,van_put,put,,1.0,1.0,0.05946247799344489,0.08568906955079596,0.40900000000000003,-0.31875175566639735,-0.3040275117694622,-0.28868094710011816,-0.28802461654285627,-0.28621396626681805,-0.2865157362963163,-0.2878038943860902,1000,10000,100000,0.001,5634,1000,10000,100000,5634,0.01,0.0005946247799344489,0.0008568906955079596,0.004090000000000001,0.014724243896935163,0.030070808566279195,0.03072713912354108,0.0325377893995793,0.032236019370081026,0.030947861280307132
44,barr_call,call,0.8,1.0,1.0,0.05946247799344489,0.08568906955079596,0.40900000000000003,0.7127232251494475,0.7201618101394365,0.7125968956258638,0.712862443655033,0.7137606533249345,0.7133159970043608,0.7120172951424718,1000,10000,100000,0.001,5634,1000,10000,100000,5634,0.01,0.0005946247799344489,0.0008568906955079596,0.004090000000000001,0.00743858498998895,0.00012632952358371252,0.0001392185055855144,0.0010374281754870207,0.0005927718549132432,0.0007059300069757191
44,barr_put,put,0.8,1.0,1.0,0.05946247799344489,0.08568906955079596,0.40900000000000003,-0.2871878160563526,-0.2797520713043298,-0.28737143370068646,-0.28713427797307006,-0.28621396626681805,-0.2865157362963163,-0.2878038943860902,1000,10000,100000,0.001,5634,1000,10000,100000,5634,0.01,0.0005946247799344489,0.0008568906955079596,0.004090000000000001,0.007435744752022799,0.00018361764433388883,5.353808328251164e-05,0.00097384978953452,0.0006720797600362483,0.000616078329737646
45,van_call,call,,1.0,1.0,0.05333101629987506,0.333669463263371,0.962,0.6256673732515884,0.6307626874507116,0.6304090413605579,0.6306184163704709,0.6174526104016281,0.632176209201174,0.6325201986741386,1000,10000,100000,0.001,5734,1000,10000,100000,5734,0.01,0.0005333101629987506,0.00333669463263371,0.00962,0.005095314199123235,0.004741668108969477,0.004951043118882503,0.008214762849960255,0.006508835949585623,0.006852825422550168
45,van_put,put,,1.0,1.0,0.05333101629987506,0.333669463263371,0.962,-0.3743326267484116,-0.3693864033442337,-0.368843947323097,-0.3690276916633123,-0.3775355245497575,-0.3677636754474328,-0.36736164659837284,1000,10000,100000,0.001,5734,1000,10000,100000,5734,0.01,0.0005333101629987506,0.00333669463263371,0.00962,0.004946223404177885,0.005488679425314613,0.005304935085099327,0.003202897801345861,0.006568951300978787,0.006970980150038775
45,barr_call,call,0.8,1.0,1.0,0.05333101629987506,0.333669463263371,0.962,0.7235718345161013,0.7346450509376545,0.7200917470217588,0.7313087263550622,0.5702977407148979,0.7331576456366756,0.7074688515384758,1000,10000,100000,0.001,5734,1000,10000,100000,5734,0.01,0.0005333101629987506,0.00333669463263371,0.00962,0.011073216421553234,0.0034800874943424764,0.007736891838960869,0.15327409380120338,0.009585811120574328,0.01610298297762547
45,barr_put,put,0.8,1.0,1.0,0.05333101629987506,0.333669463263371,0.962,0.015130642186864107,-0.009325759241628814,0.03409046107969776,0.014415976243925196,-0.050140093145385756,0.025739268890978204,0.02185483323878922,1000,10000,100000,0.001,5734,1000,10000,100000,5734,0.01,0.0005333101629987506,0.00333669463263371,0.00962,0.02445640142849292,0.01895981889283365,0.0007146659429389107,0.06527073533224986,0.010608626704114096,0.006724191051925114
46,van_call,call,,1.0,1.0,0.004332406269480349,0.7287002476933023,0.269,0.5761502600471948,0.5749779339810024,0.5795911621056388,0.5815714458060978,0.4470432764292237,0.425161105967678,0.4282948911606299,1000,10000,100000,0.001,5834,1000,10000,100000,5834,0.01,4.332406269480349e-05,0.007287002476933023,0.00269,0.0011723260661924417,0.00344090205844394,0.0054211857589029355,0.12910698361797113,0.15098915407951685,0.14785536888656492
46,van_put,put,,1.0,1.0,0.004332406269480349,0.7287002476933023,0.269,-0.42384973995280517,-0.4239529142418097,-0.4207408494111331,-0.4186332981014146,-0.4769500504850671,-0.49524373550362544,-0.49191869341336236,1000,10000,100000,0.001,5834,1000,10000,100000,5834,0.01,4.332406269480349e-05,0.007287002476933023,0.00269,0.00010317428900452619,0.0031088905416720714,0.005216441851390585,0.05310031053226194,0.07139399555082027,0.06806895346055719
46,barr_call,call,0.8,1.0,1.0,0.004332406269480349,0.7287002476933023,0.269,0.6859076256638535,0.6574485924524531,0.6818198586737767,0.6943807568892568,0.4794951811808404,0.4248500344381942,0.4487258906114261,1000,10000,100000,0.001,5834,1000,10000,100000,5834,0.01,4.332406269480349e-05,0.007287002476933023,0.00269,0.02845903321140042,0.0040877669900768465,0.008473131225403274,0.20641244448301316,0.26105759122565936,0.23718173505242746
46,barr_put,put,0.8,1.0,1.0,0.004332406269480349,0.7287002476933023,0.269,0.016223062588002768,0.03637939640273556,0.01130612165401168,0.01613267794567559,-0.002673736075410431,0.0528906251763825,0.03595862228957542,1000,10000,100000,0.001,5834,1000,10000,100000,5834,0.01,4.332406269480349e-05,0.007287002476933023,0.00269,0.020156333814732794,0.0049169409339910874,9.038464232717647e-05,0.0188967986634132,0.036667562588379735,0.019735559701572654
47,van_call,call,,1.0,1.0,0.05614330800633979,0.1432929379684754,1.9020000000000001,0.7386418515787557,0.7486715199511662,0.7478915756136628,0.7476872842370752,0.7498078379718137,0.7460031819696455,0.7458545312071518,1000,10000,100000,0.001,5934,1000,10000,100000,5934,0.01,0.0005614330800633979,0.001432929379684754,0.019020000000000002,0.010029668372410483,0.009249724034907092,0.009045432658319474,0.011165986393057992,0.00736133039088982,0.0072126796283961125
47,van_put,put,,1.0,1.0,0.05614330800633979,0.1432929379684754,1.9020000000000001,-0.2613581484212443,-0.25118138542954066,-0.25159393428028365,-0.2521963662143196,-0.25106912905542983,-0.254008329604799,-0.25395877935063466,1000,10000,100000,0.001,5934,1000,10000,100000,5934,0.01,0.0005614330800633979,0.001432929379684754,0.019020000000000002,0.010176762991703614,0.009764214140960625,0.009161782206924651,0.010289019365814445,0.007349818816445253,0.007399369070609618
47,barr_call,call,0.8,1.0,1.0,0.05614330800633979,0.1432929379684754,1.9020000000000001,0.7621455037533031,0.7467693850910201,0.755414541622812,0.7632531434029338,0.7421422797330185,0.7629306201489494,0.7600848285246598,1000,10000,100000,0.001,5934,1000,10000,100000,5934,0.01,0.0005614330800633979,0.001432929379684754,0.019020000000000002,0.015376118662283056,0.00673096213049118,0.0011076396496306762,0.02000322402028465,0.0007851163956462681,0.002060675228643394
47,barr_put,put,0.8,1.0,1.0,0.05614330800633979,0.1432929379684754,1.9020000000000001,-0.03526257663917787,-0.0902040684271771,-0.033178866356445465,-0.032256787572469865,-0.08440065539269369,-0.045916345659393655,-0.03157623426509014,1000,10000,100000,0.001,5934,1000,10000,100000,5934,0.01,0.0005614330800633979,0.001432929379684754,0.019020000000000002,0.05494149178799923,0.0020837102827324025,0.003005789066708002,0.04913807875351582,0.010653769020215788,0.0036863423740877282
48,van_call,call,,1.0,1.0,0.0329668445620915,0.5529164705580479,0.166,0.5544569889653401,0.5633185039257013,0.5580325102442191,0.5630601585447772,0.5470194631519348,0.542517196558627,0.5438754346536789,1000,10000,100000,0.001,6034,1000,10000,100000,6034,0.01,0.00032966844562091503,0.005529164705580479,0.00166,0.008861514960361139,0.003575521278878946,0.008603169579437075,0.007437525813405288,0.011939792406713168,0.01058155431166119
48,van_put,put,,1.0,1.0,0.0329668445620915,0.5529164705580479,0.166,-0.4455430110346599,-0.43609617433791603,-0.4404877331769447,-0.43675473872518134,-0.4448322385277273,-0.450022886566917,-0.4487846891545702,1000,10000,100000,0.001,6034,1000,10000,100000,6034,0.01,0.00032966844562091503,0.005529164705580479,0.00166,0.009446836696743843,0.005055277857715201,0.00878827230947854,0.0007107725069325777,0.004479875532257149,0.0032416781199103295
48,barr_call,call,0.8,1.0,1.0,0.0329668445620915,0.5529164705580479,0.166,0.5851884176405031,0.5599121423521758,0.5850966275818908,0.5855144501699591,0.5564419157524133,0.5645105762090485,0.5589546191786643,1000,10000,100000,0.001,6034,1000,10000,100000,6034,0.01,0.00032966844562091503,0.005529164705580479,0.00166,0.02527627528832732,9.179005861226219e-05,0.0003260325294559552,0.028746501888089804,0.02067784143145457,0.02623379846183882
48,barr_put,put,0.8,1.0,1.0,0.0329668445620915,0.5529164705580479,0.166,0.010766082619984019,-0.041485130472870314,0.005029257485748145,0.005573455857106613,0.04754018580647411,0.013333222434715186,0.03881500655430227,1000,10000,100000,0.001,6034,1000,10000,100000,6034,0.01,0.00032966844562091503,0.005529164705580479,0.00166,0.05225121309285433,0.005736825134235873,0.005192626762877406,0.03677410318649009,0.0025671398147311675,0.02804892393431825
49,van_call,call,,1.0,1.0,0.05029668331126184,0.2737702164240019,2.58,0.6967115483109769,0.6937858993693369,0.6988465416869261,0.7003751985561385,0.6970253132214721,0.7025535623540857,0.7009725668635114,1000,10000,100000,0.001,6134,1000,10000,100000,6134,0.01,0.0005029668331126184,0.002737702164240019,0.0258,0.0029256489416400466,0.0021349933759491346,0.003663650245161576,0.0003137649104951734,0.005842014043108801,0.004261018552534468
49,van_put,put,,1.0,1.0,0.05029668331126184,0.2737702164240019,2.58,-0.3032884516890231,-0.3000900741311416,-0.3007563185893,-0.29976717751152154,-0.30083216222749204,-0.29816554110824595,-0.2991746036274792,1000,10000,100000,0.001,6134,1000,10000,100000,6134,0.01,0.0005029668331126184,0.002737702164240019,0.0258,0.0031983775578814932,0.002532133099723055,0.003521274177501532,0.002456289461531036,0.005122910580777129,0.004113848061543857
49,barr_call,call,0.8,1.0,1.0,0.05029668331126184,0.2737702164240019,2.58,0.8930220696896113,0.838411518244267,0.9722768326927284,0.8966936336909537,0.92552235105621,0.8179531454551997,0.8666054023812847,1000,10000,100000,0.001,6134,1000,10000,100000,6134,0.01,0.0005029668331126184,0.002737702164240019,0.0258,0.054610551445344324,0.07925476300311707,0.0036715640013423867,0.03250028136659866,0.07506892423441158,0.02641666730832659
49,barr_put,put,0.8,1.0,1.0,0.05029668331126184,0.2737702164240019,2.58,0.008284053985793682,0.03652488587044507,0.010122830912333639,0.00918810691607464,0.009856682357954139,0.008255789456725017,0.010054818032987798,1000,10000,100000,0.001,6134,1000,10000,100000,6134,0.01,0.0005029668331126184,0.002737702164240019,0.0258,0.028240831884651388,0.0018387769265399562,0.0009040529302809571,0.0015726283721604565,2.826452906866568e-05,0.001770764047194116
50,van_call,call,,1.0,1.0,0.011189431757440383,0.9745206429491725,0.988,0.6899613588928702,0.6908293231514762,0.7069021761451022,0.6925633202190362,0.8220897400884775,0.8260363980618246,0.8301746413736877,1000,10000,100000,0.001,6234,1000,10000,100000,6234,0.01,0.00011189431757440382,0.009745206429491724,0.00988,0.0008679642586059133,0.016940817252231954,0.002601961326165969,0.13212838119560721,0.13607503916895436,0.14021328248081744
50,van_put,put,,1.0,1.0,0.011189431757440383,0.9745206429491725,0.988,-0.31003864110712975,-0.3095729579419948,-0.3021665929154038,-0.30675881895610435,-0.3035124407375467,-0.3011721521409494,-0.29999906037590507,1000,10000,100000,0.001,6234,1000,10000,100000,6234,0.01,0.00011189431757440382,0.009745206429491724,0.00988,0.0004656831651349558,0.007872048191725933,0.003279822151025402,0.006526200369583068,0.008866488966180364,0.010039580731224684
50,barr_call,call,0.8,1.0,1.0,0.011189431757440383,0.9745206429491725,0.988,0.9101431897812873,1.014134822179369,0.9089225146188457,0.898168017647108,0.7686050085094043,0.8823786986514759,1.106601336445745,1000,10000,100000,0.001,6234,1000,10000,100000,6234,0.01,0.00011189431757440382,0.009745206429491724,0.00988,0.10399163239808162,0.0012206751624416201,0.011975172134179313,0.141538181271883,0.027764491129811386,0.1964581466644577
50,barr_put,put,0.8,1.0,1.0,0.011189431757440383,0.9745206429491725,0.988,0.0014607398303959074,-0.003372404925875246,-0.00025776186799950107,0.0020712015209151903,-0.004915043279602748,0.002456486140619738,0.0034890090716547433,1000,10000,100000,0.001,6234,1000,10000,100000,6234,0.01,0.00011189431757440382,0.009745206429491724,0.00988,0.0048331447562711535,0.0017185016983954084,0.0006104616905192829,0.0063757831099986555,0.0009957463102238306,0.002028269241258836
51,van_call,call,,1.0,1.0,0.060719370621848456,0.6681191192388927,2.3000000000000003,0.7403595749636476,0.7410630178016131,0.7516992530708755,0.7462745727462694,0.6928954733238957,0.7398378762027535,0.7452883992402015,1000,10000,100000,0.001,6334,1000,10000,100000,6334,0.01,0.0006071937062184845,0.006681191192388927,0.023000000000000003,0.0007034428379655289,0.011339678107227913,0.005914997782621834,0.0474641016397519,0.0005216987608940293,0.004928824276553945
51,van_put,put,,1.0,1.0,0.060719370621848456,0.6681191192388927,2.3000000000000003,-0.25964042503635243,-0.2718659615471075,-0.2565979878515978,-0.2569616101973482,-0.2614721905053907,-0.25760524786541117,-0.2571750116199423,1000,10000,100000,0.001,6334,1000,10000,100000,6334,0.01,0.0006071937062184845,0.006681191192388927,0.023000000000000003,0.012225536510755086,0.0030424371847546094,0.002678814839004229,0.0018317654690382934,0.0020351771709412603,0.002465413416410156
51,barr_call,call,0.8,1.0,1.0,0.060719370621848456,0.6681191192388927,2.3000000000000003,1.014300699501669,1.4929800781034923,1.1129299682400784,0.9947713042081224,0.6888108207765753,1.0732852212546995,1.0203519082469525,1000,10000,100000,0.001,6334,1000,10000,100000,6334,0.01,0.0006071937062184845,0.006681191192388927,0.023000000000000003,0.4786793786018233,0.09862926873840938,0.01952939529354658,0.3254898787250937,0.05898452175303048,0.006051208745283532
51,barr_put,put,0.8,1.0,1.0,0.060719370621848456,0.6681191192388927,2.3000000000000003,0.001133225695562623,-0.005610543590582064,-0.00027530226784491037,0.0014876040996827282,-0.002397691834961848,0.005710863245774958,0.0024241462614820893,1000,10000,100000,0.001,6334,1000,10000,100000,6334,0.01,0.0006071937062184845,0.006681191192388927,0.023000000000000003,0.006743769286144687,0.0014085279634075333,0.00035437840412010525,0.003530917530524471,0.004577637550212335,0.0012909205659194663
52,van_call,call,,1.0,1.0,0.05659446430505314,0.25639763314770553,1.733,0.6770053482493211,0.6828543512097329,0.6820894636130059,0.6824747683842752,0.6887204987172185,0.6901240905625272,0.6840328531895729,1000,10000,100000,0.001,6434,1000,10000,100000,6434,0.01,0.0005659446430505314,0.0025639763314770554,0.01733,0.005849002960411798,0.005084115363684805,0.005469420134954106,0.011715150467897395,0.013118742313206089,0.0070275049402517276
52,van_put,put,,1.0,1.0,0.05659446430505314,0.25639763314770553,1.733,-0.3229946517506789,-0.3194837409161447,-0.3185897386549105,-0.31756608664493396,-0.31569671540888494,-0.31279226645083563,-0.31667071898970195,1000,10000,100000,0.001,6434,1000,10000,100000,6434,0.01,0.0005659446430505314,0.0025639763314770554,0.01733,0.0035109108345341977,0.004404913095768348,0.005428565105744909,0.007297936341793931,0.010202385299843242,0.006323932760976925
52,barr_call,call,0.8,1.0,1.0,0.05659446430505314,0.25639763314770553,1.733,0.7962535872560017,0.803516947191682,0.7570719088923455,0.7948685589488802,0.7737141315752066,0.7648859576492251,0.7726860917347061,1000,10000,100000,0.001,6434,1000,10000,100000,6434,0.01,0.0005659446430505314,0.0025639763314770554,0.01733,0.00726335993568028,0.03918167836365616,0.0013850283071215053,0.022539455680795073,0.03136762960677664,0.023567495521295556
52,barr_put,put,0.8,1.0,1.0,0.05659446430505314,0.25639763314770553,1.733,0.011297563760037654,0.032268427146421065,0.014765557365817566,0.007877559246580006,-0.011089127019675918,0.008856627393970164,0.013256276543825544,1000,10000,100000,0.001,6434,1000,10000,100000,6434,0.01,0.0005659446430505314,0.0025639763314770554,0.01733,0.02097086338638341,0.0034679936057799114,0.0034200045134576487,0.022386690779713572,0.00244093636606749,0.00195871278378789
53,van_call,call,,1.0,1.0,0.000676406199000279,0.10920318268854606,0.211,0.5111395345359991,0.5532825129307403,0.5511618577137781,0.5510001120791114,0.5417158623616358,0.5476834844433189,0.5483274952150462,1000,10000,100000,0.001,6534,1000,10000,100000,6534,0.01,6.76406199000279e-06,0.0010920318268854607,0.00211,0.042142978394741126,0.040022323177778985,0.03986057754311223,0.030576327825636684,0.036543949907319795,0.03718796067904706
53,van_put,put,,1.0,1.0,0.000676406199000279,0.10920318268854606,0.211,-0.48886046546400086,-0.4466839996381455,-0.44888833111569915,-0.4490010439417602,-0.4576886593513711,-0.45186723404695966,-0.45124361632887744,1000,10000,100000,0.001,6534,1000,10000,100000,6534,0.01,6.76406199000279e-06,0.0010920318268854607,0.00211,0.04217646582585538,0.03997213434830171,0.039859421522240646,0.031171806112629763,0.036993231417041195,0.03761684913512342
53,barr_call,call,0.8,1.0,1.0,0.000676406199000279,0.10920318268854606,0.211,0.5505551718583024,0.5498580470812781,0.5513177722076004,0.5496756589350761,0.5417158623616358,0.5476834844433189,0.5483274952150462,1000,10000,100000,0.001,6534,1000,10000,100000,6534,0.01,6.76406199000279e-06,0.0010920318268854607,0.00211,0.0006971247770243272,0.0007626003492979816,0.0008795129232262999,0.008839309496666559,0.002871687414983448,0.0022276766432561823
53,barr_put,put,0.8,1.0,1.0,0.000676406199000279,0.10920318268854606,0.211,-0.44932866121050985,-0.4501949117217904,-0.4486657192522028,-0.4501898319473873,-0.4576886593513711,-0.45186723404695966,-0.45124361632887744,1000,10000,100000,0.001,6534,1000,10000,100000,6534,0.01,6.76406199000279e-06,0.0010920318268854607,0.00211,0.0008662505112805308,0.0006629419583070728,0.0008611707368774701,0.008359998140861247,0.002538572836449815,0.0019149551183675895
54,van_call,call,,1.0,1.0,0.06174417088042971,0.7764045424507083,1.74,0.7313746110680327,0.7208851453806786,0.7304224355776934,0.7302153019528745,0.7439858419353518,0.7353697024835348,0.7370319027319328,1000,10000,100000,0.001,6634,1000,10000,100000,6634,0.01,0.0006174417088042971,0.007764045424507084,0.0174,0.010489465687354094,0.0009521754903393242,0.001159309115158158,0.012611230867319079,0.003995091415502139,0.005657291663900055
54,van_put,put,,1.0,1.0,0.06174417088042971,0.7764045424507083,1.74,-0.2686253889319673,-0.279647379917608,-0.27045860356813,-0.26779592873426017,-0.26320579585424886,-0.2651838409163443,-0.26499915199985624,1000,10000,100000,0.001,6634,1000,10000,100000,6634,0.01,0.0006174417088042971,0.007764045424507084,0.0174,0.011021990985640717,0.0018332146361627055,0.0008294601977071325,0.005419593077718443,0.0034415480156230194,0.00362623693211106
54,barr_call,call,0.8,1.0,1.0,0.06174417088042971,0.7764045424507083,1.74,0.9905974743200235,0.8557437659593048,0.9515459472847737,0.9775822477173374,0.7478027462094444,1.2284931244832735,1.0514406931942888,1000,10000,100000,0.001,6634,1000,10000,100000,6634,0.01,0.0006174417088042971,0.007764045424507084,0.0174,0.13485370836071875,0.03905152703524983,0.01301522660268617,0.24279472811057912,0.23789565016324998,0.06084321887426525
54,barr_put,put,0.8,1.0,1.0,0.06174417088042971,0.7764045424507083,1.74,0.0011312574867333725,0.0006797120508326336,-0.00014662589741296192,0.0019148955551640716,0.012294777974565038,0.001564506409097282,0.0021983825780401574,1000,10000,100000,0.001,6634,1000,10000,100000,6634,0.01,0.0006174417088042971,0.007764045424507084,0.0174,0.0004515454359007388,0.0012778833841463344,0.0007836380684306992,0.011163520487831665,0.00043324892236390965,0.001067125091306785
55,van_call,call,,1.0,1.0,0.09121228864331543,0.7826955146076018,2.011,0.7643079161546573,0.7448023907829782,0.7546253598745056,0.7591408858543647,0.7813417343259466,0.7768812905895872,0.7689279075980437,1000,10000,100000,0.001,6734,1000,10000,100000,6734,0.01,0.0009121228864331543,0.007826955146076018,0.020110000000000003,0.019505525371679155,0.009682556280151688,0.005167030300292641,0.01703381817128924,0.012573374434929896,0.004619991443386429
55,van_put,put,,1.0,1.0,0.09121228864331543,0.7826955146076018,2.011,-0.23569208384534268,-0.22215883264899983,-0.23315039665880444,-0.23490922873456443,-0.23420802708925548,-0.23794904441652998,-0.23347867755728613,1000,10000,100000,0.001,6734,1000,10000,100000,6734,0.01,0.0009121228864331543,0.007826955146076018,0.020110000000000003,0.013533251196342855,0.002541687186538244,0.0007828551107782467,0.0014840567560872042,0.002256960571187294,0.002213406288056552
55,barr_call,call,0.8,1.0,1.0,0.09121228864331543,0.7826955146076018,2.011,1.0490575247236815,0.994920751673109,0.852003577052074,1.0718183263577734,0.9982785660355792,1.013495674978218,1.019052623793265,1000,10000,100000,0.001,6734,1000,10000,100000,6734,0.01,0.0009121228864331543,0.007826955146076018,0.020110000000000003,0.05413677305057252,0.19705394767160755,0.022760801634091887,0.05077895868810234,0.0355618497454635,0.03000490093041641
55,barr_put,put,0.8,1.0,1.0,0.09121228864331543,0.7826955146076018,2.011,0.0008262161039544746,-0.0022012779871401714,0.0016516206396053326,0.0008652296538614164,0.002913250269802994,0.003700604101104538,0.00026150554001656574,1000,10000,100000,0.001,6734,1000,10000,100000,6734,0.01,0.0009121228864331543,0.007826955146076018,0.020110000000000003,0.003027494091094646,0.0008254045356508579,3.9013549906941774e-05,0.002087034165848519,0.0028743879971500634,0.0005647105639379089
56,van_call,call,,1.0,1.0,0.07905241330570334,0.7618423103931866,0.631,0.6498860157929791,0.6397711435390474,0.6538529647056923,0.6549285612415578,0.6457381219584557,0.646086853886485,0.652755288803003,1000,10000,100000,0.001,6834,1000,10000,100000,6834,0.01,0.0007905241330570334,0.007618423103931867,0.0063100000000000005,0.010114872253931706,0.0039669489127132085,0.005042545448578739,0.004147893834523408,0.0037991619064940974,0.0028692730100239316
56,van_put,put,,1.0,1.0,0.07905241330570334,0.7618423103931866,0.631,-0.3501139842070209,-0.3623011229360318,-0.3465740000266476,-0.3454936615168991,-0.35526994287801705,-0.35206614549040394,-0.34697267468788984,1000,10000,100000,0.001,6834,1000,10000,100000,6834,0.01,0.0007905241330570334,0.007618423103931867,0.0063100000000000005,0.012187138729010893,0.003539984180373268,0.004620322690121803,0.0051559586709961636,0.001952161283383047,0.0031413095191310525
56,barr_call,call,0.8,1.0,1.0,0.07905241330570334,0.7618423103931866,0.631,0.8619631614517148,1.1542732664269362,0.8742219383308741,0.8776514635818411,0.7384908915487598,0.776783358378047,0.8306482651643771,1000,10000,100000,0.001,6834,1000,10000,100000,6834,0.01,0.0007905241330570334,0.007618423103931867,0.0063100000000000005,0.29231010497522136,0.012258776879159328,0.015688302130126286,0.12347226990295501,0.08517980307366779,0.031314896287337746
56,barr_put,put,0.8,1.0,1.0,0.07905241330570334,0.7618423103931866,0.631,0.005237766443148828,0.03293137581846164,0.003033339741606903,0.00564697926261396,0.00894601279595958,0.0064890851692308,0.007718783853338817,1000,10000,100000,0.001,6834,1000,10000,100000,6834,0.01,0.0007905241330570334,0.007618423103931867,0.0063100000000000005,0.02769360937531281,0.002204426701541925,0.000409212819465132,0.003708246352810751,0.0012513187260819719,0.002481017410189989
57,van_call,call,,1.0,1.0,0.09920814661883615,0.9144887101560545,2.412,0.8101942115165232,0.8971285439301258,0.8260852759396253,0.8166688085679774,0.9557833152777251,0.8649650150371113,0.8970442007544599,1000,10000,100000,0.001,6934,1000,10000,100000,6934,0.01,0.0009920814661883615,0.009144887101560546,0.02412,0.0869343324136026,0.015891064423102175,0.006474597051454256,0.14558910376120193,0.05477080352058816,0.08684998923793674
57,van_put,put,,1.0,1.0,0.09920814661883615,0.9144887101560545,2.412,-0.18980578848347684,-0.1915130403438825,-0.19247294882563382,-0.1889979437892264,-0.1905607793951547,-0.188874006356482,-0.18737725920951465,1000,10000,100000,0.001,6934,1000,10000,100000,6934,0.01,0.0009920814661883615,0.009144887101560546,0.02412,0.0017072518604056564,0.002667160342156971,0.0008078446942504369,0.0007549909116778553,0.0009317821269948512,0.002428529273962199
57,barr_call,call,0.8,1.0,1.0,0.09920814661883615,0.9144887101560545,2.412,1.0773185902778704,1.374880044186795,1.4842318083815114,1.041099338936291,0.8126187468704194,1.6307717045867642,1.1354093949048183,1000,10000,100000,0.001,6934,1000,10000,100000,6934,0.01,0.0009920814661883615,0.009144887101560546,0.02412,0.29756145390892463,0.406913218103641,0.03621925134157933,0.264699843407451,0.5534531143088939,0.058090804626947934
57,barr_put,put,0.8,1.0,1.0,0.09920814661883615,0.9144887101560545,2.412,0.00036026494630234107,-0.000765645462082552,-0.00032481848432425257,6.419512498053213e-05,0.001177939903861038,0.0008128896822238177,0.0006844101719510667,1000,10000,100000,0.001,6934,1000,10000,100000,6934,0.01,0.0009920814661883615,0.009144887101560546,0.02412,0.001125910408384893,0.0006850834306265936,0.00029606982132180894,0.0008176749575586968,0.00045262473592147664,0.0003241452256487256
58,van_call,call,,1.0,1.0,0.09588017621528666,0.6589641591604802,1.8760000000000001,0.7423383581866404,0.7514634522058916,0.7476643651199599,0.7458550812632692,0.7482228743015185,0.7496444472234076,0.7464328376450557,1000,10000,100000,0.001,7034,1000,10000,100000,7034,0.01,0.0009588017621528667,0.006589641591604803,0.018760000000000002,0.009125094019251212,0.005326006933319527,0.0035167230766287583,0.005884516114878058,0.007306089036767216,0.0040944794584153454
58,van_put,put,,1.0,1.0,0.09588017621528666,0.6589641591604802,1.8760000000000001,-0.2576616418133596,-0.27102910365507105,-0.2591566046290156,-0.2563136991806436,-0.24953708499823868,-0.25289807176628043,-0.25348313242590514,1000,10000,100000,0.001,7034,1000,10000,100000,7034,0.01,0.0009588017621528667,0.006589641591604803,0.018760000000000002,0.013367461841711448,0.0014949628156559758,0.0013479426327159816,0.00812455681512092,0.004763570047079169,0.004178509387454454
58,barr_call,call,0.8,1.0,1.0,0.09588017621528666,0.6589641591604802,1.8760000000000001,1.0412289803043122,0.9543306925981848,0.9878527094347306,1.03586529488843,0.9437526363670651,1.06772574533108,1.1474085175517872,1000,10000,100000,0.001,7034,1000,10000,100000,7034,0.01,0.0009588017621528667,0.006589641591604803,0.018760000000000002,0.0868982877061274,0.05337627086958163,0.00536368541588228,0.09747634393724713,0.026496765026767788,0.10617953724747498
58,barr_put,put,0.8,1.0,1.0,0.09588017621528666,0.6589641591604802,1.8760000000000001,0.001518900454550165,0.009014948897294399,0.00529672274742409,0.002047318138933017,0.0022783765582660214,0.0030639999214877563,0.0032441521187811465,1000,10000,100000,0.001,7034,1000,10000,100000,7034,0.01,0.0009588017621528667,0.006589641591604803,0.018760000000000002,0.007496048442744234,0.003777822292873925,0.0005284176843828518,0.0007594761037158565,0.0015450994669375913,0.0017252516642309815
59,van_call,call,,1.0,1.0,0.07919641352916398,0.5687992139913595,1.711,0.7102568719497352,0.6637438692621622,0.7015006682249303,0.7144482477034253,0.6905194345688093,0.7279260515340058,0.7161937041271271,1000,10000,100000,0.001,7134,1000,10000,100000,7134,0.01,0.0007919641352916399,0.005687992139913595,0.01711,0.04651300268757297,0.0087562037248049,0.0041913757536901075,0.019737437380925926,0.01766917958427061,0.0059368321773919375
59,van_put,put,,1.0,1.0,0.07919641352916398,0.5687992139913595,1.711,-0.2897431280502648,-0.288942247693999,-0.2874173020835591,-0.2864557415248048,-0.29221430804592385,-0.280765639846528,-0.28573783366215577,1000,10000,100000,0.001,7134,1000,10000,100000,7134,0.01,0.0007919641352916399,0.005687992139913595,0.01711,0.0008008803562657985,0.002325825966705719,0.003287386525460012,0.0024711799956590452,0.008977488203736783,0.0040052943881090375
59,barr_call,call,0.8,1.0,1.0,0.07919641352916398,0.5687992139913595,1.711,0.9856169972028622,1.2837762439473765,0.9476998837083805,1.0038276494829024,0.9800869375320376,0.9475978605901991,0.9676987446179369,1000,10000,100000,0.001,7134,1000,10000,100000,7134,0.01,0.0007919641352916399,0.005687992139913595,0.01711,0.29815924674451433,0.03791711349448168,0.01821065228004015,0.00553005967082465,0.038019136612663096,0.017918252584925298
59,barr_put,put,0.8,1.0,1.0,0.07919641352916398,0.5687992139913595,1.711,0.0027124817637613763,-0.0005168108676294853,-0.0012472420271953549,0.0017874778769002815,0.023688764179181865,0.00568183914960832,0.004977500601260573,1000,10000,100000,0.001,7134,1000,10000,100000,7134,0.01,0.0007919641352916399,0.005687992139913595,0.01711,0.0032292926313908614,0.003959723790956731,0.0009250038868610947,0.02097628241542049,0.0029693573858469435,0.0022650188374991964
60,van_call,call,,1.0,1.0,0.02852509600245098,0.20255393676052533,1.926,0.6315619595386281,0.6395128448490606,0.641317983656306,0.6383913841437633,0.6432493985832399,0.6386005278988083,0.640143569321372,1000,10000,100000,0.001,7234,1000,10000,100000,7234,0.01,0.00028525096002450983,0.0020255393676052533,0.01926,0.00795088531043242,0.009756024117677842,0.006829424605135137,0.01168743904461178,0.007038568360180131,0.008581609782743804
60,van_put,put,,1.0,1.0,0.02852509600245098,0.20255393676052533,1.926,-0.36843804046137185,-0.3621764157402285,-0.3600649147477708,-0.36145594355555116,-0.35779026155483007,-0.36214082030062295,-0.3603643480230012,1000,10000,100000,0.001,7234,1000,10000,100000,7234,0.01,0.00028525096002450983,0.0020255393676052533,0.01926,0.006261624721143333,0.008373125713601048,0.006982096905820689,0.010647778906541783,0.0062972201607489064,0.008073692438370639
60,barr_call,call,0.8,1.0,1.0,0.02852509600245098,0.20255393676052533,1.926,0.7002145052535935,0.6622741747455169,0.6800137519656996,0.7006392058440003,0.7057707853638406,0.6830257341935847,0.6857070154954986,1000,10000,100000,0.001,7234,1000,10000,100000,7234,0.01,0.00028525096002450983,0.0020255393676052533,0.01926,0.03794033050807666,0.020200753287893947,0.0004247005904067791,0.005556280110247114,0.017188771060008823,0.014507489758094905
60,barr_put,put,0.8,1.0,1.0,0.02852509600245098,0.20255393676052533,1.926,0.013041597750748646,0.02437081987979664,0.010391606190067286,0.013579767776879595,0.05060036920899926,0.027246088190061198,0.022973280960190447,1000,10000,100000,0.001,7234,1000,10000,100000,7234,0.01,0.00028525096002450983,0.0020255393676052533,0.01926,0.011329222129047994,0.00264999156068136,0.0005381700261309491,0.037558771458250616,0.014204490439312552,0.009931683209441801
61,van_call,call,,1.0,1.0,0.062491670530591105,0.6985980791762094,2.09,0.7370563028092044,0.7902960967585138,0.7210194444574658,0.7366286545530731,0.8108962475299519,0.7367252399636925,0.7381872143370938,1000,10000,100000,0.001,7334,1000,10000,100000,7334,0.01,0.0006249167053059111,0.006985980791762094,0.0209,0.05323979394930933,0.016036858351738625,0.00042764825613128554,0.07383994472074751,0.0003310628455118758,0.0011309115278893556
61,van_put,put,,1.0,1.0,0.062491670530591105,0.6985980791762094,2.09,-0.2629436971907956,-0.25939034521872406,-0.26819752954304055,-0.2626411402226969,-0.25173420279531733,-0.25886361628705834,-0.25996990458749814,1000,10000,100000,0.001,7334,1000,10000,100000,7334,0.01,0.0006249167053059111,0.006985980791762094,0.0209,0.0035533519720715168,0.005253832352244969,0.00030255696809866617,0.011209494395478248,0.004080080903737238,0.0029737926032974427
61,barr_call,call,0.8,1.0,1.0,0.062491670530591105,0.6985980791762094,2.09,1.007209364019579,2.0666325147209648,1.0306588215955952,1.0315913424541578,0.7666473308510557,1.0294051865692155,1.051545336941298,1000,10000,100000,0.001,7334,1000,10000,100000,7334,0.01,0.0006249167053059111,0.006985980791762094,0.0209,1.0594231507013858,0.02344945757601624,0.0243819784345789,0.2405620331685232,0.02219582254963659,0.04433597292171898
61,barr_put,put,0.8,1.0,1.0,0.062491670530591105,0.6985980791762094,2.09,0.0011543229568714009,-0.0012403812536603942,0.0012037608051258494,0.0007559050082333761,0.0069613256177958795,0.0003244297097829748,0.0013849495817194616,1000,10000,100000,0.001,7334,1000,10000,100000,7334,0.01,0.0006249167053059111,0.006985980791762094,0.0209,0.0023947042105317952,4.94378482544485e-05,0.00039841794863802477,0.005807002660924479,0.0008298932470884261,0.00023062662484806071
62,van_call,call,,1.0,1.0,0.04780937956706746,0.9522432144056618,0.797,0.6807793395595614,0.685125248857188,0.6758391236045991,0.6823836930754834,0.7698192247325819,0.7642652094345725,0.7660065768343105,1000,10000,100000,0.001,7434,1000,10000,100000,7434,0.01,0.0004780937956706746,0.009522432144056618,0.007970000000000001,0.004345909297626571,0.0049402159549623015,0.0016043535159220301,0.08903988517302053,0.08348586987501116,0.08522723727474912
62,van_put,put,,1.0,1.0,0.04780937956706746,0.9522432144056618,0.797,-0.3192206604404386,-0.3165438647321106,-0.32045011370345766,-0.31705049138363584,-0.30552534877188453,-0.3059614078242068,-0.31126296788139274,1000,10000,100000,0.001,7434,1000,10000,100000,7434,0.01,0.0004780937956706746,0.009522432144056618,0.007970000000000001,0.002676795708328017,0.0012294532630190425,0.0021701690568027843,0.013695311668554089,0.013259252616231842,0.007957692559045881
62,barr_call,call,0.8,1.0,1.0,0.04780937956706746,0.9522432144056618,0.797,0.912183278732856,1.0852346022227148,1.009184210659783,0.8871695458042617,0.8921682146237869,0.9877655554168946,0.9467128906883476,1000,10000,100000,0.001,7434,1000,10000,100000,7434,0.01,0.0004780937956706746,0.009522432144056618,0.007970000000000001,0.17305132348985885,0.09700093192692705,0.025013732928594323,0.02001506410906906,0.07558227668403861,0.034529611955491646
62,barr_put,put,0.8,1.0,1.0,0.04780937956706746,0.9522432144056618,0.797,0.002102452934438226,0.009079229675998324,0.002666109275208865,0.0019783347223905332,0.012525233722348813,0.004476273027266043,0.004711459379319355,1000,10000,100000,0.001,7434,1000,10000,100000,7434,0.01,0.0004780937956706746,0.009522432144056618,0.007970000000000001,0.0069767767415600986,0.0005636563407706392,0.00012411821204769266,0.010422780787910587,0.002373820092827817,0.002609006444881129
63,van_call,call,,1.0,1.0,0.019567517866589824,0.8900733238548632,2.3850000000000002,0.7646193914180361,0.8327955979981594,0.7949134004329506,0.7732172896872447,0.9372798360935075,0.9208736559834452,0.9309483248374439,1000,10000,100000,0.001,7534,1000,10000,100000,7534,0.01,0.00019567517866589824,0.008900733238548631,0.023850000000000003,0.06817620658012324,0.030294009014914414,0.008597898269208537,0.17266044467547137,0.15625426456540903,0.1663289334194078
63,van_put,put,,1.0,1.0,0.019567517866589824,0.8900733238548632,2.3850000000000002,-0.23538060858196386,-0.2252754229469467,-0.23195531474077824,-0.23279479513755863,-0.24112363149620397,-0.23670920855397015,-0.2337994439470692,1000,10000,100000,0.001,7534,1000,10000,100000,7534,0.01,0.00019567517866589824,0.008900733238548631,0.023850000000000003,0.010105185635017166,0.003425293841185617,0.002585813444405227,0.005743022914240115,0.0013285999720062946,0.0015811646348946606
63,barr_call,call,0.8,1.0,1.0,0.019567517866589824,0.8900733238548632,2.3850000000000002,0.9740550304499718,1.0946254692019735,0.8100059521623487,0.9574155095033537,1.006627803718918,0.8740528982178974,1.1340885774866027,1000,10000,100000,0.001,7534,1000,10000,100000,7534,0.01,0.00019567517866589824,0.008900733238548631,0.023850000000000003,0.12057043875200169,0.16404907828762305,0.016639520946618025,0.03257277326894625,0.10000213223207433,0.16003354703663097
63,barr_put,put,0.8,1.0,1.0,0.019567517866589824,0.8900733238548632,2.3850000000000002,0.00046359408394369694,-0.0008992889777927158,0.0004304113480475733,0.0001940202297080751,-0.0008363164995969308,-0.001705988079267015,0.0010209141915138626,1000,10000,100000,0.001,7534,1000,10000,100000,7534,0.01,0.00019567517866589824,0.008900733238548631,0.023850000000000003,0.0013628830617364127,3.318273589612364e-05,0.00026957385423562186,0.0012999105835406278,0.002169582163210712,0.0005573201075701657
64,van_call,call,,1.0,1.0,0.03823174520315065,0.9935737955003106,2.584,0.8052241370127149,0.9636333903134897,0.8432885936176082,0.8155986135387483,0.9236749843170022,1.141766561101376,1.1121541862694762,1000,10000,100000,0.001,7634,1000,10000,100000,7634,0.01,0.0003823174520315065,0.009935737955003106,0.025840000000000002,0.15840925330077482,0.038064456604893326,0.010374476526033405,0.11845084730428734,0.3365424240886612,0.30693004925676126
64,van_put,put,,1.0,1.0,0.03823174520315065,0.9935737955003106,2.584,-0.1947758629872851,-0.206944484475724,-0.19854111983453882,-0.1943307813488504,-0.2123975123678401,-0.1996351403920571,-0.20093918643908082,1000,10000,100000,0.001,7634,1000,10000,100000,7634,0.01,0.0003823174520315065,0.009935737955003106,0.025840000000000002,0.012168621488438891,0.0037652568472537062,0.0004450816384347078,0.017621649380554993,0.004859277404771989,0.00616332345179571
64,barr_call,call,0.8,1.0,1.0,0.03823174520315065,0.9935737955003106,2.584,1.0077021965586797,0.6858056185828881,1.040529844846233,0.8699085991203864,0.44654262496095776,0.9103294364692649,1.3764759503483825,1000,10000,100000,0.001,7634,1000,10000,100000,7634,0.01,0.0003823174520315065,0.009935737955003106,0.025840000000000002,0.3218965779757915,0.03282764828755336,0.13779359743829322,0.5611595715977219,0.09737276008941476,0.3687737537897029
64,barr_put,put,0.8,1.0,1.0,0.03823174520315065,0.9935737955003106,2.584,0.00026647051040371017,0.0014268600774429946,0.0008539314283984627,0.0004390571722445438,-3.482855799008338e-05,-0.00045378425269309674,-0.00025175008226047856,1000,10000,100000,0.001,7634,1000,10000,100000,7634,0.01,0.0003823174520315065,0.009935737955003106,0.025840000000000002,0.0011603895670392844,0.0005874609179947525,0.00017258666184083362,0.00030129906839379355,0.0007202547630968069,0.0005182205926641888
65,van_call,call,,1.0,1.0,0.005387368514623659,0.8188848066937215,2.211,0.7319100655579023,0.7262598812896426,0.721743511937406,0.7401893190567999,0.7886795284643755,0.7880139711493095,0.812898746867452,1000,10000,100000,0.001,7734,1000,10000,100000,7734,0.01,5.387368514623659e-05,0.008188848066937215,0.022109999999999998,0.005650184268259695,0.010166553620496233,0.008279253498897576,0.05676946290647322,0.05610390559140721,0.08098868130954973
65,van_put,put,,1.0,1.0,0.005387368514623659,0.8188848066937215,2.211,-0.2680899344420977,-0.27865422954044816,-0.26945265261038576,-0.2674493874289585,-0.2699041058659979,-0.2656633866903624,-0.2641084563259566,1000,10000,100000,0.001,7734,1000,10000,100000,7734,0.01,5.387368514623659e-05,0.008188848066937215,0.022109999999999998,0.01056429509835044,0.0013627181682880352,0.0006405470131392033,0.0018141714239001683,0.0024265477517353418,0.003981478116141135
65,barr_call,call,0.8,1.0,1.0,0.005387368514623659,0.8188848066937215,2.211,0.9420217495509253,0.6089363996386876,0.9892550444070697,0.9124106257233477,1.5079349500909445,0.9170746638664323,1.1302930176128267,1000,10000,100000,0.001,7734,1000,10000,100000,7734,0.01,5.387368514623659e-05,0.008188848066937215,0.022109999999999998,0.3330853499122377,0.04723329485614436,0.02961112382757758,0.5659132005400191,0.024947085684492998,0.18827126806190142
65,barr_put,put,0.8,1.0,1.0,0.005387368514623659,0.8188848066937215,2.211,0.0007099179147929124,0.0030224257615594154,0.003767018018898588,0.0006704371802449324,0.013479832772565667,0.002015299290369799,0.0009421706587815781,1000,10000,100000,0.001,7734,1000,10000,100000,7734,0.01,5.387368514623659e-05,0.008188848066937215,0.022109999999999998,0.002312507846766503,0.0030571001041056756,3.948073454798e-05,0.012769914857772754,0.0013053813755768864,0.00023225274398866566
66,van_call,call,,1.0,1.0,0.045164840826085906,0.5455770440135401,2.108,0.6971613231803564,0.7036981186866187,0.7107625590917765,0.7011422109575727,0.7497327353532313,0.7093762466296394,0.7005836586137903,1000,10000,100000,0.001,7834,1000,10000,100000,7834,0.01,0.00045164840826085906,0.005455770440135402,0.02108,0.006536795506262294,0.013601235911420151,0.00398088777721628,0.052571412172874865,0.012214923449282988,0.003422335433433954
66,van_put,put,,1.0,1.0,0.045164840826085906,0.5455770440135401,2.108,-0.3028386768196436,-0.2987799313745765,-0.2988496283016506,-0.3007536903111563,-0.286806363294162,-0.29478607722533967,-0.2993300433586449,1000,10000,100000,0.001,7834,1000,10000,100000,7834,0.01,0.00045164840826085906,0.005455770440135402,0.02108,0.0040587454450671245,0.003989048517992977,0.0020849865084873187,0.016032313525481623,0.008052599594303933,0.0035086334609987224
66,barr_call,call,0.8,1.0,1.0,0.045164840826085906,0.5455770440135401,2.108,0.9541734838818289,1.2741993704799142,0.93470228332872,0.9741745678575636,0.9445623959669663,0.9350991868312619,0.9515097598106148,1000,10000,100000,0.001,7834,1000,10000,100000,7834,0.01,0.00045164840826085906,0.005455770440135402,0.02108,0.3200258865980853,0.019471200553108914,0.020001083975734746,0.009611087914862537,0.019074297050566957,0.0026637240712140686
66,barr_put,put,0.8,1.0,1.0,0.045164840826085906,0.5455770440135401,2.108,0.0024128313068166873,0.005115210595228465,0.002412565016189541,0.0017637952130412525,0.004926212762613536,-0.0007433299548091133,0.0040467846122610425,1000,10000,100000,0.001,7834,1000,10000,100000,7834,0.01,0.00045164840826085906,0.005455770440135402,0.02108,0.0027023792884117775,2.6629062714654886e-07,0.0006490360937754349,0.0025133814557968485,0.0031561612616258007,0.0016339533054443552
67,van_call,call,,1.0,1.0,0.09820047415219546,0.4518028009091342,1.47,0.7045101325180164,0.7162628567679796,0.7073766163445405,0.7077571129237736,0.7270407431891113,0.7102653999862207,0.7116197064880703,1000,10000,100000,0.001,7934,1000,10000,100000,7934,0.01,0.0009820047415219546,0.004518028009091343,0.0147,0.011752724249963209,0.002866483826524102,0.003246980405757216,0.022530610671094853,0.005755267468204317,0.007109573970053851
67,van_put,put,,1.0,1.0,0.09820047415219546,0.4518028009091342,1.47,-0.2954898674819836,-0.2914423684434314,-0.29327134880147154,-0.29253223153399566,-0.28868655356530937,-0.29058387248361295,-0.2896384375637495,1000,10000,100000,0.001,7934,1000,10000,100000,7934,0.01,0.0009820047415219546,0.004518028009091343,0.0147,0.004047499038552171,0.0022185186805120383,0.0029576359479879244,0.006803313916674214,0.004905994998370633,0.0058514299182340634
67,barr_call,call,0.8,1.0,1.0,0.09820047415219546,0.4518028009091342,1.47,0.9524627733255242,1.1062606664154178,0.8847570279062189,0.963597870759747,0.6712562134701394,0.874786553830692,0.9323278125549173,1000,10000,100000,0.001,7934,1000,10000,100000,7934,0.01,0.0009820047415219546,0.004518028009091343,0.0147,0.15379789308989356,0.0677057454193053,0.011135097434222807,0.2812065598553848,0.07767621949483217,0.020134960770606947
67,barr_put,put,0.8,1.0,1.0,0.09820047415219546,0.4518028009091342,1.47,0.005483348486592932,0.021151965000701833,0.0006394394479602907,0.006313592341734842,0.005551366841859964,0.0019313982679253477,0.007200627998585644,1000,10000,100000,0.001,7934,1000,10000,100000,7934,0.01,0.0009820047415219546,0.004518028009091343,0.0147,0.0156686165141089,0.004843909038632641,0.00083024385514191,6.801835526703236e-05,0.003551950218667584,0.0017172795119927125
68,van_call,call,,1.0,1.0,0.0123942700486963,0.8906666307409284,2.585,0.7698574970119306,0.7483640632262256,0.7438183971547385,0.7733861493238958,1.0027334010082156,0.9875920735457733,0.98545624008749,1000,10000,100000,0.001,8034,1000,10000,100000,8034,0.01,0.000123942700486963,0.008906666307409284,0.02585,0.021493433785705007,0.026039099857192105,0.003528652311965197,0.232875903996285,0.21773457653384265,0.21559874307555937
68,van_put,put,,1.0,1.0,0.0123942700486963,0.8906666307409284,2.585,-0.23014250298806938,-0.23797317490423242,-0.22812010428399643,-0.2293003936418958,-0.22493212577248123,-0.22717186464225603,-0.23016780400672565,1000,10000,100000,0.001,8034,1000,10000,100000,8034,0.01,0.000123942700486963,0.008906666307409284,0.02585,0.007830671916163046,0.0020223987040729474,0.0008421093461735696,0.005210377215588147,0.002970638345813348,2.530101865627632e-05
68,barr_call,call,0.8,1.0,1.0,0.0123942700486963,0.8906666307409284,2.585,0.9695957588123194,0.8209193822664412,0.939676417002952,0.9392017985618284,1.5284341716297,1.2264157755814464,1.3641885786870256,1000,10000,100000,0.001,8034,1000,10000,100000,8034,0.01,0.000123942700486963,0.008906666307409284,0.02585,0.14867637654587817,0.029919341809367395,0.030393960250491014,0.5588384128173807,0.256820016769127,0.3945928198747062
68,barr_put,put,0.8,1.0,1.0,0.0123942700486963,0.8906666307409284,2.585,0.00040750805155587155,-0.0009543680449752045,-0.00022320478323104205,0.0001884281878276848,-0.002678087005862306,0.0006986796156543284,0.001287824341658819,1000,10000,100000,0.001,8034,1000,10000,100000,8034,0.01,0.000123942700486963,0.008906666307409284,0.02585,0.001361876096531076,0.0006307128347869136,0.00021907986372818675,0.0030855950574181774,0.00029117156409845686,0.0008803162901029474
69,van_call,call,,1.0,1.0,0.01193808979262484,0.9732915263275502,2.028,0.7612995700125756,0.7374239460323617,0.7503566908266368,0.7598812511134478,0.9687953444448505,0.981431805459354,0.9875696813204438,1000,10000,100000,0.001,8134,1000,10000,100000,8134,0.01,0.0001193808979262484,0.009732915263275502,0.02028,0.023875623980213923,0.010942879185938836,0.0014183188991278017,0.20749577443227485,0.2201322354467784,0.22627011130786812
69,van_put,put,,1.0,1.0,0.01193808979262484,0.9732915263275502,2.028,-0.23870042998742436,-0.23135131005240228,-0.23806856274274368,-0.23861987611683566,-0.2406803663484225,-0.2401654829231048,-0.2408985372913508,1000,10000,100000,0.001,8134,1000,10000,100000,8134,0.01,0.0001193808979262484,0.009732915263275502,0.02028,0.007349119935022075,0.0006318672446806728,8.055387058869545e-05,0.0019799363609981357,0.0014650529356804443,0.0021981073039264443
69,barr_call,call,0.8,1.0,1.0,0.01193808979262484,0.9732915263275502,2.028,0.9626657706887115,0.5761834250024023,0.9255949919536044,1.0049225930006844,0.9572933723335841,0.9503380826729801,1.1416303654338933,1000,10000,100000,0.001,8134,1000,10000,100000,8134,0.01,0.0001193808979262484,0.009732915263275502,0.02028,0.38648234568630924,0.03707077873510711,0.04225682231197292,0.005372398355127372,0.012327688015731364,0.17896459474518178
69,barr_put,put,0.8,1.0,1.0,0.01193808979262484,0.9732915263275502,2.028,0.0004578119883143217,0.009875277262692885,-0.0005092556355666409,0.0006188491339972535,0.02038565428289811,0.0022952492241817748,0.0005237025879749818,1000,10000,100000,0.001,8134,1000,10000,100000,8134,0.01,0.0001193808979262484,0.009732915263275502,0.02028,0.009417465274378563,0.0009670676238809626,0.0001610371456829318,0.01992784229458379,0.001837437235867453,6.589059966066008e-05
70,van_call,call,,1.0,1.0,0.07385230561433469,0.5938179182394008,1.067,0.6682774241232969,0.6921670577162198,0.6738231270843553,0.6717847788917541,0.7094736852178096,0.6732422646176239,0.675175855712451,1000,10000,100000,0.001,8234,1000,10000,100000,8234,0.01,0.0007385230561433469,0.005938179182394008,0.010669999999999999,0.023889633592922843,0.005545702961058385,0.003507354768457205,0.04119626109451269,0.004964840494326994,0.0068984315891540415
70,van_put,put,,1.0,1.0,0.07385230561433469,0.5938179182394008,1.067,-0.33172257587670306,-0.3294065518585798,-0.33110332200411985,-0.3287567177134465,-0.30634610877779966,-0.326596481611352,-0.3266501924750975,1000,10000,100000,0.001,8234,1000,10000,100000,8234,0.01,0.0007385230561433469,0.005938179182394008,0.010669999999999999,0.0023160240181232528,0.0006192538725832142,0.002965858163256563,0.0253764670989034,0.005126094265351044,0.00507238340160554
70,barr_call,call,0.8,1.0,1.0,0.07385230561433469,0.5938179182394008,1.067,0.8970160573529035,1.0788749618528408,0.828253860692893,0.9224866331448922,0.781753358600798,0.8175413202746812,0.8712494296165607,1000,10000,100000,0.001,8234,1000,10000,100000,8234,0.01,0.0007385230561433469,0.005938179182394008,0.010669999999999999,0.18185890449993736,0.06876219666001049,0.025470575791988748,0.11526269875210549,0.07947473707822228,0.02576662773634275
70,barr_put,put,0.8,1.0,1.0,0.07385230561433469,0.5938179182394008,1.067,0.004829754009484655,0.019295952757323934,0.00516974081563933,0.0046746676471526435,-0.005239154761685512,0.00766959286492893,0.009421038284205012,1000,10000,100000,0.001,8234,1000,10000,100000,8234,0.01,0.0007385230561433469,0.005938179182394008,0.010669999999999999,0.01446619874783928,0.0003399868061546756,0.0001550863623320112,0.010068908771170167,0.0028398388554442752,0.004591284274720357
71,van_call,call,,1.0,1.0,0.058730363346398466,0.3667084232227504,1.603,0.6681884342401561,0.6642785290521147,0.6729373645101511,0.6727541643353679,0.6652582624466885,0.6755208598370782,0.6759575661090117,1000,10000,100000,0.001,8334,1000,10000,100000,8334,0.01,0.0005873036334639847,0.003667084232227504,0.01603,0.0039099051880413516,0.004748930269995011,0.004565730095211884,0.002930171793467551,0.007332425596922154,0.007769131868855639
71,van_put,put,,1.0,1.0,0.058730363346398466,0.3667084232227504,1.603,-0.33181156575984394,-0.32916786968819334,-0.3267121180898447,-0.32765825176565844,-0.33070192745808247,-0.32514816291286386,-0.3254994266533334,1000,10000,100000,0.001,8334,1000,10000,100000,8334,0.01,0.0005873036334639847,0.003667084232227504,0.01603,0.002643696071650603,0.0050994476699992575,0.0041533139941855035,0.001109638301761473,0.006663402846980082,0.006312139106510517
71,barr_call,call,0.8,1.0,1.0,0.058730363346398466,0.3667084232227504,1.603,0.859167747602696,0.9488586045431568,0.8517915311687635,0.8488910689031376,0.8426817133794479,0.883327946204876,0.8402947474210665,1000,10000,100000,0.001,8334,1000,10000,100000,8334,0.01,0.0005873036334639847,0.003667084232227504,0.01603,0.08969085694046086,0.007376216433932492,0.010276678699558395,0.016486034223248125,0.024160198602179994,0.018873000181629518
71,barr_put,put,0.8,1.0,1.0,0.058730363346398466,0.3667084232227504,1.603,0.00851569755405679,0.0033449532479763906,0.007916665182166249,0.00791414446111153,-0.03338482554384168,0.004299992875047469,0.010916131038796748,1000,10000,100000,0.001,8334,1000,10000,100000,8334,0.01,0.0005873036334639847,0.003667084232227504,0.01603,0.0051707443060803986,0.0005990323718905403,0.0006015530929452586,0.04190052309789847,0.00421570467900932,0.0024004334847399587
72,van_call,call,,1.0,1.0,0.047163253432036784,0.3237715982732832,1.245,0.6342637804422802,0.6452644429673138,0.643609075098206,0.6408631157755224,0.6371234710772666,0.6418264692813674,0.6405253111286924,1000,10000,100000,0.001,8434,1000,10000,100000,8434,0.01,0.00047163253432036783,0.003237715982732832,0.012450000000000001,0.011000662525033622,0.009345294655925818,0.006599335333242196,0.002859690634986478,0.007562688839087284,0.00626153068641222
72,van_put,put,,1.0,1.0,0.047163253432036784,0.3237715982732832,1.245,-0.36573621955771984,-0.3585573810083134,-0.3585443623042736,-0.3599400593654059,-0.36021003753131664,-0.35899389025147027,-0.3590915473698386,1000,10000,100000,0.001,8434,1000,10000,100000,8434,0.01,0.00047163253432036783,0.003237715982732832,0.012450000000000001,0.00717883854940643,0.007191857253446232,0.005796160192313937,0.0055261820264032036,0.006742329306249573,0.006644672187881229
72,barr_call,call,0.8,1.0,1.0,0.047163253432036784,0.3237715982732832,1.245,0.7557567642713481,0.781851125660335,0.7637390137845562,0.7392455529131842,0.6139724109007677,0.709042669487911,0.7400877971608655,1000,10000,100000,0.001,8434,1000,10000,100000,8434,0.01,0.00047163253432036783,0.003237715982732832,0.012450000000000001,0.02609436138898691,0.00798224951320814,0.016511211358163913,0.14178435337058037,0.04671409478343713,0.0156689671104826
72,barr_put,put,0.8,1.0,1.0,0.047163253432036784,0.3237715982732832,1.245,0.01369418900009356,0.043073443301078984,0.006890473627820578,0.014284236824069901,0.008166356970830315,0.021477452528315902,0.020011761451842105,1000,10000,100000,0.001,8434,1000,10000,100000,8434,0.01,0.00047163253432036783,0.003237715982732832,0.012450000000000001,0.029379254300985425,0.006803715372272982,0.0005900478239763418,0.0055278320292632445,0.007783263528222343,0.006317572451748545
73,van_call,call,,1.0,1.0,0.01071268171938663,0.8715518317936493,0.19,0.5774241061049442,0.5614137909086547,0.576437721434192,0.5816300342285252,0.40848176197724045,0.4204550365764545,0.4086304705979857,1000,10000,100000,0.001,8534,1000,10000,100000,8534,0.01,0.0001071268171938663,0.008715518317936493,0.0019,0.016010315196289482,0.0009863846707521828,0.004205928123581004,0.16894234412770376,0.1569690695284897,0.16879363550695853
73,van_put,put,,1.0,1.0,0.01071268171938663,0.8715518317936493,0.19,-0.4225758938950558,-0.4319671408206188,-0.4212122150767439,-0.4181760050722516,-0.4819691010903737,-0.4740964667081765,-0.48317661509081344,1000,10000,100000,0.001,8534,1000,10000,100000,8534,0.01,0.0001071268171938663,0.008715518317936493,0.0019,0.009391246925563035,0.0013636788183118975,0.004399888822804177,0.05939320719531793,0.051520572813120724,0.060600721195757656
73,barr_call,call,0.8,1.0,1.0,0.01071268171938663,0.8715518317936493,0.19,0.6884716366654303,0.7763140640787425,0.6714982695481375,0.6812900071926503,0.4215792737492813,0.4455169004304635,0.4186184851102642,1000,10000,100000,0.001,8534,1000,10000,100000,8534,0.01,0.0001071268171938663,0.008715518317936493,0.0019,0.08784242741331216,0.016973367117292804,0.0071816294727800045,0.26689236291614904,0.24295473623496683,0.2698531515551661
73,barr_put,put,0.8,1.0,1.0,0.01071268171938663,0.8715518317936493,0.19,0.01603354849620542,0.042248965446135434,0.00969598997660609,0.015623916819808813,0.048609548648735706,0.02347728055709271,0.024755849395384413,1000,10000,100000,0.001,8534,1000,10000,100000,8534,0.01,0.0001071268171938663,0.008715518317936493,0.0019,0.026215416949930015,0.006337558519599329,0.00040963167639660597,0.03257600015253029,0.00744373206088729,0.008722300899178994
74,van_call,call,,1.0,1.0,0.022921856546061794,0.21641842892540744,1.7730000000000001,0.612221763084231,0.6215562778566164,0.6161941414327521,0.6188933187422557,0.6287137718462205,0.6151987071162018,0.6194237744619274,1000,10000,100000,0.001,8634,1000,10000,100000,8634,0.01,0.00022921856546061795,0.0021641842892540747,0.017730000000000003,0.009334514772385338,0.003972378348521044,0.006671555658024686,0.01649200876198942,0.0029769440319707963,0.007202011377696382
74,van_put,put,,1.0,1.0,0.022921856546061794,0.21641842892540744,1.7730000000000001,-0.38777823691576896,-0.3788624004185212,-0.3825648441211124,-0.38121646786567626,-0.37736375714011866,-0.38422573580253333,-0.38068958478832265,1000,10000,100000,0.001,8634,1000,10000,100000,8634,0.01,0.00022921856546061795,0.0021641842892540747,0.017730000000000003,0.008915836497247753,0.005213392794656546,0.006561769050092703,0.010414479775650298,0.0035525011132356288,0.007088652127446304
74,barr_call,call,0.8,1.0,1.0,0.022921856546061794,0.21641842892540744,1.7730000000000001,0.6824219225189054,0.7611435694261898,0.6670892577168658,0.6860069297130497,0.7070084333067467,0.6846526333483968,0.6780796704678432,1000,10000,100000,0.001,8634,1000,10000,100000,8634,0.01,0.00022921856546061795,0.0021641842892540747,0.017730000000000003,0.07872164690728434,0.015332664802039653,0.0035850071941442296,0.024586510787841243,0.0022307108294913336,0.004342252051062201
74,barr_put,put,0.8,1.0,1.0,0.022921856546061794,0.21641842892540744,1.7730000000000001,0.01568538874329173,0.07266678690056559,-0.00032233796007381105,0.022283988704463117,0.027201911426919054,0.034301219261692086,0.02798561635025884,1000,10000,100000,0.001,8634,1000,10000,100000,8634,0.01,0.00022921856546061795,0.0021641842892540747,0.017730000000000003,0.05698139815727386,0.01600772670336554,0.006598599961171389,0.011516522683627326,0.018615830518400357,0.012300227606967112
75,van_call,call,,1.0,1.0,0.08999651948366755,0.7352102433736342,2.566,0.7837559781087664,0.7963156134872196,0.7725076835718048,0.786539048038537,0.7826462881212026,0.7753646911933476,0.780611793852859,1000,10000,100000,0.001,8734,1000,10000,100000,8734,0.01,0.0008999651948366755,0.007352102433736342,0.02566,0.012559635378453171,0.011248294536961634,0.0027830699297706207,0.0011096899875637778,0.008391286915418794,0.003144184255907456
75,van_put,put,,1.0,1.0,0.08999651948366755,0.7352102433736342,2.566,-0.2162440218912336,-0.22401686103128982,-0.217502379482315,-0.21444103998947694,-0.2148709830290696,-0.21700247062881317,-0.21508389521994187,1000,10000,100000,0.001,8734,1000,10000,100000,8734,0.01,0.0008999651948366755,0.007352102433736342,0.02566,0.00777283914005622,0.0012583575910813938,0.0018029819017566506,0.001373038862164,0.0007584487375795756,0.001160126671291728
75,barr_call,call,0.8,1.0,1.0,0.08999651948366755,0.7352102433736342,2.566,1.0804511540151356,1.1859759365192706,1.1435592816892048,1.07027970054063,0.9722138401105168,0.985676987646722,0.9946145682813712,1000,10000,100000,0.001,8734,1000,10000,100000,8734,0.01,0.0008999651948366755,0.007352102433736342,0.02566,0.105524782504135,0.06310812767406926,0.010171453474505654,0.10823731390461877,0.09477416636841363,0.0858365857337644
75,barr_put,put,0.8,1.0,1.0,0.08999651948366755,0.7352102433736342,2.566,0.0006598163781672273,-0.003056620939445352,0.003868184632422502,0.0005101543100658335,0.003299264530751624,0.000231366428944801,0.0004904211457326305,1000,10000,100000,0.001,8734,1000,10000,100000,8734,0.01,0.0008999651948366755,0.007352102433736342,0.02566,0.0037164373176125794,0.003208368254255275,0.00014966206810139372,0.002639448152584397,0.00042844994922242626,0.00016939523243459677
76,van_call,call,,1.0,1.0,0.04167535378026932,0.3662534682798184,2.859,0.6921806828419865,0.6764210305882201,0.6914839856249466,0.6945965776560314,0.6907393385415517,0.6925541357711451,0.7010857991318065,1000,10000,100000,0.001,8834,1000,10000,100000,8834,0.01,0.0004167535378026932,0.003662534682798184,0.02859,0.01575965225376641,0.0006966972170399099,0.0024158948140449166,0.0014413443004348547,0.00037345292915857975,0.008905116289819937
76,van_put,put,,1.0,1.0,0.04167535378026932,0.3662534682798184,2.859,-0.3078193171580135,-0.3135159425719347,-0.30617484105530945,-0.3051750177098328,-0.301807922068173,-0.30499704460500154,-0.30265182923470135,1000,10000,100000,0.001,8834,1000,10000,100000,8834,0.01,0.0004167535378026932,0.003662534682798184,0.02859,0.005696625413921241,0.0016444761027040178,0.002644299448180676,0.006011395089840499,0.0028222725530119286,0.00516748792331212
76,barr_call,call,0.8,1.0,1.0,0.04167535378026932,0.3662534682798184,2.859,0.943632936794106,0.8340285230893862,0.9157473976669106,0.9301980592222481,0.7517638794941606,0.7497533169657566,0.9248177581725914,1000,10000,100000,0.001,8834,1000,10000,100000,8834,0.01,0.0004167535378026932,0.003662534682798184,0.02859,0.10960441370471974,0.02788553912719538,0.013434877571857906,0.1918690572999454,0.19387961982834934,0.018815178621514606
76,barr_put,put,0.8,1.0,1.0,0.04167535378026932,0.3662534682798184,2.859,0.004402958595307871,0.012605562938216653,0.013722876450273334,0.005196264633345769,0.007321429965368082,0.010540066105104448,0.006789947433509546,1000,10000,100000,0.001,8834,1000,10000,100000,8834,0.01,0.0004167535378026932,0.003662534682798184,0.02859,0.008202604342908782,0.009319917854965463,0.000793306038037898,0.0029184713700602114,0.0061371075097965775,0.002386988838201675
77,van_call,call,,1.0,1.0,0.05358516625316159,0.8018009959042574,2.081,0.7500776434678131,0.8047671738698914,0.746795682502599,0.756789217386461,0.7802263170845813,0.7594866772446307,0.7613153909888704,1000,10000,100000,0.001,8934,1000,10000,100000,8934,0.01,0.0005358516625316159,0.008018009959042574,0.02081,0.054689530402078246,0.003281960965214159,0.006711573918647851,0.030148673616768207,0.009409033776817566,0.011237747521057218
77,van_put,put,,1.0,1.0,0.05358516625316159,0.8018009959042574,2.081,-0.24992235653218686,-0.244979281913682,-0.25003375838448805,-0.24840300341927302,-0.24612194440921664,-0.25002195637398583,-0.24645516484366747,1000,10000,100000,0.001,8934,1000,10000,100000,8934,0.01,0.0005358516625316159,0.008018009959042574,0.02081,0.00494307461850485,0.00011140185230118504,0.001519353112913846,0.0038004121229702204,9.959984179896963e-05,0.0034671916885193887
77,barr_call,call,0.8,1.0,1.0,0.05358516625316159,0.8018009959042574,2.081,1.0014704536699752,0.9213199673214018,0.9285457286702353,0.9261026458127347,0.6396019622211618,1.4476002031942659,1.013971121676721,1000,10000,100000,0.001,8934,1000,10000,100000,8934,0.01,0.0005358516625316159,0.008018009959042574,0.02081,0.08015048634857347,0.0729247249997399,0.07536780785724051,0.3618684914488134,0.44612974952429063,0.012500668006745874
77,barr_put,put,0.8,1.0,1.0,0.05358516625316159,0.8018009959042574,2.081,0.0007744347029318976,-2.9797252061808735e-06,-0.0005781983192677207,0.0007304161908140781,-0.0012506644767454663,0.0001472730188868275,-0.0003286438600422632,1000,10000,100000,0.001,8934,1000,10000,100000,8934,0.01,0.0005358516625316159,0.008018009959042574,0.02081,0.0007774144281380785,0.0013526330221996182,4.401851211781956e-05,0.002025099179677364,0.0006271616840450701,0.0011030785629741607
78,van_call,call,,1.0,1.0,0.0006208516587129398,0.7829528563834008,0.321,0.5879394008483441,0.5829224544367934,0.5935031872888852,0.5933560163296825,0.4222460414444157,0.4125584922349629,0.4170339090477565,1000,10000,100000,0.001,9034,1000,10000,100000,9034,0.01,6.208516587129399e-06,0.007829528563834008,0.00321,0.0050169464115507045,0.005563786440541119,0.005416615481338427,0.16569335940392838,0.17538090861338118,0.17090549180058756
78,van_put,put,,1.0,1.0,0.0006208516587129398,0.7829528563834008,0.321,-0.41206059915165594,-0.4130974049512903,-0.40618622924207815,-0.40705438565765695,-0.4794863841089875,-0.48881861144432215,-0.4857436246594987,1000,10000,100000,0.001,9034,1000,10000,100000,9034,0.01,6.208516587129399e-06,0.007829528563834008,0.00321,0.0010368057996343882,0.005874369909577792,0.00500621349399899,0.06742578495733154,0.07675801229266621,0.07368302550784278
78,barr_call,call,0.8,1.0,1.0,0.0006208516587129398,0.7829528563834008,0.321,0.7269648301343135,0.543661560524461,0.7493286380466091,0.7395700673756195,0.3190045519993315,0.4225291070883666,0.42875431652653756,1000,10000,100000,0.001,9034,1000,10000,100000,9034,0.01,6.208516587129399e-06,0.007829528563834008,0.00321,0.18330326960985244,0.02236380791229564,0.012605237241306022,0.407960278134982,0.30443572304594685,0.2982105136077759
78,barr_put,put,0.8,1.0,1.0,0.0006208516587129398,0.7829528563834008,0.321,0.011942503487150091,0.02215134743277095,0.012630114065548866,0.016024438011340205,0.013591713480917006,0.019806494184835925,0.030401482944660777,1000,10000,100000,0.001,9034,1000,10000,100000,9034,0.01,6.208516587129399e-06,0.007829528563834008,0.00321,0.010208843945620858,0.000687610578398775,0.004081934524190114,0.0016492099937669147,0.007863990697685834,0.018458979457510686
79,van_call,call,,1.0,1.0,0.030064170577030116,0.7016540238574563,1.289,0.6725462372169723,0.649459022951332,0.6769367891871214,0.6729592624537706,0.6890626712109438,0.6971101979871885,0.6797336180830893,1000,10000,100000,0.001,9134,1000,10000,100000,9134,0.01,0.0003006417057703012,0.007016540238574564,0.012889999999999999,0.02308721426564031,0.004390551970149148,0.0004130252367983145,0.016516433993971513,0.024563960770216275,0.007187380866117032
79,van_put,put,,1.0,1.0,0.030064170577030116,0.7016540238574563,1.289,-0.32745376278302774,-0.3360923452368547,-0.324974521941529,-0.3244385511828207,-0.3226808812680615,-0.3154074308115873,-0.32282422873468053,1000,10000,100000,0.001,9134,1000,10000,100000,9134,0.01,0.0003006417057703012,0.007016540238574564,0.012889999999999999,0.008638582453826982,0.0024792408414987532,0.003015211600207013,0.004772881514966243,0.01204633197144045,0.004629534048347206
79,barr_call,call,0.8,1.0,1.0,0.030064170577030116,0.7016540238574563,1.289,0.9021607466275283,0.8170324277538055,0.9065386277201104,0.8959916491539599,1.541813814559212,1.0597620868485285,0.8446305093640472,1000,10000,100000,0.001,9134,1000,10000,100000,9134,0.01,0.0003006417057703012,0.007016540238574564,0.012889999999999999,0.08512831887372285,0.004377881092582081,0.006169097473568419,0.6396530679316836,0.15760134022100014,0.057530237263481165
79,barr_put,put,0.8,1.0,1.0,0.030064170577030116,0.7016540238574563,1.289,0.0025340099602269572,-0.005266264343910254,0.0055691375961734145,0.002042060312257201,0.0038909262025458137,-0.00017523947819196042,0.004957112182130661,1000,10000,100000,0.001,9134,1000,10000,100000,9134,0.01,0.0003006417057703012,0.007016540238574564,0.012889999999999999,0.007800274304137211,0.0030351276359464573,0.0004919496479697562,0.0013569162423188565,0.002709249438418918,0.0024231022219037036
80,van_call,call,,1.0,1.0,0.04368931721756102,0.623153810016596,0.222,0.571360497121766,0.568926554873099,0.5739294023104524,0.5778087262686151,0.5352278088088371,0.5315879126164658,0.53313817045149,1000,10000,100000,0.001,9234,1000,10000,100000,9234,0.01,0.00043689317217561024,0.00623153810016596,0.00222,0.002433942248666998,0.0025689051886864656,0.0064482291468491715,0.03613268831292882,0.03977258450530019,0.03822232667027592
80,van_put,put,,1.0,1.0,0.04368931721756102,0.623153810016596,0.222,-0.42863950287823405,-0.42679619177913714,-0.4244217397756017,-0.42199201281174353,-0.449352674294963,-0.44839787484778487,-0.4477588823274939,1000,10000,100000,0.001,9234,1000,10000,100000,9234,0.01,0.00043689317217561024,0.00623153810016596,0.00222,0.0018433110990969115,0.0042177631026323326,0.0066474900664905134,0.02071317141672896,0.019758371969550825,0.019119379449259843
80,barr_call,call,0.8,1.0,1.0,0.04368931721756102,0.623153810016596,0.222,0.637904145918415,0.6532139419888879,0.6282521999308954,0.6420821413375771,0.5261107284615915,0.5615674346712215,0.5576914211503344,1000,10000,100000,0.001,9234,1000,10000,100000,9234,0.01,0.00043689317217561024,0.00623153810016596,0.00222,0.015309796070472892,0.009651945987519617,0.004177995419162084,0.11179341745682358,0.07633671124719354,0.08021272476808061
80,barr_put,put,0.8,1.0,1.0,0.04368931721756102,0.623153810016596,0.222,0.020245481676331445,0.033084141485449116,0.011325407198891843,0.023530961958541027,0.022137751981481275,0.06211481376551253,0.051488427182406864,1000,10000,100000,0.001,9234,1000,10000,100000,9234,0.01,0.00043689317217561024,0.00623153810016596,0.00222,0.012838659809117671,0.008920074477439602,0.0032854802822095824,0.0018922703051498305,0.04186933208918109,0.03124294550607542
81,van_call,call,,1.0,1.0,0.06121489970657576,0.49418896310136495,0.605,0.6135341332209392,0.6188798198234702,0.6191070077862931,0.6191992969507037,0.6182737186550824,0.6160207302639248,0.6193219541716866,1000,10000,100000,0.001,9334,1000,10000,100000,9334,0.01,0.0006121489970657576,0.00494188963101365,0.00605,0.005345686602530986,0.005572874565353936,0.005665163729764555,0.004739585434143212,0.0024865970429855944,0.005787820950747369
81,van_put,put,,1.0,1.0,0.06121489970657576,0.49418896310136495,0.605,-0.3864658667790608,-0.37769590557462096,-0.3815416172215258,-0.38128299489741946,-0.3840318510495877,-0.3845301219047387,-0.38120448703289345,1000,10000,100000,0.001,9334,1000,10000,100000,9334,0.01,0.0006121489970657576,0.00494188963101365,0.00605,0.008769961204439847,0.00492424955753501,0.005182871881641349,0.0024340157294731046,0.0019357448743221317,0.005261379746167361
81,barr_call,call,0.8,1.0,1.0,0.06121489970657576,0.49418896310136495,0.605,0.7400804042170528,0.6529486168451143,0.7206582803489181,0.7437380810745908,0.8481374080549414,0.689760509009113,0.7121482349533859,1000,10000,100000,0.001,9334,1000,10000,100000,9334,0.01,0.0006121489970657576,0.00494188963101365,0.00605,0.0871317873719385,0.01942212386813469,0.003657676857538039,0.10805700383788863,0.05031989520793978,0.02793216926366693
81,barr_put,put,0.8,1.0,1.0,0.06121489970657576,0.49418896310136495,0.605,0.0138989154310043,-0.007681091977627431,0.025021445807300435,0.010930544256121041,0.00458670348156354,0.014015617851861981,0.02089856738888285,1000,10000,100000,0.001,9334,1000,10000,100000,9334,0.01,0.0006121489970657576,0.00494188963101365,0.00605,0.02158000740863173,0.011122530376296135,0.002968371174883258,0.00931221194944076,0.00011670242085768182,0.00699965195787855
82,van_call,call,,1.0,1.0,0.09181980753805731,0.8406971624183702,1.74,0.7575824596836065,0.8088314998494939,0.7732682707807581,0.7635412499594263,0.7794794946310357,0.7584264865768742,0.7703348482754613,1000,10000,100000,0.001,9434,1000,10000,100000,9434,0.01,0.0009181980753805732,0.008406971624183702,0.0174,0.05124904016588738,0.015685811097151614,0.005958790275819803,0.021897034947429228,0.0008440268932676798,0.01275238859185479
82,van_put,put,,1.0,1.0,0.09181980753805731,0.8406971624183702,1.74,-0.2424175403163935,-0.22442942271384547,-0.24185425785019365,-0.24216475816970506,-0.24353971370576488,-0.24187081574587044,-0.23963037738875537,1000,10000,100000,0.001,9434,1000,10000,100000,9434,0.01,0.0009181980753805732,0.008406971624183702,0.0174,0.017988117602548037,0.0005632824661998548,0.0002527821466884461,0.0011221733893713726,0.0005467245705230717,0.0027871629276381427
82,barr_call,call,0.8,1.0,1.0,0.09181980753805731,0.8406971624183702,1.74,1.0325559390695516,1.398204958753868,1.0150269838886061,1.1101174298841998,1.315593277855026,1.0498536650313306,0.9572336385266167,1000,10000,100000,0.001,9434,1000,10000,100000,9434,0.01,0.0009181980753805732,0.008406971624183702,0.0174,0.3656490196843165,0.017528955180945438,0.07756149081464825,0.28303733878547455,0.01729772596177903,0.07532230054293487
82,barr_put,put,0.8,1.0,1.0,0.09181980753805731,0.8406971624183702,1.74,0.0008465306055874255,0.006997343006527433,-6.826787892625415e-05,0.0011152522693284764,0.006819391676382012,0.0033250540914413922,0.0006074055494068416,1000,10000,100000,0.001,9434,1000,10000,100000,9434,0.01,0.0009181980753805732,0.008406971624183702,0.0174,0.006150812400940007,0.0009147984845136797,0.0002687216637410508,0.005972861070794587,0.0024785234858539667,0.00023912505618058392
83,van_call,call,,1.0,1.0,0.06257366699625354,0.7123848899567037,0.601,0.6346633903962409,0.6505776818451076,0.6407993907579373,0.6413342141626976,0.601139477671378,0.6384984769091995,0.6389419284597742,1000,10000,100000,0.001,9534,1000,10000,100000,9534,0.01,0.0006257366699625354,0.007123848899567037,0.00601,0.01591429144886669,0.006136000361696481,0.006670823766456779,0.03352391272486288,0.0038350865129586076,0.004278538063533288
83,van_put,put,,1.0,1.0,0.06257366699625354,0.7123848899567037,0.601,-0.36533660960375913,-0.35284033471864595,-0.36028180639176566,-0.36008255880310147,-0.38576123056723866,-0.36232144359154006,-0.3623558864304183,1000,10000,100000,0.001,9534,1000,10000,100000,9534,0.01,0.0006257366699625354,0.007123848899567037,0.00601,0.012496274885113179,0.005054803211993475,0.005254050800657661,0.020424620963479523,0.0030151660122190727,0.00298072317334086
83,barr_call,call,0.8,1.0,1.0,0.06257366699625354,0.7123848899567037,0.601,0.8279637239197113,0.8658409334170808,0.8703625934378983,0.8244981990100458,0.7492078068955049,0.8288367801480345,0.802317229329208,1000,10000,100000,0.001,9534,1000,10000,100000,9534,0.01,0.0006257366699625354,0.007123848899567037,0.00601,0.0378772094973695,0.042398869518187055,0.0034655249096654517,0.07875591702420637,0.0008730562283232324,0.025646494590503277
83,barr_put,put,0.8,1.0,1.0,0.06257366699625354,0.7123848899567037,0.601,0.006700647646698532,-0.010664220679042213,-0.0021332859208045415,0.004650751164479217,0.0046272361950085335,-0.002474278468507507,0.009284060492817424,1000,10000,100000,0.001,9534,1000,10000,100000,9534,0.01,0.0006257366699625354,0.007123848899567037,0.00601,0.017364868325740745,0.008833933567503074,0.0020498964822193147,0.0020734114516899986,0.009174926115206039,0.002583412846118892
84,van_call,call,,1.0,1.0,0.07059975650817733,0.4444650724344366,1.743,0.6925548071212065,0.7177409989337524,0.702557307842977,0.6959163461650875,0.6733321279956683,0.6996574278128109,0.6989907310306576,1000,10000,100000,0.001,9634,1000,10000,100000,9634,0.01,0.0007059975650817733,0.004444650724344366,0.01743,0.02518619181254589,0.010002500721770446,0.0033615390438809234,0.01922267912553821,0.007102620691604389,0.0064359239094510245
84,van_put,put,,1.0,1.0,0.07059975650817733,0.4444650724344366,1.743,-0.30744519287879346,-0.29875801681931713,-0.299088467911765,-0.3033685413634468,-0.30926825196591623,-0.30084231140883044,-0.3021137785921918,1000,10000,100000,0.001,9634,1000,10000,100000,9634,0.01,0.0007059975650817733,0.004444650724344366,0.01743,0.008687176059476331,0.00835672496702844,0.004076651515346641,0.0018230590871227692,0.006602881469963018,0.005331414286601666
84,barr_call,call,0.8,1.0,1.0,0.07059975650817733,0.4444650724344366,1.743,0.9392747273528151,1.0304645745014107,0.8556339159755677,0.9131567554519021,0.8398389905478088,0.9445788996401,0.898705944763542,1000,10000,100000,0.001,9634,1000,10000,100000,9634,0.01,0.0007059975650817733,0.004444650724344366,0.01743,0.09118984714859557,0.08364081137724744,0.02611797190091303,0.09943573680500639,0.0053041722872848585,0.0405687825892731
84,barr_put,put,0.8,1.0,1.0,0.07059975650817733,0.4444650724344366,1.743,0.0049510413549835874,0.0035274061434270067,0.00410709173825827,0.005950010030004072,-0.004860284185811319,0.0161594914718393,0.009484288759196643,1000,10000,100000,0.001,9634,1000,10000,100000,9634,0.01,0.0007059975650817733,0.004444650724344366,0.01743,0.0014236352115565808,0.0008439496167253176,0.0009989686750204842,0.009811325540794906,0.011208450116855711,0.004533247404213056
85,van_call,call,,1.0,1.0,0.014983371598992724,0.03200382627219931,1.591,0.7293058752110395,0.7849454265260555,0.77073199791853,0.7685355878049263,0.7801226570710255,0.7656761870697567,0.7664146066619151,1000,10000,100000,0.001,9734,1000,10000,100000,9734,0.01,0.00014983371598992725,0.0003200382627219931,0.01591,0.05563955131501597,0.041426122707490465,0.039229712593886745,0.05081678185998595,0.0363703118587172,0.037108731450875565
85,van_put,put,,1.0,1.0,0.014983371598992724,0.03200382627219931,1.591,-0.2706941247889605,-0.21502793798240807,-0.2292705860721763,-0.2314583048597326,-0.21989621652670688,-0.23428039374218382,-0.23357352976560156,1000,10000,100000,0.001,9734,1000,10000,100000,9734,0.01,0.00014983371598992725,0.0003200382627219931,0.01591,0.055666186806552415,0.0414235387167842,0.039235819929227894,0.05079790826225361,0.03641373104677667,0.03712059502335893
85,barr_call,call,0.8,1.0,1.0,0.014983371598992724,0.03200382627219931,1.591,0.7680106218622029,0.769083994839772,0.768276180830358,0.7676421167203015,0.7801226570710255,0.7656761870697567,0.7664146066619151,1000,10000,100000,0.001,9734,1000,10000,100000,9734,0.01,0.00014983371598992725,0.0003200382627219931,0.01591,0.0010733729775690426,0.0002655589681550552,0.000368505141901454,0.012112035208822536,0.002334434792446216,0.001596015200287848
85,barr_put,put,0.8,1.0,1.0,0.014983371598992724,0.03200382627219931,1.591,-0.23198935982263347,-0.23089257232382496,-0.23173267161027575,-0.23235822001360365,-0.21989621652670688,-0.23428039374218382,-0.23357352976560156,1000,10000,100000,0.001,9734,1000,10000,100000,9734,0.01,0.00014983371598992725,0.0003200382627219931,0.01591,0.0010967874988085102,0.00025668821235771966,0.00036886019097018274,0.01209314329592659,0.0022910339195503504,0.0015841699429680889
86,van_call,call,,1.0,1.0,0.07460634091367167,0.36387652043340446,2.62,0.734462590412627,0.7519331131957185,0.7418873187621633,0.7404560277976424,0.7342924881549695,0.7369445669864694,0.7419423384628421,1000,10000,100000,0.001,9834,1000,10000,100000,9834,0.01,0.0007460634091367167,0.003638765204334045,0.0262,0.01747052278309158,0.007424728349536336,0.005993437385015454,0.00017010225765745624,0.002481976573842415,0.007479748050215118
86,van_put,put,,1.0,1.0,0.07460634091367167,0.36387652043340446,2.62,-0.26553740958737304,-0.2581171860724263,-0.2613939766478779,-0.2619800295746627,-0.26156433861873885,-0.25996745381400566,-0.26060596262695024,1000,10000,100000,0.001,9834,1000,10000,100000,9834,0.01,0.0007460634091367167,0.003638765204334045,0.0262,0.0074202235149467555,0.004143432939495151,0.0035573800127103317,0.003973070968634196,0.0055699557733673855,0.004931446960422803
86,barr_call,call,0.8,1.0,1.0,0.07460634091367167,0.36387652043340446,2.62,1.0220051651938649,0.7958753258555773,1.0842301340277776,0.9990091938126167,1.2597570536793445,1.0978699459305408,0.9885905719715038,1000,10000,100000,0.001,9834,1000,10000,100000,9834,0.01,0.0007460634091367167,0.003638765204334045,0.0262,0.22612983933828756,0.06222496883391271,0.022995971381248204,0.23775188848547968,0.07586478073667591,0.033414593222361066
86,barr_put,put,0.8,1.0,1.0,0.07460634091367167,0.36387652043340446,2.62,0.004230085252550364,0.003399650259908193,0.005011383585413792,0.00364163342317298,0.0030054761486472898,0.005863752883753697,0.006780900784305222,1000,10000,100000,0.001,9834,1000,10000,100000,9834,0.01,0.0007460634091367167,0.003638765204334045,0.0262,0.0008304349926421708,0.0007812983328634284,0.0005884518293773839,0.0012246091039030743,0.0016336676312033328,0.0025508155317548577
87,van_call,call,,1.0,1.0,0.08310069924335378,0.7309910696189285,2.189,0.7608242413208444,0.7689239626451183,0.7700904345396997,0.7645631198722469,0.7439753204957322,0.7649350313015724,0.7562937470219744,1000,10000,100000,0.001,9934,1000,10000,100000,9934,0.01,0.0008310069924335378,0.007309910696189284,0.02189,0.008099721324273945,0.009266193218855356,0.0037388785514025358,0.016848920825112135,0.004110789980728002,0.00453049429886998
87,van_put,put,,1.0,1.0,0.08310069924335378,0.7309910696189285,2.189,-0.23917575867915564,-0.23518079575365336,-0.2337872337833946,-0.2370346285227587,-0.24545669862989228,-0.23545636245237422,-0.238512365806004,1000,10000,100000,0.001,9934,1000,10000,100000,9934,0.01,0.0008310069924335378,0.007309910696189284,0.02189,0.003994962925502277,0.0053885248957610266,0.002141130156396942,0.0062809399507366415,0.003719396226781413,0.000663392873151647
87,barr_call,call,0.8,1.0,1.0,0.08310069924335378,0.7309910696189285,2.189,1.0477003501473763,0.562218031265499,1.104778400891876,1.0383426026773306,1.0350012528726582,1.0248319669162425,1.0467755617286216,1000,10000,100000,0.001,9934,1000,10000,100000,9934,0.01,0.0008310069924335378,0.007309910696189284,0.02189,0.4854823188818773,0.057078050744499675,0.009357747470045696,0.012699097274718074,0.022868383231133826,0.0009247884187546518
87,barr_put,put,0.8,1.0,1.0,0.08310069924335378,0.7309910696189285,2.189,0.0008950664202589387,-0.0017982158393264017,0.0008300670083298268,0.0006345415237465744,-0.004713260151956909,0.003107708313821703,0.0014850205638431014,1000,10000,100000,0.001,9934,1000,10000,100000,9934,0.01,0.0008310069924335378,0.007309910696189284,0.02189,0.00269328225958534,6.499941192911185e-05,0.0002605248965123643,0.005608326572215848,0.002212641893562764,0.0005899541435841627
88,van_call,call,,1.0,1.0,0.06337257689509791,0.47609100651055797,2.72,0.7297727005569916,0.7300305495991755,0.7359892392701406,0.7318316507666678,0.718950202032903,0.74242089528192,0.7330346246676445,1000,10000,100000,0.001,10034,1000,10000,100000,10034,0.01,0.0006337257689509791,0.00476091006510558,0.027200000000000002,0.0002578490421838442,0.006216538713148978,0.002058950209676169,0.010822498524088564,0.012648194724928397,0.0032619241106528474
88,van_put,put,,1.0,1.0,0.06337257689509791,0.47609100651055797,2.72,-0.2702272994430084,-0.2671076191798849,-0.2674444745989768,-0.2670500105416612,-0.2780538438973579,-0.26467928619683667,-0.26697568671724403,1000,10000,100000,0.001,10034,1000,10000,100000,10034,0.01,0.0006337257689509791,0.00476091006510558,0.027200000000000002,0.003119680263123481,0.002782824844031584,0.003177288901347164,0.007826544454349493,0.005548013246171712,0.0032516127257643523
88,barr_call,call,0.8,1.0,1.0,0.06337257689509791,0.47609100651055797,2.72,1.0264114119435397,0.9015564731716635,1.0668332252062651,1.0536318339382205,0.8714507617700928,1.0439629909249126,1.0521302002033994,1000,10000,100000,0.001,10034,1000,10000,100000,10034,0.01,0.0006337257689509791,0.00476091006510558,0.027200000000000002,0.12485493877187614,0.040421813262725426,0.027220421994680777,0.15496065017344685,0.01755157898137294,0.025718788259859737
88,barr_put,put,0.8,1.0,1.0,0.06337257689509791,0.47609100651055797,2.72,0.0022390995356558197,-0.005428816534028247,-0.0020259605048597714,0.002221132553187333,0.051191434319127725,0.009029971288761261,0.004622313424625568,1000,10000,100000,0.001,10034,1000,10000,100000,10034,0.01,0.0006337257689509791,0.00476091006510558,0.027200000000000002,0.007667916069684067,0.004265060040515591,1.7966982468486676e-05,0.048952334783471906,0.006790871753105441,0.002383213888969748
89,van_call,call,,1.0,1.0,0.04383098811224276,0.3450725531518807,0.905,0.6121671998912932,0.611470712322279,0.6166293767713993,0.6184220365478305,0.6092299308013055,0.6161787934341495,0.6197448832848867,1000,10000,100000,0.001,10134,1000,10000,100000,10134,0.01,0.0004383098811224276,0.003450725531518807,0.00905,0.0006964875690141925,0.0044621768801060835,0.006254836656537255,0.002937269089987704,0.0040115935428562954,0.007577683393593548
89,van_put,put,,1.0,1.0,0.04383098811224276,0.3450725531518807,0.905,-0.3878328001087068,-0.388154327882026,-0.38265308603974285,-0.3819804868974472,-0.38222611325055694,-0.38191103703884566,-0.38052040521351777,1000,10000,100000,0.001,10134,1000,10000,100000,10134,0.01,0.0004383098811224276,0.003450725531518807,0.00905,0.0003215277733191746,0.005179714068963948,0.005852313211259619,0.005606686858149856,0.005921763069861141,0.007312394895189034
89,barr_call,call,0.8,1.0,1.0,0.04383098811224276,0.3450725531518807,0.905,0.7072331151920352,0.8291683461656707,0.6791427655790272,0.7047417385872584,0.696047748773887,0.7002325337312598,0.6833501774419021,1000,10000,100000,0.001,10134,1000,10000,100000,10134,0.01,0.0004383098811224276,0.003450725531518807,0.00905,0.12193523097363546,0.028090349613008048,0.0024913766047768293,0.011185366418148268,0.0070005814607754235,0.02388293775013317
89,barr_put,put,0.8,1.0,1.0,0.04383098811224276,0.3450725531518807,0.905,0.016173608139202766,0.03574690531282093,0.020990699303285835,0.0157651440591826,0.06176030811275452,0.03560728184521557,0.026748672475162844,1000,10000,100000,0.001,10134,1000,10000,100000,10134,0.01,0.0004383098811224276,0.003450725531518807,0.00905,0.019573297173618165,0.004817091164083069,0.00040846408002016485,0.045586699973551754,0.019433673706012802,0.010575064335960078
90,van_call,call,,1.0,1.0,0.015257277467450536,0.6412395545610228,0.844,0.624154556794972,0.6623876190179345,0.6283585152460691,0.6308675170766387,0.6468003979744397,0.6214306576063866,0.6283975537204473,1000,10000,100000,0.001,10234,1000,10000,100000,10234,0.01,0.00015257277467450536,0.0064123955456102276,0.00844,0.03823306222296252,0.004203958451097112,0.00671296028166668,0.022645841179467663,0.002723899188585399,0.004242996925475251
90,van_put,put,,1.0,1.0,0.015257277467450536,0.6412395545610228,0.844,-0.375845443205028,-0.3529935170955595,-0.3695272775130459,-0.3704760312562644,-0.3679627378350314,-0.37699204703015576,-0.37147707795675833,1000,10000,100000,0.001,10234,1000,10000,100000,10234,0.01,0.00015257277467450536,0.0064123955456102276,0.00844,0.022851926109468512,0.0063181656919820695,0.005369411948763614,0.007882705369996579,0.0011466038251277677,0.004368365248269668
90,barr_call,call,0.8,1.0,1.0,0.015257277467450536,0.6412395545610228,0.844,0.8142151886353449,0.6381555977691883,0.7716643218158514,0.8254318266963878,0.7237657705858547,0.8280794467564995,0.8066432959596026,1000,10000,100000,0.001,10234,1000,10000,100000,10234,0.01,0.00015257277467450536,0.0064123955456102276,0.00844,0.17605959086615663,0.042550866819493494,0.011216638061042894,0.09044941804949025,0.013864258121154549,0.00757189267574232
90,barr_put,put,0.8,1.0,1.0,0.015257277467450536,0.6412395545610228,0.844,0.005948250615034345,0.0062488473102425375,0.007631769764991007,0.005996084387726924,0.01816699345351853,0.014033881138623255,0.012302098194915019,1000,10000,100000,0.001,10234,1000,10000,100000,10234,0.01,0.00015257277467450536,0.0064123955456102276,0.00844,0.0003005966952081924,0.0016835191499566622,4.783377269257892e-05,0.012218742838484186,0.00808563052358891,0.006353847579880674
91,van_call,call,,1.0,1.0,0.056840961524719014,0.12707911629278507,2.129,0.7719708932429369,0.7759081173087018,0.7787224533216924,0.7795359275728247,0.775667849011516,0.7760507286060953,0.7797092091460261,1000,10000,100000,0.001,10334,1000,10000,100000,10334,0.01,0.0005684096152471902,0.0012707911629278507,0.02129,0.0039372240657649105,0.006751560078755547,0.007565034329887865,0.003696955768579091,0.004079835363158368,0.007738315903089266
91,van_put,put,,1.0,1.0,0.056840961524719014,0.12707911629278507,2.129,-0.22802910675706312,-0.22336430992777842,-0.22059244114451051,-0.22053955592488197,-0.22551476093277192,-0.22391095752754692,-0.22024983643868998,1000,10000,100000,0.001,10334,1000,10000,100000,10334,0.01,0.0005684096152471902,0.0012707911629278507,0.02129,0.004664796829284695,0.007436665612552601,0.007489550832181141,0.002514345824291192,0.004118149229516199,0.007779270318373138
91,barr_call,call,0.8,1.0,1.0,0.056840961524719014,0.12707911629278507,2.129,0.7904442697623609,0.7887017914604388,0.7958455734479924,0.7874406473289991,0.7728873509901923,0.7844753999613069,0.7890488307048332,1000,10000,100000,0.001,10334,1000,10000,100000,10334,0.01,0.0005684096152471902,0.0012707911629278507,0.02129,0.0017424783019220902,0.00540130368563152,0.00300362243336183,0.017556918772168584,0.005968869801054044,0.0013954390575277031
91,barr_put,put,0.8,1.0,1.0,0.056840961524719014,0.12707911629278507,2.129,-0.04821167941290311,-0.04310865261346539,-0.06096621185513115,-0.04529154861920015,-0.06708364062215383,-0.03902054675118394,-0.04773328549102212,1000,10000,100000,0.001,10334,1000,10000,100000,10334,0.01,0.0005684096152471902,0.0012707911629278507,0.02129,0.005103026799437721,0.012754532442228045,0.0029201307937029575,0.01887196120925072,0.00919113266171917,0.0004783939218809888
92,van_call,call,,1.0,1.0,0.052822427758506055,0.17229379570328548,2.715,0.7412202390265366,0.7577916438653659,0.7484589223289928,0.747831989436451,0.7498243751838218,0.7487670207588087,0.7492485753382072,1000,10000,100000,0.001,10434,1000,10000,100000,10434,0.01,0.0005282242775850606,0.0017229379570328548,0.02715,0.01657140483882935,0.00723868330245625,0.006611750409914463,0.00860413615728528,0.00754678173227219,0.008028336311670659
92,van_put,put,,1.0,1.0,0.052822427758506055,0.17229379570328548,2.715,-0.25877976097346345,-0.24103832924928445,-0.2516881271270213,-0.2520530027418394,-0.2517413708417446,-0.25260442509464076,-0.25150027079428317,1000,10000,100000,0.001,10434,1000,10000,100000,10434,0.01,0.0005282242775850606,0.0017229379570328548,0.02715,0.017741431724178996,0.007091633846442125,0.006726758231624053,0.0070383901317188635,0.006175335878822685,0.007279490179180281
92,barr_call,call,0.8,1.0,1.0,0.052822427758506055,0.17229379570328548,2.715,0.8290814106220346,0.8433134696778921,0.7896935201664679,0.8353605207247095,0.7528131120506154,0.8310741229051677,0.8239992727841983,1000,10000,100000,0.001,10434,1000,10000,100000,10434,0.01,0.0005282242775850606,0.0017229379570328548,0.02715,0.01423205905585756,0.039387890455566676,0.006279110102674901,0.07626829857141915,0.0019927122831331356,0.005082137837836287
92,barr_put,put,0.8,1.0,1.0,0.052822427758506055,0.17229379570328548,2.715,0.0029445961371901697,0.08031707256778708,-0.002916137536109961,0.0004817738230948436,-0.007698740872967048,0.01688527398995181,0.0023024731774841205,1000,10000,100000,0.001,10434,1000,10000,100000,10434,0.01,0.0005282242775850606,0.0017229379570328548,0.02715,0.07737247643059691,0.005860733673300131,0.002462822314095326,0.010643337010157218,0.013940677852761641,0.0006421229597060492
93,van_call,call,,1.0,1.0,0.09514287637535933,0.7373494071948331,2.953,0.8038010094474809,0.8370417304563893,0.7932522416596144,0.8072391638814347,0.8424916226425605,0.8401648571742304,0.821429219563663,1000,10000,100000,0.001,10534,1000,10000,100000,10534,0.01,0.0009514287637535933,0.007373494071948331,0.02953,0.0332407210089084,0.010548767787866509,0.0034381544339537884,0.038690613195079604,0.0363638477267495,0.017628210116182097
93,van_put,put,,1.0,1.0,0.09514287637535933,0.7373494071948331,2.953,-0.1961989905525191,-0.19608025068455492,-0.19656841356820998,-0.19520906396166549,-0.1904302268114444,-0.19248246095758814,-0.19448743971221538,1000,10000,100000,0.001,10534,1000,10000,100000,10534,0.01,0.0009514287637535933,0.007373494071948331,0.02953,0.00011873986796417935,0.0003694230156908729,0.0009899265908536181,0.005768763741074712,0.003716529594930962,0.0017115508403037216
93,barr_call,call,0.8,1.0,1.0,0.09514287637535933,0.7373494071948331,2.953,1.1079940046805319,0.7505364721344887,1.2160952775720657,1.1844590836302265,0.5683158410251049,1.040658232123376,1.0680663592068207,1000,10000,100000,0.001,10534,1000,10000,100000,10534,0.01,0.0009514287637535933,0.007373494071948331,0.02953,0.3574575325460432,0.10810127289153382,0.07646507894969456,0.539678163655427,0.06733577255715595,0.03992764547371119
93,barr_put,put,0.8,1.0,1.0,0.09514287637535933,0.7373494071948331,2.953,0.00050277713000077,0.003202698426125661,0.0005136684902197401,0.0009627041410543676,-0.0021198758968224716,-0.0010111300115889941,0.00040548901259968625,1000,10000,100000,0.001,10534,1000,10000,100000,10534,0.01,0.0009514287637535933,0.007373494071948331,0.02953,0.002699921296124891,1.0891360218970173e-05,0.00045992701105359766,0.0026226530268232415,0.001513907141589764,9.728811740108371e-05
94,van_call,call,,1.0,1.0,0.048035917851001614,0.12790236417883,1.959,0.7307783025305474,0.7402687831762456,0.7459895634901487,0.7403705568708341,0.7411287547612194,0.7429217677302702,0.7405577574390045,1000,10000,100000,0.001,10634,1000,10000,100000,10634,0.01,0.00048035917851001615,0.0012790236417883,0.01959,0.00949048064569813,0.015211260959601236,0.009592254340286654,0.010350452230671991,0.012143465199722758,0.009779454908457108
94,van_put,put,,1.0,1.0,0.048035917851001614,0.12790236417883,1.959,-0.26922169746945257,-0.25893745981759586,-0.2534938136460177,-0.2596016995369779,-0.2616374832226882,-0.2576584727855116,-0.25943012421578426,1000,10000,100000,0.001,10634,1000,10000,100000,10634,0.01,0.00048035917851001615,0.0012790236417883,0.01959,0.010284237651856709,0.015727883823434874,0.009619997932474644,0.007584214246764365,0.011563224683940942,0.009791573253668306
94,barr_call,call,0.8,1.0,1.0,0.048035917851001614,0.12790236417883,1.959,0.7476498377117308,0.7303804101784439,0.7482485818940079,0.7492830835055738,0.7377366780323302,0.744311963110962,0.7465579763308916,1000,10000,100000,0.001,10634,1000,10000,100000,10634,0.01,0.00048035917851001615,0.0012790236417883,0.01959,0.017269427533286863,0.0005987441822771222,0.0016332457938430522,0.00991315967940054,0.003337874600768731,0.0010918613808391653
94,barr_put,put,0.8,1.0,1.0,0.048035917851001614,0.12790236417883,1.959,-0.05622195507386796,-0.059984659333708716,-0.055892733513404624,-0.05759773005253963,0.0033001882049464235,-0.0490516877195599,-0.053420207167364196,1000,10000,100000,0.001,10634,1000,10000,100000,10634,0.01,0.00048035917851001615,0.0012790236417883,0.01959,0.0037627042598407587,0.00032922156046333306,0.0013757749786716747,0.05952214327881438,0.007170267354308056,0.002801747906503761
95,van_call,call,,1.0,1.0,0.05025595633825504,0.3702802250716802,1.057,0.6292554886025303,0.6329128012212942,0.6301367620552084,0.6337153446965171,0.6261301895904847,0.6338961804821741,0.6356031158892272,1000,10000,100000,0.001,10734,1000,10000,100000,10734,0.01,0.0005025595633825504,0.0037028022507168017,0.01057,0.003657312618763897,0.0008812734526780774,0.004459856093986803,0.0031252990120456126,0.004640691879643777,0.006347627286696911
95,van_put,put,,1.0,1.0,0.05025595633825504,0.3702802250716802,1.057,-0.37074451139746967,-0.36690581623444185,-0.36820349653458734,-0.3662938713358682,-0.3676849082819275,-0.3653322199932335,-0.3640294100219557,1000,10000,100000,0.001,10734,1000,10000,100000,10734,0.01,0.0005025595633825504,0.0037028022507168017,0.01057,0.0038386951630278165,0.0025410148628823293,0.004450640061601452,0.0030596031155421533,0.005412291404236158,0.006715101375513954
95,barr_call,call,0.8,1.0,1.0,0.05025595633825504,0.3702802250716802,1.057,0.759983082128296,0.7494757891605086,0.7369385980447812,0.7539554665868808,0.8091919468668829,0.7438536246631433,0.7502899580895728,1000,10000,100000,0.001,10734,1000,10000,100000,10734,0.01,0.0005025595633825504,0.0037028022507168017,0.01057,0.010507292967787407,0.023044484083514782,0.006027615541415177,0.04920886473858688,0.016129457465152708,0.009693124038723244
95,barr_put,put,0.8,1.0,1.0,0.05025595633825504,0.3702802250716802,1.057,0.01324170436872718,-0.007172006923232468,0.021484399963183406,0.015942159593969676,-0.001797104128627592,0.022869958268494257,0.020231353000271183,1000,10000,100000,0.001,10734,1000,10000,100000,10734,0.01,0.0005025595633825504,0.0037028022507168017,0.01057,0.02041371129195965,0.008242695594456225,0.0027004552252424957,0.015038808497354773,0.009628253899767077,0.006989648631544002
96,van_call,call,,1.0,1.0,0.05368781929244098,0.6047296708311903,1.859,0.7030894001736422,0.7085909078828723,0.6969086320355755,0.6992400325648351,0.6904919177662228,0.6908668215839575,0.7048542402799951,1000,10000,100000,0.001,10834,1000,10000,100000,10834,0.01,0.0005368781929244098,0.006047296708311904,0.01859,0.00550150770923008,0.006180768138066672,0.0038493676088070528,0.012597482407419425,0.012222578589684674,0.0017648401063529162
96,van_put,put,,1.0,1.0,0.05368781929244098,0.6047296708311903,1.859,-0.2969105998263578,-0.28677768939350257,-0.2984749673611342,-0.29532423116476747,-0.29292664768647003,-0.2954349969705672,-0.2947067665332537,1000,10000,100000,0.001,10834,1000,10000,100000,10834,0.01,0.0005368781929244098,0.006047296708311904,0.01859,0.010132910432855247,0.0015643675347764008,0.0015863686615903427,0.003983952139887781,0.0014756028557906253,0.0022038332931041404
96,barr_call,call,0.8,1.0,1.0,0.05368781929244098,0.6047296708311903,1.859,0.9633659716592247,1.2106209591090822,0.8232988820839088,0.9057437231022536,0.34351034300750816,0.9030731710183926,0.9267568431298334,1000,10000,100000,0.001,10834,1000,10000,100000,10834,0.01,0.0005368781929244098,0.006047296708311904,0.01859,0.24725498744985752,0.14006708957531588,0.05762224855697107,0.6198556286517165,0.06029280064083209,0.036609128529391244
96,barr_put,put,0.8,1.0,1.0,0.05368781929244098,0.6047296708311903,1.859,0.00214607063204475,0.0027389113368457745,0.0015496375452456385,0.002246823277277755,0.016058426725639667,0.0035683660179522,0.004676768143640748,1000,10000,100000,0.001,10834,1000,10000,100000,10834,0.01,0.0005368781929244098,0.006047296708311904,0.01859,0.0005928407048010247,0.0005964330867991112,0.000100752645233005,0.013912356093594917,0.0014222953859074502,0.0025306975115959984
97,van_call,call,,1.0,1.0,0.08192020670641584,0.10400133441679159,2.484,0.9071493033845877,0.92723768143472,0.915702620850184,0.9122150877954621,0.9242974572886087,0.9147537903403946,0.9137775400780507,1000,10000,100000,0.001,10934,1000,10000,100000,10934,0.01,0.0008192020670641584,0.001040013344167916,0.02484,0.020088378050132305,0.008553317465596288,0.005065784410874463,0.017148153904021024,0.007604486955806955,0.006628236693463019
97,van_put,put,,1.0,1.0,0.08192020670641584,0.10400133441679159,2.484,-0.09285069661541234,-0.07063790828331717,-0.08386056963515467,-0.08781297402964457,-0.07434516552656395,-0.08568343698100792,-0.08667617590360638,1000,10000,100000,0.001,10934,1000,10000,100000,10934,0.01,0.0008192020670641584,0.001040013344167916,0.02484,0.022212788332095168,0.008990126980257668,0.005037722585767776,0.018505531088848393,0.007167259634404427,0.006174520711805964
97,barr_call,call,0.8,1.0,1.0,0.08192020670641584,0.10400133441679159,2.484,0.9158777513356892,0.9159998366850469,0.9147881173248384,0.9153549111187126,0.9287860201386444,0.918387678303223,0.9164059996884993,1000,10000,100000,0.001,10934,1000,10000,100000,10934,0.01,0.0008192020670641584,0.001040013344167916,0.02484,0.00012208534935775894,0.0010896340108507152,0.0005228402169765722,0.012908268802955258,0.0025099269675338265,0.0005282483528101789
97,barr_put,put,0.8,1.0,1.0,0.08192020670641584,0.10400133441679159,2.484,-0.044306724912028354,-0.04588918250171721,-0.03594149114253889,-0.042427919412271836,-0.0626718019444002,-0.050738760959405986,-0.04670124275112462,1000,10000,100000,0.001,10934,1000,10000,100000,10934,0.01,0.0008192020670641584,0.001040013344167916,0.02484,0.0015824575896888557,0.008365233769489465,0.0018788054997565182,0.018365077032371842,0.006432036047377632,0.0023945178390962635
98,van_call,call,,1.0,1.0,0.005711563808885989,0.802571808154873,1.921,0.7143188900905515,0.6500747937540075,0.709663543884248,0.7126425368717104,0.7133050643313099,0.7713248819291585,0.7703580323548009,1000,10000,100000,0.001,11034,1000,10000,100000,11034,0.01,5.711563808885989e-05,0.008025718081548729,0.01921,0.06424409633654404,0.004655346206303479,0.0016763532188410757,0.0010138257592415822,0.057005991838606995,0.05603914226424944
98,van_put,put,,1.0,1.0,0.005711563808885989,0.802571808154873,1.921,-0.2856811099094485,-0.29209242669974156,-0.2785912375882049,-0.28456369864846565,-0.29623032919249837,-0.2814387097896609,-0.28080200397239685,1000,10000,100000,0.001,11034,1000,10000,100000,11034,0.01,5.711563808885989e-05,0.008025718081548729,0.01921,0.0064113167902930535,0.007089872321243584,0.001117411260982859,0.01054921928304986,0.004242400119787604,0.004879105937051653
98,barr_call,call,0.8,1.0,1.0,0.005711563808885989,0.802571808154873,1.921,0.9300479455108729,0.4043894861793851,0.9516455861583284,0.9012114018850603,1.2953072401253762,0.8236497197170706,1.0487458601034227,1000,10000,100000,0.001,11034,1000,10000,100000,11034,0.01,5.711563808885989e-05,0.008025718081548729,0.01921,0.5256584593314878,0.021597640647455507,0.02883654362581256,0.36525929461450335,0.10639822579380231,0.11869791459254986
98,barr_put,put,0.8,1.0,1.0,0.005711563808885989,0.802571808154873,1.921,0.0009499276825489233,-0.0019379065859541106,0.0012871830219513788,0.0013112141935735428,0.005788935255042338,0.0024747971900588722,0.000982975632248087,1000,10000,100000,0.001,11034,1000,10000,100000,11034,0.01,5.711563808885989e-05,0.008025718081548729,0.01921,0.0028878342685030338,0.0003372553394024554,0.0003612865110246195,0.004839007572493415,0.0015248695075099489,3.3047949699163736e-05
99,van_call,call,,1.0,1.0,0.06694217430745489,0.9456076826062823,0.442,0.6410996877764465,0.6275687025520227,0.6496246174980569,0.6412631747424125,0.5193580698162059,0.5010460981621917,0.4972485846852004,1000,10000,100000,0.001,11134,1000,10000,100000,11134,0.01,0.0006694217430745488,0.009456076826062823,0.00442,0.013530985224423864,0.008524929721610341,0.00016348696596590884,0.12174161796024063,0.14005358961425485,0.14385110309124616
99,van_put,put,,1.0,1.0,0.06694217430745489,0.9456076826062823,0.442,-0.35890031222355345,-0.36604675018942767,-0.35500636614484715,-0.3574358442080927,-0.39004441756172736,-0.4042232478809693,-0.40559903276349285,1000,10000,100000,0.001,11134,1000,10000,100000,11134,0.01,0.0006694217430745488,0.009456076826062823,0.00442,0.007146437965874219,0.0038939460787063007,0.0014644680154607403,0.03114410533817391,0.04532293565741585,0.0466987205399394
99,barr_call,call,0.8,1.0,1.0,0.06694217430745489,0.9456076826062823,0.442,0.8474514314109061,0.711963130691623,0.7913051117817677,0.8294861628738326,0.5266992058691577,0.59776623474556,0.5295274492396418,1000,10000,100000,0.001,11134,1000,10000,100000,11134,0.01,0.0006694217430745488,0.009456076826062823,0.00442,0.13548830071928308,0.05614631962913841,0.017965268537073475,0.3207522255417483,0.24968519666534605,0.3179239821712643
99,barr_put,put,0.8,1.0,1.0,0.06694217430745489,0.9456076826062823,0.442,0.004901099256843233,0.0019735555179475743,0.008492974493998131,0.004564542699247759,0.031583761358424785,0.00920571517015697,0.009265424288308621,1000,10000,100000,0.001,11134,1000,10000,100000,11134,0.01,0.0006694217430745488,0.009456076826062823,0.00442,0.002927543738895659,0.0035918752371548977,0.00033655655759547414,0.02668266210158155,0.004304615913313737,0.004364325031465388
